# Blender 4.2.3 LTS
# www.blender.org
o Human
v -0.035695 1.259903 0.143221
v -0.029499 1.259912 0.144132
v -0.036217 1.261165 0.143648
v -0.030186 1.261063 0.145129
v -0.040917 1.258268 0.139657
v -0.041020 1.260608 0.140898
v -0.043789 1.258456 0.137579
v -0.045594 1.257796 0.134617
v -0.043391 1.255778 0.133637
v -0.042788 1.255320 0.134126
v -0.043942 1.251748 0.133967
v -0.038399 1.251729 0.140461
v -0.034397 1.251622 0.142662
v -0.028806 1.251814 0.143284
v -0.020435 1.249095 0.141443
v -0.023105 1.251111 0.141950
v -0.021899 1.252472 0.141153
v -0.023884 1.260242 0.144254
v -0.021323 1.257662 0.142409
v -0.016771 1.254556 0.140727
v -0.015799 1.253072 0.140853
v -0.046636 1.252753 0.131834
v -0.040072 1.246285 0.135921
v -0.035363 1.245868 0.138602
v -0.029285 1.245473 0.140166
v -0.024660 1.246298 0.140931
v -0.012719 1.252852 0.141186
v -0.043034 1.262953 0.139736
v -0.047099 1.255668 0.131811
v -0.034752 1.264196 0.143845
v -0.028478 1.264968 0.145041
v -0.020250 1.262813 0.144715
v -0.018477 1.258304 0.142824
v -0.011919 1.255405 0.141404
v -0.013903 1.261028 0.143813
v -0.008266 1.260089 0.146626
v -0.006029 1.253536 0.146416
v -0.007795 1.240887 0.152507
v -0.004266 1.259042 0.147649
v -0.007647 1.245330 0.148971
v -0.001839 1.245683 0.151230
v -0.001426 1.252509 0.148550
v 0.000034 1.257331 0.148185
v -0.050587 1.256746 0.130735
v -0.033634 1.265918 0.145513
v -0.050882 1.261088 0.133059
v -0.018439 1.224173 0.145946
v -0.004049 1.234235 0.158467
v 0.000026 1.266942 0.150745
v -0.045681 1.265927 0.140654
v -0.012100 1.265757 0.148636
v -0.037048 1.269551 0.146481
v -0.025059 1.269969 0.149626
v -0.021421 1.229737 0.143931
v -0.033779 1.240389 0.138650
v -0.041293 1.235368 0.137338
v -0.051373 1.254058 0.129460
v -0.048544 1.243499 0.131511
v -0.009707 1.234397 0.153877
v -0.004064 1.224852 0.165246
v -0.029887 1.274144 0.149939
v -0.041683 1.274684 0.144693
v -0.048148 1.272568 0.139718
v -0.015890 1.271852 0.151330
v -0.056518 1.257048 0.124718
v -0.053041 1.248626 0.127583
v -0.048326 1.227427 0.135062
v -0.033283 1.281737 0.147590
v -0.014329 1.336839 0.126098
v -0.007336 1.275404 0.152452
v -0.025571 1.285620 0.149755
v -0.049850 1.280752 0.135213
v -0.015441 1.284427 0.152099
v -0.000841 1.282861 0.152334
v -0.056167 1.292403 0.117128
v -0.017776 1.300393 0.147842
v 0.000045 1.307324 0.146482
v -0.040593 1.314303 0.129770
v -0.030150 1.318663 0.134762
v -0.049596 1.306395 0.123907
v -0.058285 1.312176 0.100463
v -0.018761 1.315828 0.141303
v -0.000421 1.318313 0.141483
v -0.058018 1.264813 0.124324
v -0.052236 1.269128 0.134107
v -0.055500 1.245410 0.125132
v -0.054931 1.274238 0.129653
v -0.066004 1.232819 0.094130
v -0.063722 1.208586 0.085750
v -0.061032 1.289912 0.100948
v -0.062709 1.298574 0.088795
v -0.007221 1.212638 0.162766
v -0.011018 1.214555 0.162003
v -0.007864 1.217601 0.165604
v -0.010983 1.221116 0.162479
v -0.008251 1.226895 0.161752
v -0.013603 1.224113 0.156442
v -0.016539 1.224532 0.148796
v -0.009453 1.212273 0.153727
v -0.015137 1.216158 0.157892
v -0.017848 1.212499 0.147090
v -0.006746 1.221131 0.165792
v -0.001570 1.219792 0.167975
v -0.001491 1.213655 0.167349
v 0.000781 1.215491 0.168024
v -0.001657 1.208475 0.158902
v -0.001180 1.211208 0.164984
v -0.005283 1.210521 0.158266
v -0.006101 1.208029 0.156344
v -0.015891 1.211911 0.150035
v -0.012070 1.211868 0.152325
v -0.013837 1.213153 0.153393
v -0.006900 1.212039 0.159694
v -0.007641 1.213410 0.155945
v -0.012470 1.217391 0.161654
v -0.018120 1.216162 0.149838
v -0.002756 1.206311 0.157274
v 0.001538 1.206436 0.157587
v -0.012054 1.213720 0.155408
v -0.011753 1.212915 0.153742
v -0.010103 1.212976 0.159588
v -0.007498 1.196664 0.160507
v -0.003011 1.195400 0.161911
v -0.014963 1.209708 0.150327
v -0.025350 1.184802 0.146691
v -0.017495 1.175776 0.150644
v -0.026454 1.199282 0.146814
v -0.026215 1.192816 0.147711
v -0.028827 1.182200 0.144102
v -0.008545 1.214409 0.157737
v -0.009371 1.214760 0.154802
v -0.026961 1.174323 0.143242
v -0.024782 1.182044 0.146690
v -0.013344 1.194319 0.158044
v -0.018787 1.191900 0.153844
v -0.024001 1.186805 0.147911
v -0.020297 1.185927 0.147259
v -0.019576 1.187973 0.145527
v -0.014768 1.186300 0.149923
v -0.023265 1.184771 0.146656
v -0.021751 1.185805 0.147354
v -0.020300 1.185749 0.146437
v -0.022918 1.183221 0.147646
v -0.022139 1.185208 0.145212
v -0.022314 1.185317 0.143030
v -0.014936 1.190626 0.156303
v -0.009279 1.193263 0.159951
v -0.014328 1.187039 0.153222
v -0.001412 1.189149 0.159470
v -0.001387 1.191924 0.161589
v -0.006663 1.186665 0.154583
v -0.011774 1.186523 0.150764
v -0.019910 1.181419 0.150432
v -0.012978 1.170033 0.149942
v -0.013106 1.176462 0.154398
v -0.013261 1.183706 0.154301
v -0.004831 1.170839 0.152241
v -0.006344 1.173903 0.155883
v -0.001054 1.184412 0.157513
v -0.006408 1.179039 0.157695
v 0.001391 1.173513 0.157107
v 0.000076 1.178411 0.158495
v -0.008581 1.190086 0.158729
v -0.009655 1.186273 0.151883
v -0.009969 1.185528 0.153442
v 0.000140 1.186211 0.152486
v -0.005104 1.186458 0.151873
v 0.000000 1.185903 0.154643
v -0.023117 1.187702 0.141544
v -0.025286 1.184133 0.138775
v -0.017206 1.185695 0.143643
v -0.008125 1.185946 0.151866
v -0.021182 1.191321 0.143064
v -0.015618 1.191174 0.145428
v -0.027086 1.186411 0.137253
v -0.025180 1.192690 0.137810
v -0.005589 1.191935 0.150333
v -0.010608 1.191210 0.148153
v -0.008737 1.183451 0.150261
v 0.003136 1.192446 0.150370
v 0.000000 1.182043 0.151432
v -0.016448 1.199635 0.147119
v -0.024900 1.179075 0.136997
v -0.006383 1.201678 0.150719
v -0.010494 1.201215 0.149601
v -0.012958 1.175353 0.145903
v -0.017934 1.176468 0.140884
v 0.000146 1.173244 0.150234
v -0.033997 1.191263 0.124053
v -0.023625 1.201107 0.141493
v -0.024851 1.174246 0.134527
v -0.004783 1.172376 0.148414
v -0.000737 1.199777 0.150719
v -0.024033 1.207779 0.141142
v -0.019302 1.208638 0.144871
v -0.021987 1.171680 0.134522
v -0.010612 1.208760 0.148312
v -0.015262 1.170872 0.137499
v -0.000300 1.204489 0.148688
v -0.002815 1.206783 0.148961
v -0.021981 1.215978 0.133415
v -0.027825 1.173788 0.125601
v -0.023209 1.169826 0.126306
v -0.005382 1.218215 0.138828
v -0.009864 1.218576 0.137801
v -0.006516 1.162660 0.132541
v -0.015994 1.168479 0.129884
v -0.000135 1.214630 0.139404
v 0.000000 1.161278 0.131423
v -0.020016 1.224360 0.122309
v -0.032687 1.212875 0.117414
v -0.036551 1.194541 0.113847
v -0.026213 1.221635 0.120655
v -0.030369 1.175937 0.112517
v -0.020613 1.168883 0.115047
v -0.005525 1.229023 0.124095
v -0.010097 1.229518 0.123117
v -0.006716 1.160071 0.113786
v -0.014437 1.162303 0.105992
v 0.000036 1.225531 0.124299
v 0.000000 1.156609 0.115048
v -0.021924 1.231343 0.101196
v -0.038018 1.210307 0.098536
v -0.039360 1.197437 0.096507
v -0.030069 1.225252 0.100875
v -0.032095 1.176729 0.096421
v -0.027399 1.172300 0.095679
v -0.007170 1.234302 0.102487
v -0.012091 1.235011 0.102307
v -0.007905 1.158668 0.096892
v -0.022923 1.165794 0.096137
v 0.000045 1.230222 0.103340
v 0.000000 1.155750 0.097205
v -0.022741 1.226832 0.080607
v -0.039080 1.208149 0.076504
v -0.037862 1.198606 0.075402
v -0.030439 1.221154 0.079328
v -0.032157 1.179720 0.075497
v -0.029948 1.172524 0.073172
v -0.007548 1.229999 0.080252
v -0.012539 1.229997 0.080444
v -0.008240 1.146915 0.064330
v -0.018387 1.159547 0.062357
v -0.026332 1.164020 0.066699
v 0.000078 1.226669 0.081907
v 0.007518 1.146518 0.064588
v -0.021526 1.217374 0.059931
v -0.034930 1.205214 0.056485
v -0.033583 1.199437 0.054129
v -0.027550 1.214523 0.059028
v -0.023027 1.186479 0.052388
v -0.008047 1.220526 0.061928
v -0.015689 1.217989 0.062131
v -0.006856 1.166143 0.052093
v -0.012082 1.167828 0.051443
v -0.017848 1.171540 0.051989
v 0.000000 1.218448 0.063474
v -0.002531 1.219385 0.061939
v 0.000000 1.165121 0.052405
v -0.015244 1.205314 0.049972
v -0.024398 1.199895 0.048553
v -0.014349 1.187687 0.049203
v -0.004004 1.206315 0.049851
v -0.009604 1.204844 0.049990
v -0.004777 1.186828 0.049053
v -0.009012 1.187720 0.049840
v 0.001259 1.203718 0.051766
v -0.001780 1.204002 0.051680
v 0.000000 1.187439 0.050511
v -0.028432 1.307506 0.141731
v -0.037281 1.302423 0.138741
v -0.046515 1.294665 0.132950
v -0.053358 1.291835 0.123558
v -0.066031 1.250087 0.096003
v -0.058392 1.281335 0.119521
v -0.007681 1.166548 0.149977
v 0.003904 1.166612 0.150631
v -0.006479 1.139789 0.123908
v -0.015021 1.143867 0.133221
v -0.014041 1.162286 0.146970
v -0.000000 1.159631 0.151556
v -0.053950 1.192210 0.112115
v -0.050771 1.170690 0.099655
v -0.063740 1.209766 0.057525
v -0.059263 1.191235 0.069593
v -0.045029 1.160937 0.076513
v -0.033664 1.151080 0.093179
v -0.051913 1.171208 0.055510
v -0.055552 1.176357 0.043255
v -0.055227 1.154145 0.035008
v -0.051270 1.131811 0.048160
v -0.057464 1.141717 0.031035
v -0.061365 1.131233 0.027357
v -0.067962 1.123635 0.022439
v -0.070862 1.105959 0.033854
v -0.078348 1.115355 0.017708
v -0.046133 1.160047 0.066794
v -0.049061 1.157601 0.056198
v -0.048684 1.143428 0.053691
v -0.044783 1.126722 0.059664
v -0.055383 1.120799 0.045049
v -0.060887 1.105853 0.044604
v -0.063774 1.094906 0.046500
v -0.048880 1.107534 0.056947
v 0.006114 1.139601 0.123520
v -0.013654 1.139280 0.106373
v 0.004676 1.137231 0.105396
v -0.028193 1.145431 0.092412
v -0.011788 1.135110 0.093642
v -0.002179 1.135158 0.094675
v -0.029932 1.142234 0.080880
v 0.000000 1.123180 0.088570
v -0.016246 1.123292 0.085148
v -0.008827 1.109151 0.085687
v -0.030368 1.076267 0.071454
v 0.001156 1.108458 0.087124
v -0.032735 1.121861 0.072170
v -0.000000 1.095195 0.082099
v -0.030837 1.089876 0.071557
v -0.016738 1.098632 0.079457
v -0.021183 1.086014 0.075302
v -0.024199 1.111920 0.078204
v -0.010976 1.083494 0.077490
v 0.003114 1.082554 0.078111
v -0.012191 1.071214 0.076058
v 0.004816 1.070630 0.076688
v -0.045524 1.081614 0.062567
v -0.055573 1.162511 0.023911
v -0.057429 1.146443 0.019806
v -0.062211 1.136572 0.016003
v -0.069267 1.127550 0.012553
v -0.078832 1.119816 0.008029
v -0.051892 1.178257 0.016451
v -0.052908 1.159564 0.011797
v -0.059003 1.140311 0.006790
v -0.065424 1.129751 0.003922
v -0.073680 1.120586 -0.000072
v -0.044494 1.181461 0.005040
v -0.046072 1.165702 0.003533
v -0.052872 1.143157 -0.001059
v -0.059392 1.131390 -0.004161
v -0.067696 1.120992 -0.008250
v -0.037382 1.186626 -0.002894
v -0.038047 1.167621 -0.004048
v -0.046349 1.140311 -0.009524
v -0.059460 1.120256 -0.015906
v -0.029741 1.186590 -0.009434
v -0.030386 1.169662 -0.010431
v -0.037600 1.139212 -0.016179
v -0.048997 1.118071 -0.022550
v -0.022087 1.184174 -0.013776
v -0.024063 1.155518 -0.016890
v -0.033062 1.123065 -0.024593
v -0.006940 1.189404 -0.018917
v -0.007900 1.177292 -0.017760
v -0.005600 1.160872 -0.019200
v 0.011730 1.145256 -0.021536
v 0.013313 1.128813 -0.025296
v -0.069305 1.234168 0.069053
v -0.053060 1.338043 0.000534
v -0.043687 1.345962 -0.003997
v -0.070258 1.300895 0.027922
v -0.067276 1.313262 0.017952
v -0.066753 1.210767 0.065686
v -0.065298 1.265420 0.085506
v -0.072845 1.277524 0.041483
v -0.073283 1.255134 0.036333
v -0.070986 1.245315 0.029134
v -0.061454 1.333507 0.031847
v -0.041362 1.355826 0.026033
v 0.000000 1.366073 0.024946
v -0.051232 1.348280 0.028616
v 0.000000 1.366948 0.059292
v -0.002397 1.363020 0.084563
v -0.033361 1.355946 0.080656
v -0.057991 1.187767 0.034686
v -0.053659 1.194878 0.017636
v -0.046389 1.194087 0.006084
v -0.031003 1.202440 -0.010690
v -0.030961 1.150972 0.118812
v -0.048572 1.164857 0.090071
v -0.054533 1.173181 0.083553
v -0.059812 1.187887 0.079926
v -0.024670 1.147846 0.126606
v -0.040599 1.158551 0.109209
v -0.006502 1.143433 0.138945
v -0.021486 1.143284 0.104025
v -0.021854 1.138112 0.089103
v -0.038761 1.152976 0.077900
v -0.039648 1.104648 0.065948
v -0.062374 1.212776 0.034647
v 0.003509 1.202389 -0.021559
v -0.067350 1.232576 0.030893
v -0.063596 1.236038 0.006067
v -0.047712 1.235720 -0.017739
v -0.034204 1.235601 -0.028880
v -0.000461 1.248255 -0.047223
v -0.068387 1.242534 0.014759
v -0.050024 1.245369 -0.020088
v -0.031505 1.251149 -0.036328
v -0.065172 1.251861 0.002083
v -0.059805 1.263141 -0.010613
v -0.049829 1.273640 -0.026571
v -0.033623 1.263184 -0.038058
v 0.000000 1.264767 -0.050060
v -0.072645 1.254349 0.030784
v -0.063704 1.269982 -0.003618
v -0.051582 1.288316 -0.024588
v -0.044494 1.279834 -0.032245
v -0.036497 1.309757 -0.036020
v 0.000119 1.297637 -0.050150
v -0.069841 1.293239 0.015562
v -0.058067 1.313920 -0.008126
v -0.048230 1.322229 -0.018236
v -0.039619 1.329622 -0.024299
v 0.000000 1.339176 -0.030758
v -0.036577 1.359097 0.057122
v -0.048508 1.350980 0.056570
v -0.045606 1.348644 0.079147
v -0.058903 1.338256 0.054684
v -0.066087 1.320850 0.057371
v -0.052963 1.321779 0.107305
v -0.067135 1.319631 0.035749
v -0.069060 1.308570 0.049050
v -0.043087 1.330555 0.114014
v -0.031888 1.335353 0.118856
v -0.016304 1.325635 0.135333
v 0.002314 1.330587 0.134089
v -0.056181 1.336277 0.078385
v -0.066057 1.304365 0.072542
v -0.060780 1.204610 0.045611
v -0.050679 1.169626 0.067871
v -0.070776 1.263558 0.015485
v -0.071257 1.285378 0.021434
v -0.071271 1.283414 0.053702
v -0.043539 1.341846 0.097743
v -0.000473 1.355469 0.104544
v 0.001456 1.340718 0.125520
v -0.031647 1.348981 0.100833
v -0.017330 1.105955 -0.032161
v -0.028043 1.335695 -0.028986
v -0.012867 1.299135 -0.046067
v -0.006808 1.202907 -0.021079
v -0.020087 1.364868 0.058520
v -0.025116 1.362899 0.024395
v -0.014262 1.263871 -0.047678
v -0.009246 1.249113 -0.045872
v -0.014107 1.148758 -0.020539
v -0.015380 1.130892 -0.024584
v -0.039641 1.149274 0.068900
v -0.038135 1.137962 0.067611
v -0.022332 1.126758 0.082515
v -0.014187 1.200962 -0.018189
v -0.020889 1.360589 0.082603
v -0.019081 1.237093 -0.037703
v -0.014927 1.172419 -0.016664
v -0.025817 1.315585 -0.039956
v -0.020039 1.249166 -0.041788
v -0.019005 1.352820 0.104065
v -0.035836 1.260398 0.137437
v -0.037762 1.259306 0.139897
v -0.042521 1.256567 0.134529
v -0.041925 1.255280 0.134677
v -0.038774 1.253262 0.138895
v -0.033224 1.252640 0.142485
v -0.025613 1.253119 0.141809
v -0.022000 1.253580 0.139743
v -0.025599 1.259040 0.141476
v -0.021391 1.257072 0.140866
v -0.020221 1.254298 0.139508
v -0.027737 1.260324 0.139542
v -0.042330 1.257978 0.131537
v -0.042440 1.255710 0.130429
v -0.039487 1.253717 0.133194
v -0.036086 1.252815 0.136423
v -0.028024 1.252723 0.139111
v -0.022272 1.253471 0.137475
v -0.021783 1.258104 0.138820
v -0.020364 1.254918 0.137877
v -0.030911 1.264977 0.140041
v -0.037938 1.263816 0.137298
v -0.043439 1.259672 0.132402
v -0.044183 1.255203 0.130886
v -0.041568 1.251008 0.133593
v -0.037681 1.248569 0.135934
v -0.028087 1.247044 0.138960
v -0.020009 1.250128 0.136522
v -0.024343 1.263237 0.140058
v -0.019034 1.259191 0.137654
v -0.017018 1.257883 0.135203
v -0.017848 1.251823 0.134993
v -0.033747 1.269375 0.134898
v -0.029504 1.269230 0.135938
v -0.037937 1.267369 0.133983
v -0.044060 1.261432 0.130450
v -0.045554 1.256434 0.128923
v -0.043622 1.249891 0.129252
v -0.037385 1.245165 0.132846
v -0.029218 1.243809 0.134107
v -0.021557 1.246217 0.133248
v -0.024685 1.269476 0.134599
v -0.019328 1.264718 0.135045
v -0.015531 1.253996 0.131203
v -0.041881 1.265747 0.128734
v -0.044299 1.262686 0.127733
v -0.045059 1.253642 0.125419
v -0.039630 1.245484 0.128285
v -0.035056 1.242948 0.126290
v -0.029147 1.242112 0.127769
v -0.024363 1.243409 0.127728
v -0.019834 1.245982 0.128148
v -0.017063 1.249235 0.127610
v -0.016790 1.263781 0.130890
v -0.014803 1.257572 0.128755
v -0.033258 1.271868 0.126382
v -0.028979 1.271714 0.128790
v -0.036992 1.270264 0.127795
v -0.045113 1.258306 0.123871
v -0.041828 1.249026 0.121382
v -0.039116 1.246223 0.121530
v -0.020418 1.268718 0.125974
v -0.017990 1.266105 0.124532
v -0.040712 1.267409 0.125024
v -0.043221 1.263593 0.122244
v -0.024186 1.244246 0.122603
v -0.028719 1.242960 0.122332
v -0.044070 1.255018 0.120960
v -0.020356 1.246535 0.122302
v -0.017955 1.249296 0.122168
v -0.024209 1.270876 0.125299
v -0.015354 1.261482 0.126404
v -0.015368 1.258542 0.122778
v -0.034854 1.270593 0.121507
v -0.043589 1.259449 0.120252
v -0.034127 1.244805 0.119736
v -0.028511 1.271229 0.121988
v -0.015633 1.254220 0.122757
v -0.017885 1.264718 0.121225
v -0.039381 1.267387 0.120692
v -0.027285 1.245803 0.117376
v -0.016639 1.257530 0.119316
v -0.041801 1.262110 0.118073
v -0.041012 1.253831 0.116606
v -0.035200 1.248571 0.115534
v -0.020158 1.249900 0.117843
v -0.023898 1.269066 0.119878
v -0.030390 1.252222 0.112326
v -0.033466 1.257828 0.111766
v -0.027053 1.255186 0.111962
v -0.032823 1.263673 0.113087
v -0.030583 1.266648 0.114727
v -0.025666 1.259475 0.112209
v -0.026746 1.263867 0.113254
v -0.023213 1.251934 0.114172
v -0.038919 1.257965 0.114296
v -0.020618 1.262732 0.116035
v -0.019572 1.257499 0.115561
v -0.032272 1.268516 0.116646
v -0.024534 1.267061 0.116380
v -0.037941 1.264429 0.115785
v -0.035825 1.252569 0.113572
v -0.256395 1.027339 0.047225
v -0.226496 1.032021 0.071042
v -0.209425 1.030990 0.075520
v -0.181564 1.025410 0.082679
v -0.158071 1.003007 0.094002
v -0.142193 0.974896 0.107629
v -0.124698 0.937393 0.123668
v -0.199430 1.048117 0.066009
v -0.219832 1.049606 0.060803
v -0.248175 1.047178 0.039750
v -0.174922 1.039251 0.075645
v -0.154275 1.025854 0.084959
v -0.142004 1.015492 0.094914
v -0.130017 1.004499 0.102533
v -0.122804 0.987666 0.110886
v -0.119072 0.970950 0.119121
v -0.111697 0.948660 0.128928
v -0.201118 1.066682 0.052020
v -0.223725 1.069319 0.031220
v -0.144539 1.043764 0.072101
v -0.124652 1.032741 0.081406
v -0.113553 1.019828 0.094740
v -0.105853 1.005798 0.106078
v -0.102475 0.988555 0.116314
v -0.099101 0.968074 0.127082
v -0.098694 0.956341 0.131737
v -0.151943 1.069713 0.050677
v -0.166886 1.077023 0.042861
v -0.188301 1.085285 0.025066
v -0.106667 1.053113 0.069205
v -0.087331 1.035893 0.082863
v -0.080946 1.008583 0.098472
v -0.077449 0.994159 0.109558
v -0.078018 0.978511 0.119863
v -0.079992 0.939906 0.138652
v -0.122614 1.071321 0.046911
v -0.133146 1.081076 0.030776
v -0.142457 1.087243 0.020916
v 0.000253 1.019200 0.098669
v 0.001029 0.995952 0.110613
v 0.000373 0.961765 0.122453
v -0.069922 1.050849 0.075500
v -0.259200 0.968626 0.061982
v -0.231097 0.986474 0.081225
v -0.212589 0.983377 0.082841
v -0.186485 0.972879 0.075478
v -0.172940 0.974795 0.072209
v -0.168148 0.967952 0.072539
v -0.168068 0.954785 0.069299
v -0.167344 0.941362 0.066991
v -0.167583 0.923783 0.066073
v -0.164799 0.909102 0.068018
v -0.259580 0.939306 0.066692
v -0.231012 0.961477 0.085412
v -0.214785 0.966218 0.085263
v -0.187680 0.938661 0.076133
v -0.177709 0.932720 0.061755
v -0.168711 0.923748 0.045673
v -0.176270 0.931138 0.033214
v -0.172873 0.907002 0.024011
v -0.173169 0.884325 0.025716
v -0.230369 0.934702 0.095536
v -0.214814 0.943766 0.093159
v -0.180409 0.914901 0.068737
v -0.171107 0.909221 0.050786
v -0.260264 1.008216 0.054055
v -0.229803 1.013838 0.077806
v -0.208834 1.011411 0.082044
v -0.175317 1.005037 0.086701
v -0.167749 0.993600 0.089954
v -0.162816 0.976954 0.092992
v -0.151868 0.942552 0.104146
v -0.188480 0.957522 0.072412
v -0.175727 0.952081 0.059052
v -0.168335 0.953831 0.054578
v -0.174639 0.937929 0.050757
v -0.170382 0.922442 0.048319
v -0.168757 0.894119 0.048530
v -0.243598 1.030545 0.061905
v -0.235896 1.049420 0.051737
v -0.215548 1.069377 0.041975
v -0.180131 1.081739 0.033805
v -0.246103 0.956472 0.077947
v -0.246830 0.941267 0.081791
v -0.246459 1.011575 0.068714
v -0.034698 1.065603 0.070869
v -0.076177 1.089714 0.040894
v -0.083517 1.096277 0.030768
v -0.041525 1.081405 -0.046007
v -0.000484 1.078994 -0.039648
v -0.046204 1.101054 -0.034326
v -0.081016 1.088998 -0.044895
v -0.086303 1.101146 -0.030912
v -0.057907 1.041107 0.084206
v 0.000062 0.945861 0.125419
v -0.014048 0.956522 0.125073
v -0.023878 1.051063 0.079714
v -0.028398 0.981915 0.117566
v -0.022298 0.997540 0.111022
v -0.117523 1.097377 -0.033908
v -0.132334 1.098240 -0.021618
v -0.147183 1.100344 -0.011284
v -0.150530 1.098341 -0.000309
v -0.147907 1.094286 0.010201
v -0.113984 1.101434 0.014301
v -0.118619 1.106585 0.004693
v -0.115231 1.108255 -0.004807
v -0.105570 1.107611 -0.014136
v -0.077520 1.111193 -0.015891
v -0.056831 1.107275 -0.028585
v -0.000161 1.094281 -0.035212
v -0.025990 1.094681 -0.037010
v -0.069894 1.110618 -0.021797
v -0.084980 1.113589 -0.006122
v -0.013271 1.018682 0.099827
v -0.092947 1.113737 0.001751
v -0.093799 1.110247 0.011357
v -0.089232 1.104384 0.021147
v -0.030720 1.024835 0.096212
v -0.013030 1.060315 0.077242
v -0.060880 1.079715 0.054576
v -0.077464 1.070871 0.054333
v -0.041052 1.056917 0.073237
v -0.088263 1.076456 0.046167
v -0.100414 1.087217 0.030222
v 0.005122 1.059007 0.078159
v -0.011679 1.045751 0.082980
v -0.000000 1.043347 0.083671
v -0.049400 0.961601 0.128187
v -0.031422 0.945651 0.131214
v -0.057962 0.945426 0.135351
v -0.052924 0.978660 0.119505
v -0.053110 1.004206 0.105626
v -0.046800 1.069438 -0.052996
v -0.022101 1.065563 -0.047578
v 0.000000 1.066261 -0.044138
v -0.068976 1.073739 -0.055848
v -0.092518 1.079215 -0.057044
v -0.116570 1.083653 -0.053270
v -0.136974 1.085377 -0.044066
v -0.183083 1.087639 -0.018313
v -0.191941 1.086416 -0.003074
v -0.193704 1.086344 0.010374
v -0.075399 1.061529 -0.064194
v -0.101449 1.066932 -0.067552
v -0.129251 1.069110 -0.063578
v -0.161017 1.069220 -0.051138
v -0.187474 1.070392 -0.034119
v -0.212244 1.068445 -0.018396
v -0.224752 1.068214 0.000613
v -0.227399 1.068831 0.017225
v -0.181652 1.046222 -0.057356
v -0.130660 1.025088 -0.078186
v -0.154886 1.008265 -0.072757
v -0.135027 0.959228 -0.077305
v -0.128132 0.923963 -0.077428
v -0.137721 1.049928 -0.071993
v -0.122410 0.997872 -0.085423
v -0.114602 0.974464 -0.087123
v -0.104797 0.933194 -0.086754
v -0.104667 1.049429 -0.075056
v -0.101306 1.026319 -0.082415
v -0.096606 1.008283 -0.086792
v -0.086077 0.945765 -0.088470
v -0.083962 0.920878 -0.086039
v -0.073561 1.026172 -0.079857
v -0.071657 1.003621 -0.085900
v -0.066542 0.971269 -0.085824
v -0.065292 0.949470 -0.085467
v -0.063697 0.934354 -0.083285
v -0.051493 1.040244 -0.063811
v -0.049583 1.024216 -0.072248
v -0.049689 0.997919 -0.079305
v -0.046084 0.950188 -0.078390
v -0.025645 1.024084 -0.061024
v -0.025372 0.993808 -0.067974
v -0.030382 0.962728 -0.073969
v -0.022376 0.934403 -0.074747
v 0.000000 1.023847 -0.056965
v -0.000000 0.999212 -0.062877
v 0.000000 0.965775 -0.069013
v 0.000000 0.941726 -0.071032
v -0.211944 1.049322 -0.037039
v -0.236046 1.051084 -0.017222
v -0.247743 1.050273 0.001832
v -0.251202 1.048959 0.023125
v -0.230084 1.031539 -0.038489
v -0.250312 1.031647 -0.017118
v -0.259764 1.030629 0.003829
v -0.263119 1.026138 0.027460
v -0.207789 1.027084 -0.052105
v -0.189896 1.016642 -0.062087
v -0.195255 0.990449 -0.059375
v -0.163985 0.923067 -0.042890
v -0.158386 0.907978 -0.040140
v -0.154842 0.886948 -0.039604
v -0.241665 1.015335 -0.037069
v -0.258299 1.014895 -0.016296
v -0.266775 1.010617 0.007337
v -0.267615 1.005531 0.033125
v -0.221344 1.014116 -0.048563
v -0.205675 1.005331 -0.055746
v -0.178347 1.001906 -0.065638
v -0.168867 0.899704 -0.012621
v -0.165721 0.881296 -0.017044
v -0.250481 0.985596 -0.028911
v -0.263449 0.979924 -0.010194
v -0.268830 0.974716 0.013970
v -0.267966 0.986911 0.037039
v -0.235048 0.980513 -0.037968
v -0.219978 0.974672 -0.042819
v -0.172754 0.932011 -0.014192
v -0.173975 0.930439 0.000723
v -0.174286 0.923913 0.014339
v -0.171418 0.880742 0.007149
v -0.252136 0.963780 -0.020494
v -0.222963 0.944447 -0.028694
v -0.171804 0.929706 -0.010873
v -0.170269 0.928927 0.005960
v -0.168682 0.934483 0.022906
v -0.263431 0.947899 0.003010
v -0.268395 0.932658 0.028364
v -0.266446 0.935303 0.049440
v -0.237983 0.947002 -0.022449
v -0.171499 0.912733 -0.000867
v -0.168249 0.911868 0.013453
v -0.167916 0.916859 0.027244
v -0.169800 0.943265 0.040883
v -0.252471 0.908512 0.006971
v -0.224893 0.922123 -0.015301
v -0.171519 0.890116 0.025726
v -0.169646 0.902882 0.034019
v -0.171594 0.934232 0.019631
v -0.168099 0.929358 -0.028673
v -0.215924 0.989275 -0.048879
v -0.268885 0.990299 0.010830
v -0.262856 0.997109 -0.013582
v -0.247476 0.999032 -0.034080
v -0.167231 0.968058 0.084746
v -0.167768 0.980530 0.083368
v -0.173547 0.991938 0.083059
v -0.185446 0.990801 0.082729
v -0.162535 0.941329 0.084352
v -0.205440 0.966198 -0.042591
v -0.209310 0.937282 -0.028311
v -0.208192 0.915754 -0.015398
v -0.203118 0.979509 -0.051153
v -0.146332 0.916770 -0.065941
v -0.156802 0.943113 -0.062828
v -0.263154 0.895495 0.084590
v -0.215831 0.921611 0.105023
v -0.189576 0.914955 0.088893
v -0.174382 0.901014 0.053303
v -0.249301 0.913374 0.093182
v -0.262057 0.903745 0.021918
v -0.269688 0.875941 0.075530
v -0.239973 0.899195 0.002297
v -0.177063 0.884078 0.016145
v -0.172393 0.889259 0.041073
v -0.234766 0.888446 0.118739
v -0.183484 0.896398 0.079889
v -0.182978 0.859969 0.076398
v -0.255004 0.850785 0.033635
v -0.262515 0.859668 0.040612
v -0.269309 0.863911 0.057775
v -0.243581 0.855582 0.022731
v -0.228207 0.868276 0.012706
v -0.181805 0.863771 0.029433
v -0.177672 0.868118 0.037660
v -0.215104 0.855018 0.017984
v -0.221762 0.875484 0.127141
v -0.199630 0.864185 0.115194
v -0.190535 0.869659 0.096398
v -0.254849 0.869938 0.116601
v -0.231904 0.836360 0.028688
v -0.181413 0.844198 0.065832
v -0.266947 0.855080 0.107374
v -0.238774 0.865363 0.128633
v -0.254646 0.831231 0.045055
v -0.263433 0.833082 0.058636
v -0.271755 0.828269 0.082086
v -0.271727 0.850284 0.090601
v -0.190591 0.830756 0.046842
v -0.186696 0.829128 0.057180
v -0.225131 0.806386 0.044548
v -0.099480 0.902042 0.139137
v -0.090648 0.903909 0.141942
v -0.104902 0.897874 0.136356
v -0.092015 0.892632 0.141259
v -0.099758 0.887747 0.137544
v -0.116837 0.902982 0.130050
v -0.085151 0.891401 0.143233
v -0.111695 0.885711 0.130447
v -0.097115 0.923027 0.139007
v -0.084181 0.916762 0.142411
v -0.064138 0.922964 0.142745
v -0.056621 0.899838 0.146235
v -0.067079 0.890463 0.146189
v -0.071738 0.881931 0.144585
v -0.087150 0.876521 0.139657
v -0.104401 0.875557 0.131103
v -0.117699 0.873754 0.120694
v -0.123867 0.892350 0.122362
v -0.126858 0.910499 0.123814
v -0.118015 0.918063 0.130061
v -0.108726 0.922007 0.134499
v -0.044228 0.915075 0.141998
v -0.043110 0.900393 0.143611
v -0.051034 0.887474 0.145009
v -0.127543 0.888867 0.116321
v -0.097997 0.942273 0.135694
v -0.024995 0.897582 0.137331
v -0.037082 0.881611 0.140607
v -0.058340 0.849853 0.138208
v -0.082592 0.859503 0.136388
v -0.102200 0.855336 0.126271
v -0.121643 0.854470 0.109171
v -0.141180 0.919696 0.109819
v -0.070809 0.900949 0.145946
v -0.000000 0.906252 0.129473
v 0.000000 0.890292 0.133481
v -0.009237 0.922953 0.129605
v -0.009639 0.881398 0.136505
v -0.229944 0.652163 0.514422
v -0.234942 0.639005 0.494130
v -0.240518 0.645091 0.497516
v -0.237693 0.652881 0.505951
v -0.241543 0.648405 0.489196
v -0.235726 0.643861 0.483185
v -0.234899 0.650262 0.470785
v -0.239754 0.655493 0.472679
v -0.237492 0.665649 0.476299
v -0.240039 0.657947 0.468271
v -0.231781 0.648379 0.467844
v -0.228885 0.670579 0.475186
v -0.227719 0.649892 0.517815
v -0.230582 0.649835 0.470217
v -0.230699 0.642015 0.485415
v -0.230523 0.636171 0.500090
v -0.223867 0.671322 0.470514
v -0.226785 0.663806 0.488687
v -0.232921 0.641596 0.535441
v -0.235135 0.643884 0.530297
v -0.232466 0.637577 0.540377
v -0.239260 0.630054 0.528248
v -0.239018 0.627616 0.535019
v -0.234225 0.630453 0.541301
v -0.240552 0.636059 0.523982
v -0.239049 0.640444 0.526395
v -0.237161 0.630660 0.540209
v -0.234219 0.636414 0.541167
v -0.238710 0.635827 0.526306
v -0.233986 0.639534 0.537018
v -0.240583 0.647461 0.508366
v -0.241487 0.655687 0.488666
v -0.240683 0.664232 0.468175
v -0.240349 0.660639 0.476500
v -0.235436 0.642176 0.530470
v -0.221493 0.644498 0.499821
v -0.222273 0.649235 0.490661
v -0.220529 0.658010 0.466463
v -0.221465 0.649896 0.487752
v -0.237664 0.644412 0.525696
v -0.236687 0.629339 0.521976
v -0.235047 0.626034 0.531945
v -0.229189 0.639733 0.536368
v -0.240250 0.641590 0.523144
v -0.228639 0.630880 0.538813
v -0.224355 0.636599 0.521864
v -0.228250 0.647121 0.524384
v -0.231933 0.628258 0.523394
v -0.239239 0.651570 0.479159
v -0.236976 0.662828 0.484420
v -0.230394 0.661610 0.493968
v -0.241089 0.652727 0.494946
v -0.236117 0.633040 0.511311
v -0.232307 0.632805 0.511264
v -0.241135 0.644154 0.516862
v -0.237506 0.658922 0.495079
v -0.237645 0.648268 0.518286
v -0.224622 0.640280 0.514027
v -0.241429 0.640009 0.515259
v -0.225684 0.632369 0.533571
v -0.221203 0.649443 0.502472
v -0.222159 0.655101 0.493425
v -0.219855 0.661044 0.476203
v -0.234004 0.635141 0.542020
v -0.228118 0.635325 0.538826
v -0.224757 0.637729 0.530552
v -0.224246 0.644279 0.516067
v -0.226737 0.636287 0.512712
v -0.225334 0.644255 0.489140
v -0.223845 0.646399 0.484540
v -0.228329 0.628289 0.530460
v -0.223314 0.653812 0.468563
v -0.232116 0.626868 0.535583
v -0.226833 0.632483 0.519352
v -0.221589 0.650844 0.461582
v -0.226044 0.637352 0.501362
v -0.237198 0.626586 0.537442
v -0.238085 0.639887 0.526596
v -0.238157 0.627963 0.536847
v -0.237082 0.632983 0.538857
v -0.240654 0.627444 0.506971
v -0.244439 0.611140 0.497743
v -0.246148 0.626597 0.502119
v -0.245933 0.633459 0.492913
v -0.251125 0.623615 0.486593
v -0.245522 0.615644 0.486324
v -0.240394 0.634030 0.495093
v -0.235894 0.641586 0.477329
v -0.243067 0.621549 0.471636
v -0.250189 0.628831 0.474351
v -0.245579 0.642531 0.465722
v -0.251483 0.635730 0.452649
v -0.241941 0.627489 0.459154
v -0.231921 0.646007 0.467181
v -0.244980 0.640005 0.473014
v -0.237340 0.634083 0.493607
v -0.235540 0.624736 0.460155
v -0.238717 0.618911 0.473972
v -0.241736 0.614209 0.486423
v -0.239013 0.607428 0.502495
v -0.231810 0.640357 0.474685
v -0.245675 0.612033 0.535261
v -0.246573 0.606880 0.542661
v -0.249174 0.601313 0.529334
v -0.248129 0.596663 0.536318
v -0.246384 0.599980 0.542933
v -0.249474 0.604527 0.526806
v -0.249705 0.609970 0.526423
v -0.247853 0.601296 0.542463
v -0.248254 0.607282 0.528378
v -0.249515 0.622349 0.502217
v -0.249656 0.638187 0.463694
v -0.232201 0.615241 0.507490
v -0.231512 0.622832 0.489832
v -0.222806 0.631311 0.460401
v -0.227818 0.628304 0.473240
v -0.249005 0.601744 0.525414
v -0.245723 0.597523 0.529810
v -0.241430 0.609389 0.540620
v -0.240546 0.599477 0.541490
v -0.250469 0.614342 0.518132
v -0.239694 0.618128 0.523968
v -0.250082 0.605978 0.524451
v -0.243007 0.616864 0.526843
v -0.247723 0.613470 0.528332
v -0.231969 0.637405 0.481717
v -0.250858 0.628640 0.490564
v -0.249674 0.619143 0.497917
v -0.236454 0.624955 0.511282
v -0.246502 0.602735 0.518681
v -0.250306 0.610192 0.514921
v -0.241720 0.603529 0.513343
v -0.233824 0.608489 0.520092
v -0.246188 0.619470 0.519863
v -0.234892 0.611352 0.515121
v -0.235973 0.601643 0.535145
v -0.232965 0.620336 0.511975
v -0.232729 0.628147 0.492381
v -0.222983 0.642009 0.461880
v -0.228594 0.633472 0.477345
v -0.245332 0.605465 0.543853
v -0.240028 0.604688 0.542780
v -0.231515 0.624935 0.498626
v -0.234148 0.612693 0.522780
v -0.234966 0.616110 0.517300
v -0.236592 0.608209 0.536419
v -0.236547 0.607354 0.513253
v -0.232962 0.615788 0.493396
v -0.233854 0.618219 0.487767
v -0.239356 0.597985 0.530065
v -0.230798 0.623781 0.472204
v -0.242186 0.596125 0.538077
v -0.235749 0.604789 0.518561
v -0.234045 0.610719 0.505135
v -0.227929 0.626226 0.456457
v -0.246988 0.597167 0.540061
v -0.248740 0.598192 0.538603
v -0.248488 0.602605 0.540076
v -0.246547 0.607345 0.494025
v -0.249663 0.597988 0.475255
v -0.252029 0.611082 0.479909
v -0.252702 0.614920 0.474321
v -0.254776 0.605892 0.470431
v -0.252628 0.601883 0.469088
v -0.244250 0.623150 0.463715
v -0.248003 0.606049 0.453101
v -0.254217 0.612342 0.456816
v -0.256049 0.617132 0.442645
v -0.239304 0.607187 0.443848
v -0.240887 0.624733 0.457555
v -0.250063 0.623143 0.454971
v -0.242688 0.616564 0.476827
v -0.245339 0.605268 0.452854
v -0.246494 0.599183 0.467557
v -0.246769 0.588430 0.492403
v -0.237631 0.620990 0.461498
v -0.250929 0.592769 0.520546
v -0.251798 0.595082 0.512688
v -0.250517 0.590707 0.523655
v -0.251788 0.579522 0.519132
v -0.249379 0.581718 0.522859
v -0.253284 0.585417 0.508796
v -0.254179 0.591849 0.507979
v -0.250342 0.586005 0.525164
v -0.253295 0.581217 0.520194
v -0.253231 0.587036 0.509291
v -0.255186 0.610417 0.472290
v -0.253917 0.618648 0.453599
v -0.238417 0.596260 0.491727
v -0.229956 0.615135 0.445397
v -0.233712 0.611674 0.456969
v -0.246834 0.598693 0.511281
v -0.252153 0.583882 0.506961
v -0.249360 0.580616 0.511037
v -0.246190 0.593786 0.519832
v -0.244322 0.581996 0.519251
v -0.239906 0.587087 0.511720
v -0.237095 0.605921 0.471000
v -0.252449 0.599420 0.501901
v -0.250421 0.588973 0.494174
v -0.254039 0.592753 0.496600
v -0.254679 0.596337 0.498123
v -0.240049 0.593296 0.496351
v -0.246117 0.617470 0.477110
v -0.253627 0.602457 0.475495
v -0.251358 0.605538 0.462141
v -0.250943 0.604329 0.494853
v -0.243309 0.601314 0.505762
v -0.238490 0.599681 0.494675
v -0.232683 0.621142 0.453637
v -0.234616 0.616080 0.460716
v -0.248095 0.587670 0.524954
v -0.243918 0.589673 0.521493
v -0.239867 0.591466 0.512610
v -0.237792 0.611156 0.473681
v -0.239617 0.597937 0.498776
v -0.242181 0.589684 0.495157
v -0.241098 0.591365 0.491165
v -0.239893 0.601258 0.468851
v -0.241961 0.583962 0.508622
v -0.236470 0.607849 0.452739
v -0.252683 0.581109 0.522076
v -0.232565 0.608849 0.438426
v -0.252089 0.591529 0.510322
v -0.253210 0.585984 0.520751
v -0.246190 0.600453 0.454781
v -0.248133 0.586708 0.450371
v -0.252376 0.596571 0.452052
v -0.253172 0.599843 0.445771
v -0.253673 0.593887 0.442832
v -0.248145 0.589490 0.442523
v -0.246799 0.604415 0.448496
v -0.244972 0.608781 0.438322
v -0.247081 0.592049 0.436345
v -0.252644 0.596769 0.436715
v -0.252568 0.603348 0.421228
v -0.244569 0.595492 0.423176
v -0.252593 0.604987 0.432693
v -0.245163 0.595178 0.465281
v -0.239469 0.595169 0.423946
v -0.242948 0.591975 0.434642
v -0.244563 0.586687 0.448396
v -0.241993 0.607336 0.440594
v -0.250514 0.586299 0.481629
v -0.250830 0.587394 0.477157
v -0.251765 0.577148 0.478692
v -0.251071 0.580078 0.483276
v -0.251850 0.580007 0.474287
v -0.251818 0.583489 0.474409
v -0.254246 0.597168 0.443887
v -0.253649 0.604346 0.426544
v -0.240692 0.587325 0.461304
v -0.238070 0.593977 0.447746
v -0.236454 0.599134 0.433059
v -0.237761 0.596475 0.438241
v -0.250512 0.588651 0.475305
v -0.251921 0.580492 0.471125
v -0.248831 0.576386 0.474123
v -0.247298 0.587407 0.480582
v -0.245979 0.579475 0.482698
v -0.240272 0.585348 0.467342
v -0.253201 0.585764 0.470086
v -0.250653 0.578051 0.470982
v -0.247878 0.590508 0.474543
v -0.252480 0.588823 0.471417
v -0.253457 0.600245 0.437157
v -0.243127 0.602402 0.450827
v -0.252515 0.591980 0.463547
v -0.249268 0.581882 0.460651
v -0.246725 0.581331 0.460440
v -0.253660 0.589902 0.460972
v -0.252902 0.591673 0.449421
v -0.247456 0.595571 0.464496
v -0.253265 0.586551 0.460682
v -0.241800 0.580836 0.477930
v -0.240526 0.590668 0.462232
v -0.237147 0.606529 0.435642
v -0.250527 0.582997 0.483559
v -0.245453 0.583134 0.483045
v -0.240522 0.588479 0.469159
v -0.238282 0.596121 0.450096
v -0.239176 0.600818 0.445266
v -0.241967 0.584350 0.478497
v -0.241408 0.585468 0.458558
v -0.238808 0.592171 0.444820
v -0.243392 0.577807 0.476442
v -0.248282 0.576375 0.481103
v -0.252171 0.578202 0.481138
v -0.241642 0.581551 0.466696
v -0.252036 0.581470 0.482416
v -0.205614 0.661172 0.463875
v -0.226708 0.656855 0.467092
v -0.222707 0.666175 0.463592
v -0.208669 0.665722 0.466057
v -0.207709 0.661105 0.455095
v -0.225771 0.653730 0.463196
v -0.201847 0.652590 0.479713
v -0.205650 0.656128 0.475903
v -0.199466 0.648979 0.480925
v -0.222456 0.653489 0.478389
v -0.219764 0.648962 0.482603
v -0.208753 0.643961 0.485341
v -0.216380 0.656420 0.480430
v -0.212854 0.659162 0.475367
v -0.210253 0.647284 0.489592
v -0.211100 0.657248 0.476781
v -0.200618 0.650002 0.484477
v -0.214383 0.650596 0.488340
v -0.217228 0.654620 0.483893
v -0.214397 0.666818 0.468986
v -0.199916 0.649534 0.474568
v -0.212165 0.643763 0.474193
v -0.203591 0.653442 0.465058
v -0.218772 0.658234 0.475259
v -0.202155 0.654898 0.472495
v -0.206003 0.657764 0.473134
v -0.208658 0.662994 0.468494
v -0.225037 0.651158 0.468576
v -0.213884 0.663784 0.470981
v -0.215894 0.648205 0.460912
v -0.212820 0.671988 0.454101
v -0.229167 0.660036 0.460534
v -0.218488 0.672800 0.457711
v -0.220741 0.661612 0.470028
v -0.211360 0.656262 0.452379
v -0.202150 0.644705 0.482987
v -0.203085 0.648397 0.487622
v -0.204648 0.645103 0.471808
v -0.208301 0.649189 0.460715
v -0.217355 0.651709 0.456063
v -0.216812 0.645671 0.481051
v -0.220043 0.647473 0.472514
v -0.223750 0.653589 0.457197
v -0.214029 0.646350 0.486259
v -0.208233 0.652526 0.486060
v -0.232802 0.655498 0.506506
v -0.238514 0.639617 0.501456
v -0.233950 0.660390 0.495682
v -0.236590 0.652424 0.466284
v -0.235274 0.670051 0.471577
v -0.233323 0.665805 0.483172
v -0.238106 0.652465 0.472175
v -0.238730 0.632321 0.528370
v -0.239023 0.644932 0.487683
v -0.232082 0.647911 0.523843
v -0.239368 0.634544 0.514949
v -0.232523 0.651234 0.517140
v -0.249497 0.619175 0.486829
v -0.236760 0.646721 0.464615
v -0.239807 0.642239 0.474333
v -0.246895 0.627711 0.465734
v -0.245992 0.612998 0.533050
v -0.247371 0.614623 0.497412
v -0.245176 0.616997 0.525047
v -0.248549 0.607278 0.513751
v -0.249073 0.617210 0.475695
v -0.252904 0.613919 0.440433
v -0.246859 0.623743 0.458859
v -0.251056 0.594379 0.516420
v -0.253796 0.582940 0.513314
v -0.252286 0.590396 0.494668
v -0.249572 0.601547 0.503233
v -0.249626 0.598486 0.454716
v -0.250665 0.602833 0.447751
v -0.250619 0.596896 0.428808
v -0.250290 0.610108 0.433513
v -0.250194 0.606982 0.436386
v -0.252090 0.592371 0.441445
v -0.251167 0.589753 0.448470
v -0.250640 0.592531 0.468076
v -0.251964 0.584009 0.460915
v -0.223826 0.652050 0.507933
v -0.221871 0.666116 0.477226
v -0.228656 0.641970 0.487959
v -0.223881 0.648239 0.464323
v -0.226384 0.650840 0.469336
v -0.225929 0.643996 0.526061
v -0.224326 0.659554 0.494151
v -0.225890 0.648446 0.517096
v -0.229113 0.633961 0.511992
v -0.228751 0.631179 0.517967
v -0.234514 0.631345 0.493454
v -0.228924 0.637606 0.472694
v -0.236205 0.608121 0.501375
v -0.237439 0.615633 0.485795
v -0.232757 0.623862 0.464759
v -0.236557 0.618341 0.520283
v -0.233475 0.627605 0.501216
v -0.239019 0.603951 0.514136
v -0.235016 0.618910 0.474673
v -0.244676 0.595673 0.535108
v -0.241142 0.601980 0.500446
v -0.240375 0.615153 0.475334
v -0.242660 0.600325 0.465744
v -0.239847 0.606566 0.450439
v -0.241400 0.595518 0.511972
v -0.246370 0.579926 0.515157
v -0.244822 0.588514 0.493069
v -0.243897 0.585961 0.499448
v -0.240254 0.597276 0.455917
v -0.238584 0.604815 0.437900
v -0.243682 0.583240 0.457825
v -0.241279 0.588354 0.447183
v -0.239226 0.593455 0.434417
v -0.242815 0.588749 0.474655
v -0.242447 0.593247 0.464978
v -0.244292 0.579770 0.465383
v -0.237743 0.669106 0.470733
v -0.220170 0.664768 0.463795
v -0.220208 0.652845 0.456109
v -0.221117 0.634411 0.451097
v -0.220302 0.643023 0.452692
v -0.224786 0.629209 0.448401
v -0.227378 0.621551 0.444720
v -0.234676 0.605776 0.432217
v -0.235398 0.598984 0.425815
v -0.242970 0.659266 0.458369
v -0.228877 0.677497 0.457722
v -0.218696 0.660487 0.455286
v -0.218855 0.656412 0.444195
v -0.252192 0.638567 0.451338
v -0.252368 0.645244 0.448084
v -0.221218 0.646182 0.441129
v -0.225584 0.635304 0.434781
v -0.255767 0.624948 0.436798
v -0.255969 0.622712 0.430355
v -0.227963 0.620115 0.427948
v -0.227354 0.626710 0.428380
v -0.228247 0.613580 0.421060
v -0.231190 0.604110 0.421453
v -0.250905 0.609239 0.409960
v -0.243708 0.669319 0.456999
v -0.239150 0.605782 0.403098
v -0.213926 0.689437 0.415826
v -0.215535 0.675417 0.425349
v -0.248477 0.629434 0.446635
v -0.258899 0.659597 0.417203
v -0.238109 0.677834 0.451681
v -0.217788 0.671373 0.441271
v -0.232195 0.613707 0.393889
v -0.234280 0.680624 0.436809
v -0.220094 0.664959 0.434086
v -0.228435 0.647179 0.423682
v -0.230107 0.636452 0.418501
v -0.228848 0.618524 0.410019
v -0.253334 0.615674 0.423585
v -0.237527 0.601338 0.413411
v -0.254186 0.612999 0.417240
v -0.215247 0.668129 0.412205
v -0.223559 0.662620 0.419335
v -0.250179 0.681959 0.425147
v -0.246538 0.608460 0.403786
v -0.256596 0.653026 0.433245
v -0.246440 0.674609 0.443546
v -0.212572 0.677151 0.409274
v -0.223109 0.662903 0.412031
v -0.221215 0.667470 0.423779
v -0.256500 0.621062 0.402375
v -0.227352 0.668213 0.430941
v -0.255652 0.645904 0.429430
v -0.253228 0.659886 0.436452
v -0.259382 0.635227 0.418989
v -0.226323 0.698869 0.413957
v -0.244705 0.689377 0.421505
v -0.260093 0.634608 0.394848
v -0.251107 0.636409 0.440001
v -0.257777 0.640969 0.420681
v -0.255548 0.628769 0.433426
v -0.262021 0.642603 0.381043
v -0.264513 0.662915 0.388394
v -0.256250 0.685546 0.396448
v -0.246906 0.698530 0.397511
v -0.241129 0.629286 0.365663
v -0.229548 0.627391 0.377573
v -0.255391 0.626548 0.379502
v -0.238991 0.685933 0.429802
v -0.262239 0.673171 0.391774
v -0.234560 0.625150 0.371651
v -0.246037 0.651300 0.452518
v -0.253911 0.669497 0.422284
v -0.246494 0.661951 0.449187
v -0.252045 0.613542 0.428804
v -0.225277 0.634633 0.467458
v -0.237253 0.623538 0.458312
v -0.244666 0.836933 0.139077
v -0.231890 0.832791 0.140982
v -0.201406 0.837722 0.124205
v -0.194233 0.827746 0.112947
v -0.186696 0.829682 0.091953
v -0.259632 0.830800 0.134568
v -0.259893 0.790455 0.071748
v -0.272093 0.832788 0.100991
v -0.245871 0.809078 0.049248
v -0.235437 0.808465 0.044601
v -0.185483 0.817170 0.077401
v -0.269406 0.821866 0.126533
v -0.204634 0.815632 0.129905
v -0.188956 0.811028 0.099031
v -0.268665 0.796303 0.083008
v -0.274385 0.805447 0.096795
v -0.248741 0.792191 0.061426
v -0.236571 0.791180 0.058813
v -0.199695 0.800500 0.061679
v -0.192220 0.806247 0.068432
v -0.227580 0.791996 0.054718
v -0.247667 0.821895 0.147826
v -0.232084 0.824493 0.144295
v -0.195665 0.808808 0.119405
v -0.274609 0.805425 0.120270
v -0.251784 0.779133 0.071371
v -0.242303 0.776721 0.066224
v -0.191738 0.796080 0.089332
v -0.231118 0.778949 0.064396
v -0.234293 0.813629 0.152475
v -0.206174 0.807365 0.134191
v -0.261778 0.814928 0.147235
v -0.261710 0.768979 0.093240
v -0.270006 0.777502 0.102288
v -0.276694 0.777570 0.127464
v -0.253372 0.768504 0.081857
v -0.243699 0.764967 0.075416
v -0.205727 0.778581 0.075706
v -0.200420 0.776796 0.088680
v -0.226906 0.767939 0.072800
v -0.271841 0.802856 0.146069
v -0.250930 0.810181 0.160521
v -0.207247 0.798370 0.142450
v -0.197330 0.794275 0.129831
v -0.193901 0.780210 0.124617
v -0.254664 0.757896 0.095706
v -0.244803 0.753554 0.089583
v -0.208128 0.766827 0.090389
v -0.196214 0.775081 0.110835
v -0.236043 0.807797 0.163010
v -0.197994 0.785932 0.140616
v -0.264196 0.800279 0.165335
v -0.263986 0.748334 0.125499
v -0.273221 0.755366 0.136861
v -0.277889 0.775780 0.161799
v -0.255623 0.745932 0.115191
v -0.245052 0.741898 0.110829
v -0.273640 0.781546 0.176032
v -0.252408 0.792276 0.190779
v -0.237766 0.798395 0.182319
v -0.206811 0.787977 0.166947
v -0.197837 0.778121 0.159127
v -0.193794 0.767530 0.150528
v -0.278068 0.755704 0.163511
v -0.255768 0.732532 0.139963
v -0.209411 0.736428 0.152375
v -0.202499 0.741602 0.160888
v -0.196940 0.758905 0.144592
v -0.230617 0.730436 0.137347
v -0.208493 0.772621 0.196534
v -0.199860 0.763404 0.191781
v -0.195613 0.754983 0.182711
v -0.264177 0.760225 0.227647
v -0.266239 0.721177 0.178265
v -0.273522 0.730654 0.180824
v -0.256762 0.717561 0.170500
v -0.246062 0.713992 0.174426
v -0.198425 0.745364 0.181357
v -0.235796 0.717727 0.166131
v -0.271124 0.745801 0.236615
v -0.253046 0.765397 0.230035
v -0.240428 0.766300 0.229448
v -0.203386 0.738030 0.220287
v -0.272502 0.708388 0.236526
v -0.274316 0.724050 0.257432
v -0.258759 0.700181 0.212420
v -0.206920 0.725372 0.196802
v -0.252654 0.734219 0.286177
v -0.244203 0.740887 0.275565
v -0.221491 0.733977 0.271350
v -0.217671 0.723788 0.277548
v -0.262153 0.734581 0.274332
v -0.267515 0.697122 0.243781
v -0.275208 0.715285 0.254676
v -0.250134 0.689273 0.237949
v -0.220122 0.696198 0.255213
v -0.215633 0.704231 0.256261
v -0.209014 0.719457 0.244059
v -0.262526 0.701293 0.329425
v -0.217853 0.712024 0.287281
v -0.268771 0.684485 0.290841
v -0.264787 0.670978 0.315167
v -0.258835 0.670964 0.303212
v -0.218029 0.702057 0.286553
v -0.247211 0.679655 0.269153
v -0.253412 0.713928 0.325371
v -0.245499 0.718897 0.322166
v -0.234970 0.705581 0.341013
v -0.230461 0.702851 0.334583
v -0.258627 0.707468 0.328575
v -0.269953 0.690679 0.314265
v -0.267631 0.694325 0.321741
v -0.251281 0.666431 0.308613
v -0.226918 0.696763 0.329178
v -0.268974 0.677505 0.317145
v -0.269275 0.680642 0.322337
v -0.229322 0.669851 0.326165
v -0.226228 0.679233 0.324680
v -0.225364 0.688164 0.325505
v -0.262594 0.690860 0.349224
v -0.247821 0.703605 0.355034
v -0.258839 0.696521 0.351607
v -0.262232 0.660746 0.339555
v -0.259115 0.660216 0.332364
v -0.253461 0.659863 0.326184
v -0.254981 0.699060 0.356588
v -0.248042 0.701521 0.364879
v -0.234741 0.699018 0.356632
v -0.230673 0.696064 0.350588
v -0.228165 0.688421 0.356259
v -0.259138 0.690382 0.368169
v -0.263897 0.660821 0.355583
v -0.265328 0.668492 0.353245
v -0.265502 0.680203 0.349177
v -0.261576 0.653646 0.356368
v -0.257930 0.651218 0.349458
v -0.227380 0.672971 0.347954
v -0.226944 0.681547 0.352890
v -0.254200 0.652009 0.341214
v -0.250940 0.695585 0.387188
v -0.236764 0.704069 0.384990
v -0.212835 0.690785 0.393542
v -0.245504 0.701079 0.376751
v -0.264615 0.674598 0.371498
v -0.210754 0.665284 0.445322
v -0.211675 0.670048 0.446316
v -0.227525 0.670868 0.454045
v -0.229967 0.658658 0.451120
v -0.226959 0.656508 0.448900
v -0.222714 0.657686 0.440684
v -0.232498 0.665165 0.448357
v -0.214774 0.662383 0.438629
v -0.216831 0.677890 0.438839
v -0.224363 0.680697 0.441892
v -0.228270 0.659520 0.443169
v -0.233312 0.666669 0.444552
v -0.231284 0.674749 0.446090
v -0.223289 0.660179 0.436224
v -0.215504 0.667653 0.429247
v -0.236486 0.668470 0.441352
v -0.233300 0.677613 0.441721
v -0.230423 0.667493 0.437796
v -0.228031 0.663144 0.436860
v -0.225014 0.663484 0.431241
v -0.218144 0.683316 0.431036
v -0.242825 0.668147 0.439006
v -0.235355 0.681210 0.437132
v -0.230112 0.672318 0.436097
v -0.220993 0.661913 0.429216
v -0.223214 0.672394 0.431792
v -0.211847 0.678039 0.396031
v -0.214505 0.669874 0.399255
v -0.220438 0.663971 0.401243
v -0.221688 0.663136 0.414656
v -0.222392 0.660523 0.394348
v -0.228935 0.652555 0.411074
v -0.222753 0.673411 0.363587
v -0.229975 0.647392 0.407448
v -0.228666 0.625599 0.396970
v -0.223982 0.655592 0.364118
v -0.228590 0.645503 0.358779
v -0.231227 0.605244 0.414424
v -0.263982 0.649958 0.391410
v -0.246040 0.617956 0.385172
v -0.250107 0.692900 0.405942
v -0.225577 0.692672 0.425536
v -0.237931 0.616371 0.385215
v -0.236081 0.703708 0.398281
v -0.217005 0.683092 0.375538
v -0.234202 0.651054 0.350497
v -0.229619 0.661343 0.351722
v -0.243145 0.641439 0.352658
v -0.225692 0.671887 0.355933
v -0.224565 0.686291 0.365725
v -0.228828 0.701177 0.382390
v -0.031581 1.182747 0.125030
v -0.035059 1.185229 0.113300
v -0.035802 1.186999 0.096315
v -0.034105 1.189664 0.075360
v -0.033895 1.217764 0.099750
v -0.031059 1.200014 0.128012
v -0.062128 1.266691 0.112802
v -0.042465 1.289446 0.139186
v -0.000146 1.295658 0.150161
v -0.131961 1.060924 0.058224
v -0.194815 1.029587 0.079883
v -0.185022 1.002114 0.084630
v -0.199358 0.976867 0.081459
v -0.201509 0.962975 0.082099
v -0.200878 0.941427 0.088027
v -0.202121 0.918373 0.100776
v -0.207740 0.881741 0.119407
v -0.213757 0.849580 0.131642
v -0.232403 0.739749 0.272588
v -0.240842 0.708196 0.343145
v -0.240792 0.701504 0.359270
v -0.222432 0.694181 0.375855
v -0.152393 0.989977 -0.073110
v -0.091096 0.980321 -0.088449
v -0.184599 0.976443 -0.058850
v -0.185931 0.949034 -0.033450
v -0.194977 0.924739 -0.021574
v -0.195844 0.902394 -0.007212
v -0.190152 0.964613 -0.046746
v -0.201329 0.858247 0.018629
v -0.216455 0.796504 0.052920
v -0.227650 0.757335 0.085919
v -0.226818 0.719920 0.164813
v -0.230864 0.695852 0.226325
v -0.241547 0.668167 0.304732
v -0.244212 0.659152 0.327317
v -0.244171 0.651280 0.340879
v -0.257446 0.641236 0.364340
v -0.226031 0.623781 0.437087
v -0.223703 0.635015 0.441431
v -0.231242 0.610872 0.431134
v -0.227373 0.676106 0.439303
v -0.232597 0.681890 0.442441
v -0.222428 0.679124 0.446670
v -0.221342 0.672156 0.436197
v -0.240856 0.698809 0.410590
v -0.225061 0.702058 0.398982
v -0.226270 0.641581 0.365849
v -0.225139 0.638412 0.375152
v -0.222854 0.651310 0.374225
v -0.221199 0.669780 0.369417
v -0.221914 0.662161 0.376476
v -0.216153 0.671398 0.385867
v -0.214302 0.678030 0.381328
v -0.221161 0.677328 0.450976
v -0.048332 0.978867 -0.080292
v -0.174640 0.955776 -0.050615
v -0.180841 0.944346 -0.030084
v -0.181203 0.934701 -0.023842
v -0.182014 0.917792 -0.013850
v -0.180579 0.948871 -0.038821
v -0.188009 0.870373 0.017072
v -0.199953 0.820826 0.045051
v -0.254854 0.627427 0.374491
v -0.208645 0.796182 0.056761
v -0.214137 0.773639 0.072751
v -0.216622 0.760869 0.087980
v -0.217251 0.744459 0.122445
v -0.217455 0.724601 0.165361
v -0.220249 0.705846 0.213129
v -0.231564 0.677265 0.288561
v -0.235171 0.664326 0.322803
v -0.235903 0.654806 0.342389
v -0.164227 0.968123 -0.064493
v -0.253158 0.637636 0.359177
v -0.227565 0.763624 0.227915
v -0.222025 0.795094 0.176925
v -0.221641 0.806983 0.149418
v -0.219037 0.811991 0.142653
v -0.218005 0.819853 0.139110
v -0.229504 0.693320 0.363502
v -0.233632 0.698370 0.368896
v -0.239068 0.701499 0.372751
v -0.160473 0.887812 0.067150
v -0.169073 0.869483 0.027553
v -0.166047 0.878495 0.047173
v -0.117324 0.890168 -0.073362
v -0.099812 0.912775 -0.084416
v -0.050378 0.907021 -0.080611
v -0.000354 0.909196 -0.070948
v -0.168555 0.866975 0.006783
v -0.140696 0.894054 -0.063511
v -0.153956 0.870436 0.067638
v -0.161339 0.850028 0.027429
v -0.149897 0.843378 0.054540
v -0.091640 0.880198 -0.077633
v -0.078089 0.888403 -0.080299
v -0.059313 0.897292 -0.080802
v -0.041158 0.884155 -0.078670
v -0.022382 0.868817 -0.072776
v -0.141834 0.854500 -0.041336
v -0.149562 0.837783 -0.016039
v -0.161800 0.847607 0.005879
v -0.133958 0.874825 -0.062143
v -0.148009 0.850449 0.069026
v -0.152455 0.832698 0.027270
v -0.101967 0.860884 -0.070532
v -0.053826 0.851089 -0.078440
v 0.000438 0.865468 -0.070143
v -0.146919 0.816012 0.004708
v -0.122424 0.842541 -0.055217
v -0.141955 0.825852 0.071158
v -0.146425 0.810863 0.027644
v -0.145343 0.817076 0.050765
v -0.099517 0.822080 -0.061356
v -0.081248 0.842170 -0.073950
v -0.068012 0.845387 -0.076939
v -0.038358 0.846792 -0.075672
v -0.122875 0.796690 -0.033212
v -0.131201 0.789927 -0.014301
v -0.137278 0.787534 0.074368
v -0.140514 0.790714 0.026423
v -0.142492 0.795838 0.052793
v -0.082587 0.798489 -0.063119
v -0.066161 0.817414 -0.072055
v -0.052441 0.817565 -0.072960
v -0.027530 0.794743 -0.066714
v -0.138265 0.788673 0.005786
v -0.112391 0.804106 -0.047851
v -0.139261 0.759820 0.056939
v -0.097931 0.777398 -0.050534
v -0.068662 0.780917 -0.062157
v -0.058537 0.790923 -0.066206
v -0.036426 0.789743 -0.066864
v 0.000000 0.794338 -0.065461
v -0.120730 0.763391 -0.023776
v -0.129001 0.763121 -0.005732
v -0.133849 0.750959 0.014583
v -0.135894 0.750914 0.077449
v -0.137469 0.757254 0.034761
v -0.085477 0.760351 -0.051320
v -0.038783 0.742885 -0.058828
v 0.002057 0.766425 -0.060632
v -0.111302 0.737474 -0.027777
v -0.138743 0.732938 0.037025
v -0.138754 0.734613 0.058224
v -0.097557 0.741422 -0.038824
v -0.069355 0.745437 -0.053853
v -0.055313 0.742618 -0.056915
v -0.021611 0.744202 -0.057333
v -0.129101 0.725073 0.001123
v -0.136991 0.722688 0.076476
v -0.143051 0.700364 0.055910
v -0.054644 0.732915 0.128196
v -0.084730 0.740472 -0.046566
v 0.000088 0.742021 -0.053527
v -0.018597 0.750047 0.132329
v -0.128248 0.711482 -0.002222
v -0.135065 0.719581 0.016033
v -0.107770 0.708043 -0.028534
v -0.139107 0.704395 0.074149
v -0.143001 0.693788 0.030230
v -0.037329 0.742724 0.132468
v -0.095010 0.711424 -0.037445
v -0.084389 0.713154 -0.042859
v -0.071211 0.716825 -0.048465
v -0.054269 0.706413 -0.052353
v -0.038299 0.713658 -0.055142
v -0.139708 0.667484 0.005503
v -0.145168 0.896364 0.091443
v -0.140639 0.865265 0.086191
v -0.128733 0.794800 0.096006
v -0.134997 0.840758 0.089526
v -0.000002 0.751721 0.130027
v 0.012476 0.836387 0.137452
v 0.000279 0.792120 0.135207
v -0.080049 0.837892 0.133626
v -0.115795 0.674579 0.099610
v -0.035901 0.775879 0.136195
v -0.031961 0.832423 0.138022
v -0.098043 0.811034 0.124869
v -0.114792 0.747337 0.105972
v -0.054235 0.775618 0.134752
v -0.057899 0.825913 0.135834
v -0.071288 0.773004 0.130623
v -0.095407 0.787271 0.124261
v -0.114822 0.779924 0.110893
v -0.031178 0.802361 0.136720
v 0.000000 0.869269 0.136933
v -0.096746 0.740778 0.114131
v -0.117159 0.802053 0.112639
v -0.067719 0.711879 0.121044
v -0.119694 0.828575 0.109540
v -0.036338 0.861966 0.138274
v -0.129033 0.771416 0.094993
v -0.128874 0.742081 0.092346
v -0.130504 0.710045 0.088906
v -0.120403 0.722854 -0.015780
v -0.000002 0.710403 0.129198
v -0.014536 0.706613 0.132009
v -0.018526 0.687969 0.135479
v -0.016368 0.666363 0.135598
v -0.000006 0.660508 0.134401
v -0.003129 0.699497 0.130412
v -0.009992 0.684388 0.134391
v 0.000083 0.676071 0.133807
v 0.003429 0.694842 0.130415
v -0.005375 0.694185 0.130986
v -0.057056 0.707658 0.125152
v -0.034981 0.707843 0.131595
v -0.099187 0.698800 0.108984
v -0.139214 0.680560 0.069892
v -0.129463 0.667628 -0.013345
v -0.035730 0.687850 0.133687
v -0.129591 0.678858 0.086088
v -0.036422 0.665505 0.133809
v -0.055077 0.667643 0.128201
v -0.143677 0.654731 0.039881
v -0.143993 0.661076 0.021449
v -0.096039 0.673650 0.110373
v -0.118972 0.699510 -0.018254
v -0.118094 0.683671 -0.022713
v -0.116509 0.667672 -0.029138
v -0.093573 0.691668 -0.039213
v -0.076702 0.695497 -0.045256
v -0.020760 0.713126 -0.054167
v -0.000265 0.703937 -0.049700
v -0.088528 0.669545 -0.046361
v -0.073736 0.682628 -0.047650
v -0.051300 0.691055 -0.052957
v -0.036161 0.696301 -0.055412
v -0.019000 0.698036 -0.053920
v -0.067566 0.664567 -0.055452
v -0.046343 0.671650 -0.057717
v -0.032056 0.676754 -0.057856
v -0.016630 0.679422 -0.056015
v -0.000000 0.674644 -0.053901
v -0.105843 0.687012 -0.032423
v -0.102751 0.670317 -0.038654
v -0.115228 0.626419 -0.050228
v -0.083802 0.598886 -0.076891
v -0.057855 0.604759 -0.081325
v -0.035082 0.607645 -0.081817
v -0.022101 0.610825 -0.079686
v -0.010161 0.615781 -0.074683
v 0.000000 0.615290 -0.070007
v -0.100708 0.626949 -0.060655
v -0.114415 0.599260 -0.056212
v -0.099632 0.594509 -0.069543
v -0.081370 0.569866 -0.079804
v -0.062436 0.570804 -0.083490
v -0.029612 0.572114 -0.086364
v -0.016573 0.575027 -0.082029
v -0.004890 0.580899 -0.076009
v 0.000000 0.582744 -0.069745
v -0.118567 0.571561 -0.060138
v -0.083497 0.537457 -0.073138
v -0.061623 0.538161 -0.076818
v -0.041194 0.539331 -0.078649
v -0.021925 0.542659 -0.076552
v -0.004136 0.552163 -0.069537
v 0.000001 0.556425 -0.059311
v -0.100408 0.566008 -0.070658
v -0.123609 0.545001 -0.053129
v -0.084909 0.512893 -0.056464
v -0.060921 0.512903 -0.061275
v -0.038676 0.514330 -0.064310
v -0.022549 0.519167 -0.064304
v -0.004871 0.528534 -0.060584
v 0.000000 0.514328 -0.040533
v -0.105749 0.535670 -0.062169
v -0.126612 0.525519 -0.038187
v -0.085303 0.493731 -0.023821
v -0.059441 0.494357 -0.034242
v -0.036825 0.498435 -0.041902
v -0.023317 0.504453 -0.046539
v -0.013271 0.508132 -0.046165
v -0.006352 0.514738 -0.050065
v -0.108146 0.514434 -0.043943
v -0.130127 0.510135 -0.013401
v -0.084123 0.486473 0.012694
v -0.055957 0.488051 -0.004993
v -0.034006 0.495146 -0.018070
v -0.022266 0.498509 -0.028364
v -0.014218 0.500990 -0.028785
v -0.007202 0.503651 -0.038440
v -0.000012 0.497816 -0.025748
v -0.109943 0.497777 -0.014099
v -0.132919 0.503471 0.015648
v -0.082696 0.489570 0.040511
v -0.051942 0.490893 0.024453
v -0.030073 0.491909 0.002793
v -0.021011 0.493627 -0.011532
v -0.013902 0.495694 -0.018595
v -0.008218 0.495765 -0.028692
v -0.110870 0.491282 0.018494
v -0.134983 0.501830 0.042898
v -0.093078 0.494196 0.077597
v -0.061224 0.496935 0.071871
v -0.012534 0.493670 -0.003084
v -0.007056 0.492004 -0.016395
v 0.000035 0.494474 -0.013952
v -0.110887 0.490301 0.040906
v -0.143627 0.629292 -0.010295
v -0.131536 0.628912 -0.031888
v -0.147830 0.629275 0.027851
v -0.148773 0.626518 0.009040
v -0.138778 0.642757 0.056805
v -0.128552 0.635584 0.068505
v -0.140886 0.602847 -0.019508
v -0.150979 0.612588 0.016230
v -0.148560 0.607464 0.000074
v -0.146095 0.614393 0.039580
v -0.134435 0.619794 0.055557
v -0.129904 0.599520 -0.038443
v -0.132940 0.574238 -0.041080
v -0.155580 0.600658 0.011773
v -0.151350 0.591186 -0.004179
v -0.150046 0.607193 0.030730
v -0.137914 0.615773 0.044277
v -0.145859 0.562551 -0.016706
v -0.138652 0.549804 -0.036208
v -0.157274 0.595045 0.014458
v -0.153970 0.579228 -0.000171
v -0.154262 0.605715 0.029641
v -0.140451 0.616705 0.040683
v -0.152452 0.551557 -0.002332
v -0.142182 0.534585 -0.021445
v -0.161005 0.594633 0.021689
v -0.162496 0.573401 0.019318
v -0.156163 0.610411 0.032713
v -0.142255 0.624015 0.042088
v -0.157901 0.546732 0.013928
v -0.146363 0.524528 -0.001617
v -0.168680 0.602938 0.045938
v -0.161027 0.623833 0.053055
v -0.145047 0.631480 0.050555
v -0.167351 0.545847 0.046471
v -0.150021 0.520832 0.022024
v -0.173824 0.575369 0.056457
v -0.147055 0.643346 0.060867
v -0.153005 0.520770 0.044034
v -0.070950 0.656895 0.101409
v -0.000008 0.607990 0.129669
v -0.112218 0.636186 0.086168
v -0.038740 0.614757 0.124266
v -0.054509 0.621584 0.116912
v -0.091642 0.634381 0.096590
v 0.020574 0.586533 0.124706
v -0.116854 0.621822 0.073146
v -0.038809 0.592692 0.117198
v -0.055937 0.602966 0.105617
v -0.093802 0.620361 0.084183
v -0.073025 0.612912 0.095856
v 0.000957 0.550839 0.110412
v -0.118353 0.621732 0.055312
v -0.037495 0.578465 0.106248
v -0.054387 0.592727 0.090688
v -0.091806 0.619062 0.065175
v -0.070425 0.607955 0.075595
v -0.120064 0.624454 0.048920
v -0.033714 0.569157 0.096923
v -0.050346 0.587613 0.081365
v -0.094077 0.622318 0.057893
v -0.070710 0.608756 0.065147
v -0.000227 0.537529 0.103165
v -0.121548 0.634018 0.048784
v -0.029085 0.560845 0.089171
v -0.048410 0.585535 0.076916
v -0.094830 0.633983 0.057113
v -0.069496 0.619934 0.065173
v -0.000081 0.523042 0.091125
v -0.124238 0.640412 0.057548
v -0.023189 0.549125 0.082321
v -0.040281 0.590302 0.079443
v -0.096072 0.641934 0.064447
v -0.067658 0.630881 0.071164
v -0.126317 0.651438 0.067615
v -0.042589 0.610230 0.086157
v -0.097510 0.654259 0.073536
v -0.067313 0.646441 0.079537
v -0.018798 0.609879 0.127468
v -0.020231 0.586040 0.125607
v -0.019589 0.566898 0.118644
v -0.017656 0.550022 0.112616
v -0.014922 0.536073 0.102833
v -0.011707 0.523103 0.089778
v -0.095084 0.652592 0.106958
v -0.074281 0.649413 0.116592
v -0.037580 0.639717 0.130722
v -0.018253 0.637212 0.132925
v -0.000015 0.634291 0.132420
v -0.115253 0.655264 0.096487
v -0.055802 0.644253 0.124604
v 0.000025 0.511895 0.075106
v -0.007435 0.513666 0.074421
v 0.000098 0.496700 0.055740
v -0.004157 0.499921 0.056291
v -0.000779 0.489547 0.019134
v -0.001835 0.490045 0.020179
v -0.005783 0.490903 -0.001507
v -0.013966 0.539512 0.074227
v -0.008275 0.520323 0.061628
v -0.005031 0.504385 0.033920
v -0.010206 0.494812 0.009093
v -0.019609 0.564070 0.078054
v -0.011247 0.539611 0.069143
v -0.008762 0.506235 0.042497
v -0.014390 0.496389 0.018252
v -0.013586 0.650994 -0.065374
v -0.085592 0.630811 -0.066076
v -0.066808 0.636786 -0.069062
v -0.041088 0.643341 -0.069080
v -0.027096 0.647097 -0.067536
v -0.128447 0.655789 0.079158
v -0.112799 0.492073 0.064959
v -0.173025 0.552356 0.080683
v -0.158479 0.527127 0.085210
v -0.100042 0.660890 0.085981
v -0.045628 0.619342 0.098269
v -0.128641 0.659264 0.079536
v -0.149208 0.649839 0.071106
v -0.022645 0.587374 0.086731
v -0.012301 0.561828 0.083044
v -0.011694 0.513612 0.059810
v -0.018706 0.501232 0.042359
v -0.102836 0.662365 0.100130
v -0.047659 0.633989 0.113364
v -0.131993 0.664267 0.097556
v -0.025323 0.599638 0.100856
v -0.015805 0.572014 0.099592
v -0.015406 0.528284 0.088065
v -0.023766 0.508538 0.070059
v -0.027796 0.611091 0.117538
v -0.018356 0.586222 0.122763
v -0.019136 0.538182 0.116626
v -0.027747 0.520104 0.103027
v -0.164073 0.629570 0.066969
v -0.168443 0.631749 0.085681
v -0.034665 0.497824 0.052703
v -0.042193 0.507165 0.090292
v -0.067298 0.501238 0.100979
v -0.075018 0.666933 0.123354
v -0.139216 0.507214 0.088077
v -0.118758 0.497452 0.099084
v -0.180471 0.613815 0.100948
v -0.181786 0.585422 0.093321
v -0.105829 0.668917 0.116760
v -0.049772 0.646224 0.130438
v -0.158653 0.656277 0.114519
v -0.030986 0.617895 0.134830
v -0.048610 0.513364 0.130356
v -0.098311 0.499282 0.119336
v -0.072567 0.503193 0.127737
v -0.078132 0.673131 0.142022
v -0.144447 0.510629 0.109645
v -0.178086 0.556226 0.107527
v -0.163623 0.530507 0.108236
v -0.053001 0.653187 0.149256
v -0.137238 0.667900 0.122752
v -0.025041 0.601851 0.185152
v -0.172999 0.639785 0.112402
v -0.105793 0.505320 0.160573
v -0.078611 0.509843 0.167557
v -0.081628 0.676000 0.163129
v -0.152627 0.519297 0.145801
v -0.130887 0.507029 0.152952
v -0.183178 0.562850 0.137289
v -0.170299 0.538624 0.141296
v -0.185240 0.620617 0.135421
v -0.192034 0.593593 0.162904
v -0.112736 0.680498 0.152158
v -0.056526 0.654432 0.171609
v -0.141324 0.674937 0.144565
v -0.161606 0.660861 0.139105
v -0.036134 0.629009 0.177443
v -0.024656 0.557420 0.185122
v -0.035646 0.538090 0.181053
v -0.176495 0.643042 0.136294
v -0.055732 0.521560 0.178362
v -0.126674 0.508070 0.259043
v -0.090041 0.509665 0.227173
v -0.095337 0.672091 0.222077
v -0.168105 0.528034 0.214743
v -0.151468 0.515165 0.248245
v -0.190616 0.566599 0.210193
v -0.182360 0.545809 0.212296
v -0.190026 0.617737 0.170842
v -0.194237 0.591318 0.209859
v -0.125075 0.675716 0.215418
v -0.063264 0.654269 0.213913
v -0.148566 0.671568 0.185817
v -0.172921 0.652227 0.206435
v -0.042819 0.629183 0.218517
v -0.035797 0.602498 0.242625
v -0.031915 0.558004 0.236490
v -0.042834 0.539540 0.242256
v -0.183355 0.637200 0.179244
v -0.061278 0.522012 0.235649
v -0.106607 0.511477 0.278232
v -0.103719 0.667486 0.254004
v -0.171967 0.532902 0.248358
v -0.187992 0.570858 0.272417
v -0.184405 0.550730 0.247752
v -0.193998 0.607202 0.249567
v -0.192802 0.588738 0.249386
v -0.133699 0.669318 0.248901
v -0.075415 0.654282 0.258934
v -0.160146 0.660289 0.243462
v -0.179553 0.645386 0.245311
v -0.054259 0.629702 0.263620
v -0.051888 0.554941 0.299656
v -0.189128 0.625802 0.248013
v -0.067175 0.521886 0.264471
v -0.131339 0.511987 0.284064
v -0.113827 0.660063 0.282784
v -0.167827 0.536259 0.296620
v -0.152023 0.520903 0.294893
v -0.179683 0.553113 0.302025
v -0.186280 0.593205 0.308473
v -0.188589 0.584371 0.282117
v -0.141355 0.658826 0.279203
v -0.086251 0.651719 0.287592
v -0.164848 0.648893 0.278380
v -0.180793 0.634090 0.283364
v -0.063859 0.628470 0.293303
v -0.053178 0.599173 0.300310
v -0.060799 0.536875 0.299612
v -0.188911 0.614970 0.284796
v -0.082659 0.524318 0.329082
v -0.135257 0.520967 0.330931
v -0.114292 0.521108 0.336155
v -0.124679 0.651901 0.311395
v -0.185508 0.566673 0.314366
v -0.187584 0.582036 0.310544
v -0.149341 0.646932 0.309846
v -0.098223 0.645937 0.314760
v -0.168343 0.635627 0.312951
v -0.175328 0.614596 0.340657
v -0.076128 0.623758 0.320281
v -0.061140 0.553275 0.333220
v -0.072376 0.538244 0.353023
v -0.182488 0.597866 0.333049
v -0.135173 0.644198 0.339108
v -0.167468 0.538024 0.328587
v -0.154302 0.525379 0.328050
v -0.182715 0.558463 0.349410
v -0.188184 0.583360 0.361596
v -0.154488 0.636818 0.342308
v -0.110910 0.642570 0.343220
v -0.167985 0.625008 0.342151
v -0.097250 0.620293 0.371527
v -0.076111 0.599043 0.353331
v -0.066440 0.554391 0.358293
v -0.084292 0.525539 0.342934
v -0.137552 0.528461 0.348610
v -0.117647 0.527874 0.352036
v -0.142134 0.639246 0.375177
v -0.173382 0.541869 0.349387
v -0.157898 0.532594 0.348047
v -0.189288 0.570049 0.358666
v -0.190268 0.579708 0.360649
v -0.157662 0.631562 0.378086
v -0.120399 0.638901 0.370419
v -0.167115 0.618129 0.368652
v -0.173693 0.606596 0.367330
v -0.086716 0.594893 0.380151
v -0.073597 0.554966 0.380313
v -0.078161 0.540814 0.373371
v -0.179347 0.595554 0.365604
v -0.090233 0.535028 0.362370
v -0.142492 0.531874 0.365046
v -0.123683 0.536916 0.367088
v -0.145814 0.629436 0.402966
v -0.177930 0.547242 0.368188
v -0.162318 0.536441 0.364481
v -0.191837 0.569559 0.381056
v -0.186832 0.556920 0.374772
v -0.190554 0.578035 0.407811
v -0.193351 0.573731 0.399249
v -0.160131 0.619738 0.409465
v -0.128358 0.632063 0.397069
v -0.169732 0.608905 0.404527
v -0.175410 0.602857 0.398387
v -0.106622 0.617749 0.400735
v -0.093548 0.594037 0.405650
v -0.082226 0.557298 0.400055
v -0.087887 0.543729 0.390623
v -0.180830 0.593943 0.390164
v -0.102764 0.547762 0.377865
v -0.145627 0.543598 0.370695
v -0.127513 0.549157 0.373803
v -0.149877 0.613447 0.426138
v -0.180992 0.548107 0.379196
v -0.164413 0.550869 0.368940
v -0.194336 0.566314 0.395454
v -0.190292 0.555830 0.386789
v -0.162151 0.606816 0.426156
v -0.133565 0.613270 0.425685
v -0.170827 0.599009 0.424162
v -0.181347 0.588339 0.417334
v -0.114455 0.600176 0.425510
v -0.101190 0.583838 0.424426
v -0.090298 0.553200 0.414663
v -0.096056 0.542754 0.404206
v -0.110460 0.549773 0.382830
v -0.149501 0.537147 0.370484
v -0.130047 0.545561 0.362635
v -0.152869 0.590306 0.446128
v -0.193756 0.548863 0.384624
v -0.167804 0.539294 0.373224
v -0.198261 0.556235 0.397329
v -0.193480 0.567964 0.417937
v -0.200600 0.550340 0.408264
v -0.164368 0.586238 0.443645
v -0.138120 0.588626 0.446391
v -0.175345 0.581661 0.441511
v -0.183067 0.576469 0.433959
v -0.119858 0.576493 0.443752
v -0.108214 0.565685 0.438704
v -0.098548 0.540829 0.413340
v -0.102027 0.539898 0.386776
v -0.114713 0.543767 0.372214
v -0.149366 0.526969 0.357904
v -0.130324 0.524946 0.353775
v -0.153174 0.552339 0.458494
v -0.181283 0.533945 0.364792
v -0.166455 0.531233 0.360444
v -0.201088 0.540076 0.388358
v -0.193740 0.537892 0.371341
v -0.198593 0.549841 0.421428
v -0.162754 0.555478 0.456766
v -0.138833 0.544973 0.454949
v -0.176027 0.555959 0.450350
v -0.186603 0.554883 0.440821
v -0.123765 0.537895 0.444484
v -0.113233 0.533857 0.434280
v -0.099810 0.518426 0.395606
v -0.103092 0.518237 0.375900
v -0.115137 0.521213 0.366174
v -0.147057 0.507529 0.341277
v -0.128076 0.501028 0.346673
v -0.149405 0.504971 0.455967
v -0.180415 0.516317 0.349047
v -0.164960 0.513406 0.341919
v -0.203477 0.520768 0.375056
v -0.192528 0.517775 0.357319
v -0.203973 0.519965 0.415286
v -0.135281 0.499417 0.447907
v -0.175564 0.489509 0.452276
v -0.188554 0.523124 0.441203
v -0.121696 0.497318 0.435088
v -0.112184 0.497870 0.422861
v -0.099610 0.490807 0.388964
v -0.103224 0.501429 0.373498
v -0.145277 0.479027 0.332901
v -0.127117 0.472788 0.341644
v -0.144588 0.468121 0.454082
v -0.181413 0.491614 0.337741
v -0.164534 0.485444 0.332134
v -0.206774 0.498065 0.367700
v -0.194301 0.495202 0.348574
v -0.211934 0.496674 0.391473
v -0.159750 0.479182 0.456522
v -0.131625 0.456009 0.446447
v -0.189444 0.492351 0.443523
v -0.119568 0.463812 0.433730
v -0.107593 0.463540 0.422027
v -0.093669 0.428599 0.391576
v -0.100866 0.466760 0.370847
v -0.199927 0.496420 0.430549
v -0.144188 0.439627 0.333460
v -0.125463 0.433137 0.342621
v -0.182828 0.454231 0.337062
v -0.165581 0.446853 0.332114
v -0.209679 0.460775 0.363661
v -0.198003 0.458331 0.348403
v -0.212528 0.457182 0.413403
v -0.217373 0.459655 0.391056
v -0.153911 0.440653 0.458511
v -0.169527 0.447405 0.457756
v -0.185923 0.453491 0.450918
v -0.102168 0.428119 0.424070
v -0.097165 0.420986 0.375029
v -0.202248 0.457913 0.434383
v -0.145649 0.389154 0.340976
v -0.123425 0.383934 0.351384
v -0.137790 0.388728 0.454581
v -0.183801 0.395621 0.344298
v -0.167367 0.392197 0.339804
v -0.210986 0.399620 0.372470
v -0.198591 0.396266 0.355749
v -0.211168 0.399791 0.422810
v -0.216794 0.399037 0.398625
v -0.121071 0.379601 0.444792
v -0.165072 0.396715 0.461108
v -0.182121 0.401734 0.457187
v -0.103194 0.382183 0.429451
v -0.095405 0.379865 0.399105
v -0.099173 0.378623 0.379360
v -0.197939 0.401220 0.442634
v -0.144494 0.330077 0.359950
v -0.128332 0.330093 0.367208
v -0.136510 0.332134 0.455086
v -0.178754 0.332609 0.361044
v -0.162389 0.330349 0.357747
v -0.202634 0.329497 0.386996
v -0.192665 0.330718 0.370997
v -0.198323 0.331266 0.436220
v -0.205950 0.328549 0.413889
v -0.149706 0.273342 0.463619
v -0.125959 0.330692 0.448565
v -0.174159 0.335828 0.461595
v -0.120412 0.305398 0.441346
v -0.110828 0.328241 0.434484
v -0.103122 0.333354 0.406063
v -0.182309 0.310666 0.454981
v -0.118602 0.328008 0.376982
v -0.143983 0.257359 0.380928
v -0.131790 0.259241 0.386164
v -0.131737 0.275745 0.455052
v -0.171212 0.263963 0.383172
v -0.158622 0.261169 0.380387
v -0.189904 0.261824 0.408800
v -0.185931 0.263250 0.397211
v -0.179462 0.216999 0.451681
v -0.182181 0.217871 0.436993
v -0.156827 0.273527 0.465198
v -0.162716 0.224522 0.466250
v -0.120229 0.269567 0.438674
v -0.115408 0.269317 0.414838
v -0.122400 0.254953 0.405515
v -0.150698 0.064536 0.485495
v -0.140050 0.067196 0.487326
v -0.133689 0.075523 0.501069
v -0.129474 0.084354 0.520074
v -0.176925 0.179159 0.444912
v -0.177135 0.175263 0.431226
v -0.176711 0.154616 0.434543
v -0.176421 0.154240 0.452649
v -0.142327 0.207129 0.389963
v -0.134003 0.209550 0.396394
v -0.141874 0.226101 0.465872
v -0.168328 0.206165 0.400860
v -0.155311 0.205979 0.391285
v -0.181524 0.212007 0.420018
v -0.177802 0.209421 0.411392
v -0.170890 0.220206 0.461574
v -0.151073 0.223584 0.468731
v -0.133586 0.229191 0.460678
v -0.127709 0.222061 0.449099
v -0.124397 0.214513 0.427507
v -0.125106 0.212748 0.415545
v -0.128354 0.211025 0.406720
v -0.144568 0.166512 0.394300
v -0.135267 0.172181 0.401232
v -0.144621 0.191077 0.474407
v -0.168358 0.170497 0.411867
v -0.158692 0.150500 0.408911
v -0.180394 0.122553 0.439253
v -0.176127 0.174191 0.421740
v -0.175553 0.181154 0.456735
v -0.136725 0.190271 0.470564
v -0.154657 0.189630 0.473602
v -0.128899 0.192515 0.455499
v -0.125816 0.186812 0.438115
v -0.126360 0.168965 0.428376
v -0.161064 0.188924 0.469785
v -0.128241 0.162490 0.416357
v -0.143022 0.168448 0.482648
v -0.169166 0.158055 0.470249
v -0.174705 0.156633 0.459934
v -0.150502 0.165707 0.482731
v -0.137961 0.169817 0.480105
v -0.161314 0.162196 0.476879
v -0.123132 0.119544 0.616403
v -0.110697 0.122301 0.618712
v -0.104845 0.108546 0.617107
v -0.111958 0.119356 0.635480
v -0.110597 0.116374 0.648965
v -0.127062 0.115236 0.647930
v -0.124292 0.117503 0.634233
v -0.103024 0.108680 0.637477
v -0.128694 0.106975 0.637436
v -0.124640 0.119617 0.625836
v -0.110931 0.121719 0.626339
v -0.128604 0.103953 0.625521
v -0.101145 0.107271 0.628423
v -0.128398 0.107808 0.643948
v -0.110012 0.098625 0.619803
v -0.119364 0.109588 0.652367
v -0.113502 0.115120 0.652737
v -0.109966 0.100652 0.643270
v -0.109626 0.096594 0.630898
v -0.110138 0.096331 0.627542
v -0.113277 0.103622 0.647604
v -0.117598 0.096508 0.625118
v -0.123149 0.102992 0.646720
v -0.124312 0.114788 0.651762
v -0.122857 0.099517 0.642159
v -0.125430 0.112665 0.650716
v -0.113082 0.118043 0.648715
v -0.125418 0.116803 0.648199
v -0.115010 0.118370 0.635750
v -0.105747 0.116314 0.617864
v -0.125467 0.115404 0.616226
v -0.111102 0.118355 0.641915
v -0.126290 0.116841 0.639112
v -0.105849 0.116537 0.631429
v -0.128654 0.115071 0.628263
v -0.104263 0.115813 0.626105
v -0.107500 0.101996 0.619310
v -0.103620 0.103141 0.629272
v -0.112480 0.111840 0.651112
v -0.109069 0.105890 0.646349
v -0.126010 0.101091 0.627493
v -0.127369 0.103917 0.639475
v -0.134376 0.115195 0.649266
v -0.144345 0.112688 0.650486
v -0.144240 0.115448 0.644429
v -0.131216 0.111095 0.637907
v -0.145822 0.107240 0.634439
v -0.143091 0.116917 0.640752
v -0.134919 0.118336 0.638315
v -0.131552 0.112218 0.644394
v -0.146500 0.109791 0.643368
v -0.136412 0.111381 0.653179
v -0.136597 0.113827 0.652729
v -0.134810 0.100179 0.639717
v -0.134461 0.105887 0.650479
v -0.140568 0.104962 0.651148
v -0.141622 0.113079 0.653055
v -0.141114 0.100300 0.639236
v -0.143158 0.114547 0.651128
v -0.143145 0.118954 0.635870
v -0.134337 0.115366 0.645421
v -0.133154 0.117227 0.639989
v -0.145934 0.113561 0.638625
v -0.134864 0.114502 0.651720
v -0.131152 0.103596 0.638789
v -0.145323 0.107178 0.647059
v -0.131982 0.108308 0.646767
v -0.144600 0.102646 0.637550
v -0.132077 0.104018 0.628633
v -0.016343 1.219982 0.155475
v -0.017911 1.235681 0.144982
v -0.026000 1.234164 0.141734
v -0.034532 1.221977 0.141829
v -0.018838 1.218019 0.145634
v -0.026041 1.210070 0.144704
v -0.012910 1.249325 0.142235
v -0.012838 1.242491 0.145436
v -0.065879 1.224678 0.090487
v -0.066644 1.215946 0.070893
v -0.043400 1.251566 0.121668
v -0.014811 1.201309 0.154301
v -0.007263 1.205997 0.155794
v -0.037515 1.200596 0.138491
v -0.033326 1.205616 0.142128
v -0.035359 1.185716 0.139006
v -0.038627 1.217012 0.140837
v -0.047134 1.205811 0.131675
v -0.054257 1.212838 0.123553
v -0.057576 1.210950 0.113623
v -0.007571 1.152425 0.148683
v -0.022179 1.164928 0.142176
v -0.031853 1.168797 0.135732
v -0.029196 1.155910 0.131738
v -0.016023 1.148079 0.139420
v -0.007663 1.146014 0.142829
v -0.037944 1.177922 0.133197
v 0.000112 1.143422 0.141056
v -0.042479 1.195258 0.132692
v -0.056870 1.233770 0.125754
v -0.059530 1.222551 0.118653
v -0.062830 1.229470 0.111200
v -0.060022 1.247914 0.117243
v -0.063637 1.251277 0.108677
v -0.018136 1.243209 0.141329
v -0.014943 1.153289 0.144609
v 0.000000 1.150958 0.149270
v -0.038048 1.167475 0.127117
v -0.057548 1.181985 0.092717
v 0.000312 1.224410 -0.035464
v -0.007746 1.223299 -0.033875
v -0.016870 1.219388 -0.028080
v -0.032097 1.211161 -0.012713
v -0.042332 1.215331 -0.006563
v -0.057762 1.218908 0.011168
v -0.062543 1.218783 0.023738
v -0.064275 1.218940 0.036770
v -0.042112 1.205615 -0.002476
v -0.015257 1.208044 -0.021151
v -0.002729 1.210584 -0.026113
v -0.046268 1.190057 0.125669
v -0.035436 1.157064 0.121733
v -0.042810 1.167015 0.117770
v -0.045989 1.215659 0.135869
v -0.057837 1.227465 0.124441
v 0.000299 1.199598 0.158213
v -0.005678 1.200270 0.158299
v -0.012911 1.219216 0.061574
v -0.061870 1.328017 0.008825
v 0.000000 1.356829 -0.008548
v -0.030230 1.351802 -0.007913
v -0.053736 1.303271 -0.019530
v 0.000000 1.319443 -0.043635
v -0.014950 1.317973 -0.042197
v -0.029269 1.280720 -0.042767
v -0.011905 1.281528 -0.048237
v -0.071493 1.272234 0.059644
v -0.068942 1.247024 0.075078
v -0.063045 1.209519 0.051563
v -0.063516 1.212322 0.045052
v -0.071639 1.228798 0.062778
v -0.080349 1.265074 0.047132
v -0.074315 1.214717 0.057943
v -0.078223 1.260317 0.053374
v -0.080494 1.263991 0.039739
v -0.081448 1.255164 0.032193
v -0.080636 1.244191 0.029230
v -0.077196 1.212247 0.054694
v -0.072740 1.222306 0.058924
v -0.072400 1.243712 0.059143
v -0.074588 1.255812 0.057684
v -0.073410 1.255365 0.058984
v -0.072082 1.248646 0.061739
v -0.075606 1.209376 0.050740
v -0.075486 1.211938 0.047255
v -0.077864 1.231794 0.032743
v -0.077440 1.221914 0.039057
v -0.082457 1.262620 0.047765
v -0.078948 1.256221 0.054971
v -0.083378 1.262531 0.042199
v -0.085256 1.256893 0.036093
v -0.082101 1.234211 0.031625
v -0.084309 1.244317 0.030659
v -0.076125 1.250783 0.058031
v -0.077912 1.212439 0.049939
v -0.079387 1.217593 0.043841
v -0.080677 1.224868 0.037240
v -0.074076 1.231133 0.057725
v -0.081184 1.258260 0.047864
v -0.078419 1.254176 0.053749
v -0.081749 1.258855 0.043239
v -0.082746 1.255772 0.038673
v -0.082335 1.231107 0.035279
v -0.083161 1.245579 0.033332
v -0.072670 1.240270 0.057442
v -0.075940 1.246403 0.056296
v -0.078893 1.219140 0.046725
v -0.080588 1.221474 0.043173
v -0.073966 1.232984 0.054393
v -0.078043 1.257272 0.046022
v -0.074086 1.221586 0.054744
v -0.074684 1.253269 0.051400
v -0.078599 1.257765 0.042786
v -0.080154 1.251844 0.039816
v -0.075660 1.219861 0.052979
v -0.071819 1.225919 0.056327
v -0.076064 1.247529 0.054907
v -0.077230 1.221836 0.050054
v -0.082107 1.234028 0.036022
v -0.080904 1.230700 0.039474
v -0.077978 1.225966 0.044236
v -0.071982 1.237158 0.055807
v -0.068699 1.225468 0.053907
v -0.074788 1.244794 0.049787
v -0.079883 1.245560 0.043879
v -0.080413 1.239360 0.039941
v -0.067038 1.230392 0.053020
v -0.074283 1.244509 0.051335
v -0.075279 1.244286 0.055029
v -0.074372 1.227604 0.045695
v -0.078741 1.235651 0.039465
v -0.079625 1.230890 0.042170
v -0.073798 1.237158 0.040349
v -0.074773 1.232647 0.040488
v -0.074063 1.241227 0.053070
v -0.071200 1.237566 0.054314
v -0.070899 1.228988 0.043888
v -0.068375 1.228662 0.046690
v -0.073120 1.243112 0.049844
v -0.078138 1.244651 0.045836
v -0.035469 1.226092 -0.021937
v -0.045758 1.225643 -0.012308
v -0.000558 1.348351 0.117354
v -0.018718 1.344914 0.115449
v -0.081999 1.232876 0.040045
v -0.067184 1.229198 0.051220
v -0.073386 1.251222 0.050523
v -0.070986 1.234666 0.054351
v -0.073718 1.249190 0.052657
v -0.068520 1.227495 0.054973
v -0.080492 1.249493 0.041688
v -0.082835 1.243515 0.038254
v -0.077364 1.227716 0.047174
v -0.077249 1.253672 0.046321
v -0.083104 1.234970 0.038043
v -0.067709 1.233878 0.050194
v -0.070301 1.240149 0.048195
v -0.068782 1.230772 0.044358
v -0.076584 1.243487 0.046199
v -0.071409 1.240336 0.042362
v -0.079925 1.227753 0.039400
v -0.072143 1.236019 0.041883
v -0.080310 1.251956 0.037345
v -0.082367 1.237522 0.034634
v -0.070298 1.240867 0.046501
v -0.070422 1.236629 0.046014
v -0.069714 1.239051 0.045377
v -0.068226 1.232897 0.046956
v -0.071094 1.237299 0.050726
v -0.078219 1.227415 0.044925
v -0.077853 1.224291 0.051685
v -0.072496 1.223922 0.054872
v -0.078167 1.248527 0.033995
v -0.076749 1.261757 0.042138
v -0.075538 1.261109 0.046868
v -0.076571 1.238075 0.033782
v -0.078188 1.258899 0.038378
v -0.072537 1.213168 0.059957
v -0.073978 1.210554 0.056355
v -0.073751 1.220561 0.043212
v -0.071113 1.252215 0.064150
v -0.074987 1.230527 0.036898
v -0.073474 1.246649 0.033787
v -0.072426 1.258745 0.040151
v -0.070701 1.234998 0.033976
v -0.069217 1.213068 0.061515
v -0.067679 1.214163 0.048839
v -0.070364 1.250479 0.068784
v -0.071437 1.260038 0.061778
v -0.072024 1.262353 0.050720
v -0.070381 1.210517 0.058035
v -0.069191 1.222569 0.040368
v -0.068719 1.210619 0.053063
v -0.121364 0.121515 0.607190
v -0.107377 0.121472 0.605023
v -0.099548 0.107289 0.598808
v -0.124359 0.104177 0.611603
v -0.106661 0.096001 0.603777
v -0.116125 0.095117 0.608285
v -0.100990 0.116318 0.598442
v -0.124455 0.117006 0.609349
v -0.102089 0.099696 0.599933
v -0.120055 0.099802 0.611797
v -0.105470 0.124167 0.592730
v -0.121256 0.096163 0.608677
v -0.124095 0.123459 0.591988
v -0.097936 0.108388 0.589702
v -0.124834 0.104846 0.608164
v -0.103212 0.093816 0.592625
v -0.123137 0.090959 0.602569
v -0.100455 0.117765 0.590164
v -0.127050 0.117940 0.600679
v -0.099830 0.099311 0.590998
v -0.123649 0.095026 0.606410
v -0.144207 0.119471 0.625414
v -0.135609 0.120639 0.628196
v -0.130631 0.110342 0.622177
v -0.146343 0.106881 0.622527
v -0.135234 0.100367 0.620537
v -0.139298 0.100290 0.622433
v -0.132770 0.117062 0.625712
v -0.146071 0.112746 0.627024
v -0.132161 0.103070 0.619906
v -0.142971 0.102392 0.620190
v -0.144251 0.119861 0.619637
v -0.134944 0.122060 0.619437
v -0.138930 0.099610 0.618915
v -0.133277 0.118038 0.615931
v -0.145847 0.114819 0.620117
v -0.136038 0.120143 0.614412
v -0.130682 0.111378 0.616717
v -0.144831 0.106702 0.617248
v -0.141755 0.117494 0.605403
v -0.135748 0.119137 0.605489
v -0.131946 0.096216 0.611738
v -0.137841 0.094302 0.608700
v -0.132951 0.118501 0.606575
v -0.143527 0.113021 0.607863
v -0.128931 0.097433 0.612070
v -0.141304 0.097332 0.609949
v -0.142452 0.118996 0.628518
v -0.140622 0.059976 0.401136
v -0.144094 0.105089 0.608528
v -0.141924 0.070746 0.396907
v -0.143795 0.118605 0.594143
v -0.132910 0.120718 0.594621
v -0.126837 0.107814 0.608647
v -0.141958 0.085299 0.393055
v -0.128735 0.091487 0.603452
v -0.139932 0.094882 0.602042
v -0.129627 0.117433 0.601516
v -0.145117 0.115243 0.600861
v -0.126197 0.095299 0.606233
v -0.143037 0.098937 0.606610
v -0.152807 0.113857 0.635029
v -0.150178 0.112885 0.641292
v -0.159192 0.113371 0.641394
v -0.158318 0.114750 0.633645
v -0.159738 0.112588 0.636936
v -0.146811 0.104706 0.633198
v -0.161150 0.103056 0.633276
v -0.152038 0.115448 0.631470
v -0.147446 0.106624 0.638796
v -0.160910 0.105608 0.638125
v -0.151016 0.108608 0.642963
v -0.153595 0.111677 0.644453
v -0.150245 0.097849 0.632966
v -0.152610 0.103906 0.642696
v -0.157181 0.103644 0.641321
v -0.156971 0.113226 0.643748
v -0.156830 0.098010 0.634724
v -0.157592 0.109050 0.643391
v -0.151965 0.113907 0.642264
v -0.152788 0.116099 0.625839
v -0.159003 0.115308 0.624695
v -0.156773 0.096732 0.628802
v -0.150946 0.113476 0.636262
v -0.148161 0.109781 0.630477
v -0.161955 0.108962 0.632353
v -0.148382 0.112043 0.633761
v -0.147484 0.101455 0.632917
v -0.160993 0.114935 0.620004
v -0.151153 0.117440 0.619303
v -0.147975 0.105281 0.619176
v -0.161485 0.104723 0.619904
v -0.151478 0.098460 0.617431
v -0.155841 0.097804 0.618707
v -0.148617 0.111272 0.621784
v -0.161767 0.110522 0.622254
v -0.148565 0.101498 0.618439
v -0.159741 0.099741 0.620651
v -0.149009 0.111863 0.614974
v -0.161875 0.110912 0.616635
v -0.152812 0.116396 0.612062
v -0.160642 0.102412 0.607602
v -0.155921 0.097342 0.615019
v -0.157648 0.113140 0.600730
v -0.151842 0.114980 0.602717
v -0.147606 0.103822 0.612097
v -0.150589 0.094522 0.610109
v -0.149065 0.111690 0.606556
v -0.159655 0.109540 0.603388
v -0.147910 0.098716 0.612272
v -0.158723 0.096366 0.607355
v -0.155117 0.092930 0.606391
v -0.159834 0.112122 0.595561
v -0.150822 0.116685 0.593181
v -0.146392 0.105914 0.607881
v -0.161327 0.102100 0.602106
v -0.148677 0.091359 0.603189
v -0.155849 0.089623 0.598445
v -0.148072 0.114030 0.600388
v -0.147162 0.098463 0.606519
v -0.160768 0.095854 0.600726
v -0.164871 0.108599 0.623759
v -0.164462 0.107048 0.628533
v -0.172776 0.108389 0.623347
v -0.165134 0.108590 0.627982
v -0.161690 0.103256 0.623303
v -0.172943 0.109674 0.618199
v -0.165264 0.109744 0.620203
v -0.165862 0.106655 0.630044
v -0.164605 0.093796 0.621306
v -0.165688 0.098993 0.629411
v -0.171992 0.098713 0.629180
v -0.172209 0.105613 0.629890
v -0.171976 0.094172 0.621654
v -0.170020 0.108903 0.623997
v -0.169344 0.108452 0.628616
v -0.174782 0.100251 0.613710
v -0.165854 0.093725 0.612629
v -0.171973 0.093952 0.613107
v -0.162625 0.107210 0.621593
v -0.175423 0.106016 0.619446
v -0.162796 0.096951 0.620171
v -0.175612 0.102666 0.625647
v -0.163363 0.101057 0.627551
v -0.173087 0.107929 0.627081
v -0.174527 0.097063 0.618890
v -0.165201 0.112811 0.606057
v -0.162275 0.101459 0.608500
v -0.176395 0.101160 0.604423
v -0.166500 0.093290 0.607989
v -0.171690 0.093747 0.607528
v -0.164012 0.108163 0.610795
v -0.174459 0.106971 0.613093
v -0.163278 0.096422 0.607917
v -0.175348 0.097841 0.605305
v -0.164003 0.108831 0.605124
v -0.174360 0.110923 0.606665
v -0.173732 0.109923 0.603313
v -0.166477 0.111680 0.602496
v -0.173284 0.107729 0.592172
v -0.166950 0.111319 0.594320
v -0.162698 0.100354 0.603285
v -0.175803 0.099059 0.594140
v -0.165012 0.091200 0.602345
v -0.171107 0.090650 0.600265
v -0.163910 0.108592 0.597367
v -0.175086 0.103723 0.594545
v -0.163228 0.093201 0.602624
v -0.172895 0.110138 0.612600
v -0.166138 0.111217 0.612212
v -0.163004 0.101165 0.612913
v -0.172010 0.111269 0.586269
v -0.165694 0.111534 0.587481
v -0.161821 0.088363 0.596630
v -0.172999 0.089242 0.594020
v -0.163633 0.110261 0.594684
v -0.175535 0.106736 0.588421
v -0.178690 0.103947 0.593481
v -0.189566 0.101248 0.588692
v -0.179534 0.091030 0.595681
v -0.187539 0.089467 0.589317
v -0.181693 0.107969 0.594437
v -0.187446 0.105804 0.589568
v -0.177891 0.098218 0.597759
v -0.190177 0.095619 0.590673
v -0.177327 0.089369 0.592977
v -0.178928 0.107503 0.585381
v -0.176488 0.097817 0.594303
v -0.191533 0.093341 0.583771
v -0.192571 0.098764 0.578848
v -0.186057 0.086485 0.583154
v -0.180311 0.108236 0.582442
v -0.189681 0.104714 0.577759
v -0.155639 0.117513 0.622122
v -0.119977 0.114287 0.652787
v -0.118438 0.102483 0.648377
v -0.116979 0.097359 0.621106
v -0.117744 0.122818 0.624097
v -0.118474 0.119986 0.632850
v -0.116103 0.128617 0.586470
v -0.115947 0.124470 0.605460
v -0.117064 0.123651 0.614669
v -0.121630 0.129983 0.558213
v -0.115312 0.126792 0.554655
v -0.148452 0.125602 0.559076
v -0.166245 0.113709 0.552638
v -0.160284 0.118275 0.558814
v -0.188624 0.099088 0.550690
v -0.177652 0.108399 0.528367
v -0.177632 0.107906 0.548163
v -0.193559 0.091068 0.558070
v -0.193585 0.084832 0.554831
v -0.168885 0.110463 0.563252
v -0.130091 0.129308 0.561937
v -0.121135 0.131768 0.544679
v -0.144915 0.131214 0.545232
v -0.170065 0.116472 0.532588
v -0.157893 0.125999 0.539614
v -0.181186 0.101548 0.508392
v -0.175017 0.112074 0.524974
v -0.129375 0.134438 0.543734
v -0.139796 0.052741 0.410699
v -0.126092 0.137211 0.519858
v -0.120666 0.132537 0.508431
v -0.145116 0.139177 0.524989
v -0.137884 0.146382 0.502972
v -0.144208 0.050433 0.418596
v -0.160771 0.134262 0.513477
v -0.169609 0.124144 0.504792
v -0.178961 0.092350 0.477852
v -0.156083 0.136026 0.518376
v -0.132786 0.139502 0.521469
v -0.143119 0.144840 0.505114
v -0.164833 0.138062 0.492496
v -0.156419 0.141199 0.499868
v -0.177244 0.106234 0.445688
v -0.177619 0.119226 0.427819
v -0.175388 0.127741 0.474681
v -0.180484 0.097151 0.485621
v -0.170709 0.139763 0.475415
v -0.130418 0.145294 0.496217
v -0.123332 0.137004 0.499906
v -0.107696 0.119235 0.570904
v -0.104166 0.115006 0.554671
v -0.099589 0.091709 0.567689
v -0.100521 0.104564 0.564497
v -0.111166 0.121496 0.538157
v -0.107308 0.095663 0.549255
v -0.103649 0.104024 0.548305
v -0.110529 0.115575 0.525548
v -0.114496 0.099096 0.524906
v -0.110578 0.108070 0.526249
v -0.112175 0.111869 0.504214
v -0.113151 0.105039 0.506468
v -0.189954 0.077799 0.558321
v -0.168764 0.075280 0.561434
v -0.174675 0.074308 0.560568
v -0.172470 0.071597 0.538723
v -0.183611 0.075695 0.534968
v -0.183979 0.075494 0.558967
v -0.179148 0.081191 0.485944
v -0.175107 0.069713 0.505227
v -0.182789 0.080036 0.506435
v -0.180522 0.074450 0.501128
v -0.170085 0.065021 0.476341
v -0.174874 0.070632 0.475594
v -0.115744 0.082559 0.572899
v -0.126706 0.081755 0.574310
v -0.134780 0.082294 0.573337
v -0.142552 0.082193 0.571066
v -0.157497 0.078126 0.563036
v -0.163922 0.076570 0.562286
v -0.105880 0.086240 0.570587
v -0.179597 0.137790 0.436268
v -0.146914 0.076647 0.519600
v -0.157337 0.070504 0.513805
v -0.119245 0.090837 0.523581
v -0.124240 0.087615 0.547952
v -0.133129 0.084499 0.548312
v -0.143862 0.082133 0.545834
v -0.163081 0.073721 0.540818
v -0.112969 0.090613 0.547816
v -0.162075 0.055559 0.435095
v -0.164478 0.059946 0.430743
v -0.166492 0.073192 0.427986
v -0.113300 0.066650 0.420245
v -0.114523 0.057528 0.425624
v -0.118622 0.054230 0.432480
v -0.111158 0.066377 0.445688
v -0.114783 0.063223 0.451544
v -0.113328 0.090855 0.466793
v -0.114554 0.077405 0.470632
v -0.124265 0.059047 0.404487
v -0.148289 0.053104 0.413871
v -0.149848 0.059478 0.406716
v -0.127627 0.050467 0.423040
v -0.125797 0.053102 0.413499
v -0.158177 0.056694 0.421301
v -0.160228 0.062601 0.418489
v -0.155499 0.053578 0.425268
v -0.115679 0.123788 0.502163
v -0.113239 0.117325 0.501077
v -0.154524 0.083456 0.401262
v -0.154614 0.120462 0.406333
v -0.154709 0.106807 0.401613
v -0.151950 0.069718 0.403078
v -0.165844 0.107655 0.420249
v -0.125380 0.169354 0.446543
v -0.162475 0.076010 0.416851
v -0.171560 0.100464 0.431826
v -0.004724 0.513938 0.049725
v -0.116218 0.132008 0.463505
v -0.112741 0.093866 0.449218
v -0.113444 0.117972 0.466480
v -0.118293 0.137516 0.441583
v -0.114644 0.106064 0.445230
v -0.121768 0.137057 0.423688
v -0.121860 0.122470 0.423605
v -0.114519 0.077490 0.417511
v -0.119172 0.106356 0.425477
v -0.142646 0.114879 0.393784
v -0.129193 0.104737 0.402407
v -0.124046 0.084833 0.400769
v -0.122458 0.072276 0.400707
v -0.133704 0.128869 0.405530
v -0.132099 0.171599 0.470506
v -0.176271 0.149720 0.424905
v -0.137955 0.144642 0.405587
v -0.145677 0.150512 0.396186
v -0.163237 0.145722 0.481525
v -0.141728 0.154827 0.491957
v -0.177802 0.113869 0.458395
v -0.122653 0.153161 0.438616
v -0.146921 0.138955 0.395973
v -0.167670 0.144461 0.416714
v -0.178057 0.099436 0.459742
v -0.132795 0.158154 0.480740
v -0.137562 0.157838 0.487760
v -0.123226 0.155158 0.456622
v -0.151089 0.151478 0.490269
v -0.126525 0.148687 0.420937
v -0.181925 0.103643 0.479958
v -0.002075 0.493692 0.038345
v -0.008392 0.525805 0.061532
v -0.014075 0.554882 0.109773
v -0.018842 0.570024 0.155553
v -0.022550 0.580204 0.196466
v -0.031313 0.578036 0.243012
v -0.049777 0.575616 0.303162
v -0.059629 0.574613 0.332062
v -0.068562 0.575437 0.357671
v -0.084486 0.574614 0.402234
v -0.092704 0.568053 0.421135
v -0.101905 0.552966 0.433336
v -0.104791 0.528826 0.423424
v -0.102693 0.497577 0.408083
v -0.095402 0.427270 0.409559
v -0.096497 0.382326 0.413923
v -0.103487 0.333831 0.419364
v -0.116359 0.269104 0.427727
v -0.125615 0.219210 0.439628
v -0.164954 0.057867 0.451477
v -0.173998 0.072261 0.459879
v -0.115118 0.095075 0.506194
v -0.115922 0.126669 0.480901
v -0.120806 0.139782 0.474013
v 0.001674 0.491496 0.036625
v -0.127910 0.171333 0.459167
v -0.176956 0.109020 0.500116
v -0.175082 0.136415 0.465699
v -0.173085 0.087674 0.444887
v -0.170154 0.066232 0.445132
v -0.167449 0.060836 0.445386
v -0.169163 0.069145 0.508410
v -0.162975 0.068906 0.511961
v -0.119138 0.085218 0.503217
v -0.159818 0.062679 0.480250
v -0.144582 0.050106 0.427524
v -0.122731 0.053533 0.444333
v -0.118517 0.074197 0.477369
v -0.128677 0.050090 0.432187
v -0.157956 0.053150 0.436806
v -0.136328 0.053047 0.448922
v -0.128292 0.055065 0.454106
v -0.121338 0.060775 0.460083
v -0.149775 0.052439 0.445430
v -0.159807 0.057430 0.460338
v -0.128152 0.068037 0.478848
v -0.138593 0.118846 0.635648
v -0.136825 0.117493 0.641756
v -0.154613 0.108440 0.644487
v -0.168763 0.092744 0.609010
v -0.168566 0.093323 0.614181
v -0.169454 0.111998 0.611727
v -0.170227 0.113040 0.605286
v -0.154811 0.115381 0.600188
v -0.169702 0.111173 0.592402
v -0.166460 0.086600 0.591285
v -0.155823 0.117803 0.614886
v -0.138943 0.119377 0.608241
v -0.139823 0.122430 0.619033
v -0.139552 0.121878 0.625353
v -0.139596 0.116304 0.644035
v -0.178498 0.086332 0.586079
v -0.181160 0.087838 0.591207
v -0.138987 0.119461 0.600051
v -0.139490 0.115774 0.650863
v -0.135579 0.089328 0.596643
v -0.169132 0.110507 0.622258
v -0.184453 0.108812 0.589951
v -0.182899 0.090302 0.594700
v -0.168202 0.091700 0.602082
v -0.167894 0.088991 0.599696
v -0.179528 0.103072 0.611072
v -0.179492 0.103029 0.617085
v -0.187565 0.102752 0.610199
v -0.175764 0.099461 0.610302
v -0.189074 0.099422 0.608719
v -0.186444 0.104423 0.608562
v -0.179673 0.104807 0.609650
v -0.176877 0.098670 0.614928
v -0.179558 0.101586 0.619029
v -0.180676 0.103172 0.617562
v -0.179272 0.091486 0.609533
v -0.180746 0.094926 0.617280
v -0.187641 0.096795 0.615148
v -0.186518 0.102450 0.616751
v -0.187206 0.092659 0.609151
v -0.185338 0.100516 0.618726
v -0.177589 0.102425 0.611998
v -0.185599 0.103249 0.612779
v -0.176459 0.102562 0.609260
v -0.189204 0.095267 0.608825
v -0.187265 0.106873 0.603457
v -0.180521 0.107618 0.604441
v -0.179406 0.090303 0.604698
v -0.186825 0.093234 0.599449
v -0.178274 0.105248 0.601090
v -0.188371 0.103446 0.604881
v -0.176635 0.095339 0.608549
v -0.179944 0.108068 0.601033
v -0.190800 0.099347 0.600523
v -0.179785 0.091343 0.599758
v -0.177962 0.094443 0.600516
v -0.190545 0.096290 0.600682
v -0.188327 0.106620 0.599548
v -0.182960 0.089813 0.607302
v -0.183340 0.107911 0.600973
v -0.182311 0.100687 0.620219
v -0.182722 0.105710 0.608779
v -0.182074 0.105809 0.606995
v -0.182973 0.090755 0.599954
v -0.185255 0.108548 0.577956
v -0.100550 0.104843 0.576837
v -0.103400 0.112306 0.573815
v -0.192889 0.085228 0.564792
v -0.188667 0.099225 0.561922
v -0.114520 0.125152 0.572168
v -0.122769 0.127389 0.572923
v -0.132314 0.124359 0.574613
v -0.148101 0.119891 0.573241
v -0.163030 0.114396 0.567466
v -0.177635 0.077265 0.570987
v -0.098744 0.094170 0.580000
v -0.102267 0.088680 0.582352
v -0.113319 0.085175 0.584631
v -0.123506 0.084352 0.586201
v -0.132584 0.084554 0.586135
v -0.167799 0.079982 0.574693
v -0.161479 0.080170 0.578370
v -0.154700 0.082772 0.578230
v -0.179164 0.106426 0.560055
v -0.029121 0.603470 0.209875
v -0.038441 0.539948 0.209801
v -0.113691 0.505565 0.192446
v -0.139694 0.509626 0.185147
v -0.161365 0.523547 0.178260
v -0.177809 0.542550 0.174389
v -0.188933 0.565579 0.170511
v -0.167136 0.657199 0.170972
v -0.118227 0.679392 0.182310
v -0.087406 0.675791 0.190467
v -0.017708 1.253914 0.139889
v 0.030317 1.260460 0.144821
v 0.035340 1.261361 0.144001
v 0.038606 1.259148 0.141785
v 0.041780 1.260204 0.140366
v 0.042344 1.257399 0.137830
v 0.043301 1.256319 0.134724
v 0.043904 1.255486 0.133196
v 0.042499 1.256212 0.134412
v 0.041083 1.252858 0.137387
v 0.038015 1.251656 0.140646
v 0.034695 1.251504 0.142483
v 0.030604 1.251586 0.143128
v 0.026001 1.252025 0.142782
v 0.020730 1.249477 0.141550
v 0.023048 1.253278 0.140718
v 0.022022 1.259186 0.143577
v 0.022640 1.261231 0.144351
v 0.018776 1.255405 0.140482
v 0.016730 1.254616 0.140800
v 0.017721 1.253749 0.139854
v 0.016082 1.252851 0.140829
v 0.045463 1.252043 0.132618
v 0.040291 1.246934 0.136176
v 0.034967 1.246227 0.138882
v 0.029362 1.244971 0.139988
v 0.021894 1.246446 0.141129
v 0.012530 1.253014 0.141183
v 0.043418 1.262227 0.139111
v 0.046751 1.257122 0.132949
v 0.049960 1.252564 0.130353
v 0.029150 1.264907 0.145082
v 0.017070 1.262708 0.144673
v 0.014132 1.255122 0.140961
v 0.011658 1.256641 0.141892
v 0.007478 1.258778 0.146583
v 0.005484 1.252816 0.146869
v 0.010046 1.263338 0.147542
v 0.007911 1.240442 0.152747
v 0.004635 1.258230 0.147351
v 0.007932 1.246045 0.148108
v 0.002074 1.244898 0.151757
v 0.002808 1.252435 0.148235
v 0.045100 1.242813 0.133710
v 0.014397 1.249266 0.141838
v 0.049738 1.260906 0.133785
v 0.050495 1.255989 0.130448
v 0.016622 1.225140 0.147754
v 0.046309 1.265800 0.139985
v 0.009719 1.267111 0.150294
v 0.037642 1.269291 0.146127
v 0.028250 1.271467 0.149780
v 0.020976 1.228061 0.144180
v 0.051757 1.263715 0.133195
v 0.034498 1.240272 0.138493
v 0.040725 1.233863 0.137805
v 0.054300 1.255019 0.126872
v 0.007186 1.233248 0.157313
v 0.010732 1.232420 0.153613
v 0.017860 1.221399 0.146402
v 0.034756 1.273823 0.148146
v 0.041461 1.273077 0.144784
v 0.048224 1.273268 0.139733
v 0.013326 1.273452 0.152001
v 0.056732 1.247012 0.123648
v 0.053192 1.239541 0.128807
v 0.047659 1.227463 0.135584
v 0.024746 1.285714 0.150070
v 0.019410 1.329434 0.131303
v 0.035191 1.284955 0.145761
v 0.041706 1.282055 0.142666
v 0.015874 1.284602 0.151913
v 0.038261 1.303422 0.137680
v 0.029209 1.309621 0.140694
v 0.048549 1.303928 0.126896
v 0.056525 1.292037 0.116510
v 0.017195 1.298782 0.148470
v 0.040578 1.314289 0.129792
v 0.030617 1.328186 0.126909
v 0.018950 1.314897 0.141691
v 0.057811 1.262080 0.123936
v 0.055804 1.273245 0.128770
v 0.059347 1.264968 0.121090
v 0.066605 1.245149 0.092585
v 0.066464 1.228917 0.090208
v 0.063984 1.210319 0.086748
v 0.061055 1.289886 0.100836
v 0.062437 1.298834 0.090118
v 0.006790 1.212800 0.163643
v 0.007331 1.217358 0.165882
v 0.011288 1.220760 0.162398
v 0.009435 1.228794 0.158895
v 0.009426 1.212315 0.153722
v 0.011713 1.211568 0.152403
v 0.015485 1.216241 0.157418
v 0.017787 1.212316 0.147108
v 0.004673 1.224961 0.165055
v 0.005328 1.220157 0.166928
v 0.002620 1.213439 0.166624
v 0.001840 1.210626 0.163904
v 0.005904 1.211139 0.158033
v 0.002179 1.208567 0.158667
v 0.016147 1.212982 0.150681
v 0.012881 1.213425 0.155444
v 0.012358 1.215428 0.161387
v 0.018178 1.217129 0.150196
v 0.012400 1.212581 0.153393
v 0.010052 1.212988 0.159723
v 0.007651 1.213466 0.155905
v 0.005950 1.196353 0.161169
v 0.015010 1.209639 0.150262
v 0.006660 1.206999 0.155847
v 0.023805 1.186898 0.148182
v 0.017116 1.175649 0.150918
v 0.020078 1.203229 0.150430
v 0.024492 1.181739 0.146847
v 0.019616 1.191850 0.153183
v 0.028879 1.182909 0.144175
v 0.006887 1.212026 0.159914
v 0.009396 1.214836 0.154877
v 0.008419 1.214263 0.157758
v 0.012624 1.194014 0.158658
v 0.014197 1.190937 0.156994
v 0.014830 1.186296 0.149986
v 0.021507 1.185726 0.147206
v 0.022730 1.184974 0.146171
v 0.022122 1.185258 0.145116
v 0.020231 1.186284 0.146484
v 0.017508 1.185271 0.149912
v 0.022755 1.183418 0.147667
v 0.021508 1.185567 0.145071
v 0.014536 1.186928 0.152970
v 0.003322 1.192196 0.161346
v 0.002535 1.186895 0.155723
v 0.013008 1.183356 0.154600
v 0.014014 1.179253 0.154456
v 0.013547 1.173944 0.152297
v 0.011618 1.186531 0.151032
v 0.003014 1.170984 0.152608
v 0.005579 1.185297 0.155152
v 0.006324 1.182230 0.157423
v 0.006173 1.177501 0.157405
v 0.004733 1.189651 0.159437
v 0.009144 1.186261 0.152036
v 0.005560 1.186550 0.151841
v 0.019557 1.188261 0.145389
v 0.023120 1.187367 0.141655
v 0.023971 1.185131 0.140643
v 0.017206 1.185695 0.143643
v 0.008125 1.185946 0.151866
v 0.017422 1.191386 0.143980
v 0.027025 1.186537 0.137345
v 0.025020 1.181019 0.137549
v 0.013022 1.191658 0.146777
v 0.009705 1.183472 0.149667
v 0.021402 1.191299 0.142624
v 0.025315 1.192895 0.137585
v 0.018772 1.176153 0.140081
v 0.016610 1.200001 0.147156
v 0.005040 1.173129 0.148990
v 0.013046 1.175291 0.145769
v 0.007620 1.191576 0.149996
v 0.024227 1.207356 0.141369
v 0.009497 1.201629 0.150111
v 0.019139 1.208777 0.144947
v 0.033997 1.191263 0.124053
v 0.025969 1.206275 0.138201
v 0.024277 1.172593 0.133580
v 0.006205 1.207933 0.149015
v 0.011991 1.208468 0.147903
v 0.015262 1.170872 0.137499
v 0.025567 1.213195 0.132591
v 0.018262 1.216717 0.135248
v 0.031059 1.200014 0.128012
v 0.027825 1.173788 0.125601
v 0.023209 1.169826 0.126306
v 0.007023 1.219657 0.137577
v 0.006516 1.162660 0.132541
v 0.015994 1.168479 0.129885
v 0.028096 1.220019 0.120512
v 0.018379 1.225499 0.121700
v 0.034670 1.206952 0.115847
v 0.036551 1.194541 0.113847
v 0.030369 1.175937 0.112517
v 0.020702 1.168935 0.114863
v 0.005736 1.229211 0.123801
v 0.009835 1.229494 0.123219
v 0.008331 1.160879 0.114970
v 0.023322 1.230656 0.101483
v 0.038018 1.210307 0.098536
v 0.039360 1.197437 0.096507
v 0.030038 1.225207 0.101096
v 0.032095 1.176729 0.096421
v 0.027399 1.172300 0.095679
v 0.006820 1.234225 0.102758
v 0.012718 1.234928 0.102494
v 0.007905 1.158668 0.096892
v 0.016039 1.161702 0.096639
v 0.022923 1.165794 0.096137
v 0.030207 1.221101 0.077968
v 0.021854 1.226906 0.079632
v 0.038501 1.207910 0.072638
v 0.037862 1.198606 0.075402
v 0.032157 1.179720 0.075497
v 0.026461 1.164136 0.067407
v 0.007151 1.229990 0.080326
v 0.012393 1.230164 0.080638
v 0.018387 1.159547 0.062357
v 0.021927 1.216922 0.060122
v 0.035161 1.204978 0.056893
v 0.032854 1.198619 0.053662
v 0.029130 1.213407 0.058723
v 0.023114 1.186822 0.052199
v 0.022097 1.178559 0.053171
v 0.008302 1.220620 0.062029
v 0.012859 1.219042 0.061972
v 0.006856 1.166143 0.052093
v 0.017992 1.172335 0.051907
v 0.002420 1.219509 0.062117
v 0.017714 1.203102 0.049804
v 0.012442 1.206037 0.049687
v 0.024236 1.200159 0.048628
v 0.013941 1.186835 0.049192
v 0.004004 1.206315 0.049851
v 0.009127 1.204478 0.049974
v 0.004777 1.186828 0.049053
v 0.009012 1.187720 0.049840
v 0.042811 1.292889 0.137221
v 0.051077 1.290226 0.128844
v 0.061981 1.270392 0.112002
v 0.064384 1.256230 0.104916
v 0.012478 1.165119 0.148015
v 0.007414 1.143236 0.138087
v 0.015009 1.143952 0.133324
v 0.027234 1.176985 0.143928
v 0.006587 1.158926 0.150284
v 0.023427 1.164336 0.141071
v 0.047515 1.166309 0.103643
v 0.063632 1.203632 0.067578
v 0.050767 1.169680 0.070425
v 0.045636 1.161768 0.075502
v 0.030160 1.148751 0.098106
v 0.051576 1.170174 0.055920
v 0.055634 1.176920 0.043195
v 0.055227 1.154145 0.035008
v 0.051270 1.131811 0.048160
v 0.057464 1.141717 0.031035
v 0.061277 1.131078 0.027433
v 0.062350 1.110381 0.039654
v 0.068888 1.122534 0.022375
v 0.072046 1.104601 0.033942
v 0.078348 1.115355 0.017708
v 0.045940 1.159993 0.067284
v 0.049061 1.157601 0.056198
v 0.048684 1.143428 0.053691
v 0.044738 1.126426 0.059766
v 0.056203 1.120808 0.043753
v 0.062234 1.094170 0.047923
v 0.049336 1.107445 0.056599
v 0.013709 1.139280 0.105818
v 0.028733 1.145738 0.091756
v 0.012229 1.135596 0.093826
v 0.030637 1.142861 0.080168
v 0.015833 1.123370 0.085316
v 0.022365 1.124673 0.081564
v 0.011430 1.110031 0.084916
v 0.022740 1.074280 0.074008
v 0.034498 1.119133 0.070357
v 0.031209 1.089799 0.071350
v 0.016819 1.099440 0.079656
v 0.018135 1.084985 0.076224
v 0.036775 1.077011 0.068360
v 0.056092 1.173734 0.028029
v 0.055932 1.159119 0.023727
v 0.057429 1.146443 0.019806
v 0.062211 1.136572 0.016003
v 0.069267 1.127550 0.012553
v 0.078832 1.119816 0.008029
v 0.051892 1.178257 0.016451
v 0.052601 1.163603 0.013121
v 0.055004 1.151413 0.009625
v 0.059003 1.140311 0.006790
v 0.065424 1.129751 0.003922
v 0.073680 1.120586 -0.000072
v 0.044482 1.181456 0.005048
v 0.045823 1.166853 0.003459
v 0.051682 1.144799 -0.001173
v 0.059392 1.131390 -0.004161
v 0.067696 1.120992 -0.008250
v 0.032536 1.183873 -0.007526
v 0.031206 1.169784 -0.009921
v 0.042889 1.147538 -0.008345
v 0.050965 1.132128 -0.011989
v 0.059460 1.120256 -0.015906
v 0.034266 1.148045 -0.014565
v 0.045800 1.121968 -0.021220
v 0.021276 1.181983 -0.014169
v 0.024419 1.152336 -0.017540
v 0.033283 1.121756 -0.025182
v 0.069285 1.234473 0.069221
v 0.072817 1.276684 0.038905
v 0.053060 1.338043 0.000534
v 0.043687 1.345962 -0.003997
v 0.068978 1.308949 0.021463
v 0.066960 1.211069 0.066055
v 0.065558 1.211291 0.073487
v 0.066101 1.260441 0.083764
v 0.072435 1.275635 0.050106
v 0.072383 1.259186 0.041017
v 0.073283 1.255032 0.036307
v 0.061454 1.333507 0.031847
v 0.041362 1.355826 0.026033
v 0.051232 1.348280 0.028616
v 0.033361 1.355946 0.080656
v 0.061114 1.206804 0.044219
v 0.058672 1.191867 0.035268
v 0.054395 1.192385 0.020088
v 0.046389 1.194087 0.006084
v 0.039684 1.202808 -0.003814
v 0.030887 1.201606 -0.010627
v 0.054974 1.174042 0.083372
v 0.026268 1.193684 0.147727
v 0.014113 1.237969 0.147612
v 0.021681 1.146571 0.128767
v 0.028592 1.149945 0.122813
v 0.021242 1.137679 0.089562
v 0.020880 1.143001 0.104018
v 0.038706 1.154517 0.081889
v 0.063937 1.210070 0.057648
v 0.069424 1.240214 0.028516
v 0.061795 1.231402 0.006642
v 0.046398 1.231889 -0.016585
v 0.035927 1.233829 -0.027096
v 0.064961 1.244147 0.004060
v 0.050419 1.245057 -0.019449
v 0.039416 1.250641 -0.030368
v 0.028449 1.257415 -0.040045
v 0.068152 1.242177 0.013981
v 0.059721 1.262402 -0.010678
v 0.065909 1.265805 0.001767
v 0.059965 1.280071 -0.010484
v 0.050362 1.278497 -0.026534
v 0.045016 1.279438 -0.031804
v 0.036652 1.310554 -0.035804
v 0.072580 1.274213 0.030153
v 0.069841 1.293344 0.015847
v 0.057687 1.313263 -0.009359
v 0.040669 1.328879 -0.024003
v 0.036577 1.359097 0.057122
v 0.048508 1.350980 0.056570
v 0.045606 1.348644 0.079147
v 0.058835 1.309078 0.100819
v 0.058903 1.338256 0.054684
v 0.066304 1.321193 0.054023
v 0.052955 1.321766 0.107335
v 0.067135 1.319631 0.035749
v 0.068997 1.308131 0.049421
v 0.043089 1.330533 0.114038
v 0.063914 1.320285 0.069879
v 0.056148 1.336345 0.078341
v 0.066340 1.304356 0.071002
v 0.057031 1.189280 0.051298
v 0.052232 1.174435 0.063258
v 0.071420 1.267114 0.017733
v 0.043539 1.341846 0.097743
v 0.030191 1.348179 0.103898
v 0.016531 1.105994 -0.032156
v 0.007040 1.191932 -0.019221
v 0.010666 1.174887 -0.017617
v 0.019182 1.353154 0.103335
v 0.029143 1.336053 -0.028376
v 0.019650 1.364939 0.058244
v 0.024411 1.363105 0.024370
v 0.013914 1.263883 -0.047766
v 0.012971 1.250284 -0.045251
v 0.008484 1.229256 -0.036925
v 0.017524 1.361342 0.083606
v 0.012384 1.161564 -0.018576
v 0.039641 1.149274 0.068900
v 0.038339 1.138370 0.067441
v 0.014975 1.200568 -0.017758
v 0.019081 1.237093 -0.037703
v 0.025817 1.315585 -0.039956
v 0.033602 1.260550 0.138190
v 0.029033 1.259843 0.142375
v 0.037505 1.259439 0.139357
v 0.041837 1.255035 0.135058
v 0.038457 1.253199 0.139037
v 0.033307 1.252663 0.142444
v 0.022286 1.257658 0.141504
v 0.020299 1.254841 0.139719
v 0.027659 1.260307 0.139556
v 0.038001 1.260000 0.135965
v 0.042242 1.257896 0.131553
v 0.042533 1.255566 0.130469
v 0.035253 1.252658 0.136792
v 0.028134 1.252678 0.139104
v 0.021905 1.253588 0.137378
v 0.021731 1.258121 0.138706
v 0.020319 1.254895 0.137742
v 0.031142 1.265060 0.140010
v 0.037868 1.263797 0.137331
v 0.042824 1.260336 0.133032
v 0.044308 1.255788 0.130968
v 0.042428 1.251794 0.132936
v 0.038538 1.248735 0.135337
v 0.029558 1.246880 0.138632
v 0.023309 1.248276 0.137805
v 0.018092 1.251613 0.135236
v 0.024245 1.263118 0.140147
v 0.018936 1.259116 0.137573
v 0.017247 1.255745 0.135203
v 0.033825 1.269467 0.134651
v 0.029662 1.269334 0.135752
v 0.037726 1.267796 0.133524
v 0.042625 1.264676 0.129806
v 0.044879 1.259435 0.129926
v 0.045305 1.255247 0.128948
v 0.043615 1.249863 0.129220
v 0.037385 1.245165 0.132846
v 0.028231 1.244125 0.134917
v 0.019854 1.246655 0.131351
v 0.024641 1.269461 0.134570
v 0.019337 1.263653 0.135897
v 0.015948 1.256628 0.133339
v 0.044300 1.262704 0.127698
v 0.045432 1.258228 0.125417
v 0.045202 1.254835 0.123966
v 0.039468 1.245241 0.126197
v 0.035137 1.243071 0.127430
v 0.029147 1.242112 0.127768
v 0.024355 1.243409 0.127727
v 0.018852 1.246594 0.127069
v 0.017940 1.265166 0.131827
v 0.015237 1.258731 0.130764
v 0.015537 1.253110 0.128879
v 0.033264 1.271866 0.126356
v 0.028992 1.271736 0.128641
v 0.036970 1.270268 0.127818
v 0.042592 1.249898 0.121582
v 0.018712 1.267190 0.126817
v 0.014757 1.257674 0.126642
v 0.040694 1.267424 0.125006
v 0.043203 1.263579 0.122166
v 0.024190 1.244257 0.122579
v 0.034567 1.243986 0.121680
v 0.028714 1.242954 0.122347
v 0.017119 1.250522 0.122232
v 0.024252 1.270946 0.127078
v 0.015191 1.256016 0.123197
v 0.035786 1.270270 0.121870
v 0.038391 1.247132 0.119518
v 0.020087 1.246998 0.121869
v 0.015434 1.261670 0.125482
v 0.018241 1.265158 0.121211
v 0.039381 1.267387 0.120692
v 0.043595 1.258617 0.119876
v 0.027285 1.245803 0.117376
v 0.042335 1.255069 0.117849
v 0.033417 1.246952 0.116508
v 0.023256 1.269475 0.121190
v 0.029871 1.271228 0.121467
v 0.016657 1.257507 0.119272
v 0.041790 1.262098 0.118056
v 0.037621 1.250165 0.115667
v 0.020162 1.249895 0.117845
v 0.030346 1.253079 0.112111
v 0.033480 1.256735 0.111844
v 0.025982 1.256748 0.111853
v 0.033189 1.262552 0.112628
v 0.029962 1.267571 0.115358
v 0.026431 1.263586 0.113150
v 0.022007 1.253018 0.114507
v 0.039009 1.258472 0.114439
v 0.021592 1.264689 0.116162
v 0.019564 1.257617 0.115552
v 0.032910 1.268321 0.116692
v 0.037924 1.264464 0.115800
v 0.027167 1.249736 0.114001
v 0.035263 1.252033 0.113393
v 0.256395 1.027339 0.047225
v 0.226496 1.032021 0.071042
v 0.209414 1.031013 0.075516
v 0.192605 1.028719 0.080453
v 0.171390 1.018233 0.086382
v 0.161400 1.005345 0.092316
v 0.152651 0.994519 0.097881
v 0.139086 0.964047 0.111054
v 0.133001 0.949711 0.117073
v 0.199432 1.048125 0.066005
v 0.219832 1.049606 0.060803
v 0.248175 1.047178 0.039750
v 0.183482 1.042865 0.072468
v 0.154275 1.025854 0.084959
v 0.142004 1.015492 0.094914
v 0.130030 1.004446 0.102549
v 0.122813 0.987639 0.110893
v 0.117108 0.965072 0.122175
v 0.177557 1.060711 0.057526
v 0.200173 1.066801 0.052329
v 0.223725 1.069319 0.031220
v 0.141746 1.043984 0.072040
v 0.124652 1.032741 0.081406
v 0.113554 1.019822 0.094742
v 0.106077 1.003392 0.107683
v 0.100790 0.972178 0.125097
v 0.098694 0.956341 0.131737
v 0.152006 1.069796 0.050612
v 0.166870 1.077009 0.042875
v 0.188305 1.085286 0.025064
v 0.112980 1.052156 0.069585
v 0.087331 1.035892 0.082864
v 0.080946 1.008583 0.098472
v 0.077449 0.994159 0.109558
v 0.078518 0.967987 0.126181
v 0.078939 0.950204 0.134642
v 0.119257 1.071837 0.046619
v 0.132838 1.078799 0.034020
v 0.142462 1.087246 0.020912
v 0.078967 1.054142 0.071613
v 0.230977 0.987079 0.081191
v 0.212588 0.983369 0.082835
v 0.186485 0.972879 0.075478
v 0.172940 0.974795 0.072209
v 0.168148 0.967952 0.072539
v 0.168068 0.954785 0.069299
v 0.167337 0.941368 0.066992
v 0.167583 0.923783 0.066073
v 0.164938 0.908094 0.067385
v 0.259288 0.951611 0.064787
v 0.230672 0.960651 0.085646
v 0.214786 0.966215 0.085264
v 0.188089 0.942354 0.075761
v 0.177709 0.932720 0.061755
v 0.168711 0.923748 0.045673
v 0.176270 0.931138 0.033214
v 0.172461 0.907178 0.026840
v 0.173169 0.884325 0.025716
v 0.260686 0.931177 0.068374
v 0.230371 0.930702 0.097379
v 0.214814 0.943766 0.093159
v 0.186931 0.934002 0.076972
v 0.180321 0.914903 0.068551
v 0.171107 0.909221 0.050786
v 0.259723 1.008869 0.054353
v 0.229803 1.013838 0.077806
v 0.197927 1.013647 0.082941
v 0.185550 1.007972 0.084315
v 0.175317 1.005037 0.086701
v 0.167751 0.993597 0.089954
v 0.162814 0.976939 0.092997
v 0.151900 0.942573 0.104134
v 0.188480 0.957522 0.072412
v 0.175727 0.952081 0.059052
v 0.168335 0.953831 0.054578
v 0.174637 0.937930 0.050757
v 0.170382 0.922442 0.048319
v 0.168579 0.895060 0.049622
v 0.243598 1.030545 0.061905
v 0.235896 1.049420 0.051737
v 0.215548 1.069377 0.041975
v 0.180132 1.081740 0.033804
v 0.245771 0.984550 0.073496
v 0.245915 0.949868 0.079510
v 0.246459 1.011575 0.068714
v 0.035328 1.066065 0.070418
v 0.074903 1.088504 0.042628
v 0.083380 1.096035 0.030982
v 0.041525 1.081405 -0.046007
v 0.056408 1.090247 -0.042798
v 0.081016 1.088998 -0.044895
v 0.086273 1.101158 -0.030902
v 0.053517 1.028302 0.092310
v 0.015862 0.957277 0.125244
v 0.042612 1.044706 0.083104
v 0.117523 1.097377 -0.033908
v 0.132340 1.098241 -0.021622
v 0.147188 1.100345 -0.011287
v 0.152879 1.097680 0.000377
v 0.147907 1.094286 0.010201
v 0.114778 1.101396 0.014271
v 0.115238 1.108258 -0.004812
v 0.105577 1.107614 -0.014140
v 0.077545 1.111206 -0.015862
v 0.056831 1.107275 -0.028585
v 0.022172 1.090703 -0.038648
v 0.042786 1.102938 -0.033526
v 0.069894 1.110618 -0.021797
v 0.084980 1.113589 -0.006122
v 0.013246 1.018085 0.100175
v 0.092955 1.113741 0.001746
v 0.093799 1.110247 0.011357
v 0.089240 1.104389 0.021141
v 0.029837 1.022748 0.097517
v 0.051326 0.978493 0.119710
v 0.020079 1.061915 0.075608
v 0.058622 1.077959 0.056402
v 0.076569 1.070651 0.054805
v 0.039222 1.055459 0.074435
v 0.090615 1.077111 0.045052
v 0.097341 1.083767 0.034393
v 0.106662 1.093576 0.023474
v 0.017537 1.047130 0.082332
v 0.031434 0.978707 0.119217
v 0.031445 0.962542 0.125986
v 0.031422 0.945651 0.131214
v 0.057963 0.945425 0.135351
v 0.054131 0.963543 0.127598
v 0.054465 1.010024 0.102053
v 0.046800 1.069438 -0.052996
v 0.022101 1.065563 -0.047578
v 0.068976 1.073739 -0.055848
v 0.092518 1.079215 -0.057044
v 0.116570 1.083653 -0.053270
v 0.136984 1.085375 -0.044069
v 0.183078 1.087639 -0.018311
v 0.191941 1.086416 -0.003074
v 0.193702 1.086344 0.010375
v 0.075374 1.061573 -0.064165
v 0.101449 1.066932 -0.067552
v 0.129251 1.069110 -0.063578
v 0.161017 1.069220 -0.051138
v 0.187474 1.070392 -0.034119
v 0.212246 1.068444 -0.018397
v 0.224752 1.068214 0.000613
v 0.227396 1.068831 0.017226
v 0.181651 1.046222 -0.057356
v 0.138033 1.040613 -0.073512
v 0.154886 1.008265 -0.072757
v 0.135541 0.960766 -0.077036
v 0.127865 0.924402 -0.077659
v 0.137721 1.049928 -0.071993
v 0.125564 1.008552 -0.082971
v 0.111425 0.963327 -0.087191
v 0.103440 0.925357 -0.086177
v 0.104667 1.049429 -0.075056
v 0.096428 1.011645 -0.086344
v 0.091480 0.975471 -0.088584
v 0.085810 0.943073 -0.088413
v 0.078811 1.038784 -0.076337
v 0.072084 1.008776 -0.084917
v 0.067025 0.973176 -0.085767
v 0.065292 0.949470 -0.085467
v 0.063697 0.934354 -0.083285
v 0.051493 1.040244 -0.063811
v 0.049583 1.024216 -0.072248
v 0.048651 1.008505 -0.076335
v 0.043135 0.948513 -0.077680
v 0.025645 1.024084 -0.061024
v 0.025372 0.993808 -0.067974
v 0.030457 0.962481 -0.074024
v 0.211944 1.049322 -0.037039
v 0.236046 1.051084 -0.017222
v 0.247743 1.050273 0.001832
v 0.251202 1.048959 0.023125
v 0.230086 1.031537 -0.038489
v 0.250312 1.031647 -0.017118
v 0.259764 1.030629 0.003829
v 0.263119 1.026138 0.027460
v 0.207789 1.027084 -0.052105
v 0.189896 1.016642 -0.062087
v 0.193692 0.992407 -0.060565
v 0.163989 0.923066 -0.042892
v 0.158387 0.907978 -0.040141
v 0.154846 0.886943 -0.039609
v 0.241665 1.015335 -0.037069
v 0.258299 1.014895 -0.016296
v 0.266775 1.010617 0.007337
v 0.267615 1.005531 0.033125
v 0.221344 1.014116 -0.048563
v 0.205675 1.005331 -0.055746
v 0.178347 1.001906 -0.065638
v 0.168872 0.899697 -0.012625
v 0.165816 0.881540 -0.017001
v 0.250481 0.985596 -0.028911
v 0.263448 0.979913 -0.010193
v 0.268827 0.974688 0.013978
v 0.267965 0.986849 0.037053
v 0.234671 0.979717 -0.037959
v 0.219979 0.974674 -0.042821
v 0.173975 0.930439 0.000723
v 0.174258 0.923707 0.013702
v 0.172236 0.883837 0.010425
v 0.252134 0.963818 -0.020511
v 0.222645 0.943295 -0.028206
v 0.171804 0.929706 -0.010873
v 0.170269 0.928927 0.005960
v 0.168682 0.934483 0.022906
v 0.263429 0.947879 0.003019
v 0.268397 0.932652 0.028367
v 0.266447 0.935302 0.049437
v 0.237593 0.943399 -0.020991
v 0.171499 0.912733 -0.000867
v 0.167951 0.911329 0.015850
v 0.169737 0.944163 0.041760
v 0.252474 0.908479 0.006988
v 0.224486 0.922856 -0.015787
v 0.171519 0.890116 0.025726
v 0.171077 0.894928 0.038319
v 0.171594 0.934232 0.019631
v 0.168101 0.929358 -0.028674
v 0.215923 0.989281 -0.048881
v 0.172753 0.932016 -0.014197
v 0.268885 0.990287 0.010835
v 0.262856 0.997109 -0.013582
v 0.247708 1.000307 -0.033865
v 0.230817 0.997607 -0.042979
v 0.167229 0.968060 0.084746
v 0.167769 0.980529 0.083368
v 0.173547 0.991938 0.083059
v 0.185446 0.990801 0.082729
v 0.162531 0.941342 0.084361
v 0.205442 0.966201 -0.042593
v 0.209311 0.937265 -0.028302
v 0.208192 0.915752 -0.015397
v 0.203121 0.979518 -0.051158
v 0.146334 0.916776 -0.065943
v 0.156802 0.943113 -0.062828
v 0.215810 0.921656 0.105077
v 0.174382 0.901014 0.053303
v 0.249124 0.915707 0.092067
v 0.262057 0.903745 0.021918
v 0.269688 0.875917 0.075545
v 0.239973 0.899195 0.002297
v 0.177063 0.884078 0.016145
v 0.263805 0.887516 0.088966
v 0.193638 0.897009 0.099425
v 0.183484 0.896398 0.079888
v 0.183889 0.856408 0.079335
v 0.255004 0.850785 0.033635
v 0.262516 0.859658 0.040618
v 0.269310 0.863891 0.057784
v 0.243581 0.855582 0.022731
v 0.228207 0.868276 0.012706
v 0.181794 0.863563 0.029596
v 0.177857 0.867424 0.037663
v 0.215796 0.851314 0.019795
v 0.237570 0.874419 0.125178
v 0.220547 0.883534 0.123535
v 0.189743 0.868627 0.094456
v 0.255393 0.867887 0.117146
v 0.232249 0.836219 0.028874
v 0.181940 0.841434 0.067261
v 0.266947 0.855082 0.107373
v 0.224509 0.862749 0.131756
v 0.201461 0.837004 0.124108
v 0.254646 0.831231 0.045055
v 0.263422 0.833149 0.058597
v 0.271751 0.828316 0.082058
v 0.271727 0.850284 0.090601
v 0.190419 0.832371 0.045702
v 0.187010 0.828602 0.057268
v 0.091772 0.894200 0.141455
v 0.101764 0.888753 0.136799
v 0.105055 0.899042 0.136375
v 0.094245 0.906833 0.140880
v 0.079873 0.897338 0.144636
v 0.099494 0.901957 0.139142
v 0.084181 0.916762 0.142411
v 0.093587 0.887303 0.139983
v 0.111695 0.885711 0.130447
v 0.096880 0.921084 0.139071
v 0.064139 0.922964 0.142745
v 0.056497 0.900133 0.146163
v 0.064119 0.891164 0.146436
v 0.074912 0.882797 0.144382
v 0.081919 0.855529 0.135439
v 0.105180 0.877789 0.131492
v 0.117434 0.873862 0.120952
v 0.123809 0.892253 0.122383
v 0.122432 0.907031 0.127144
v 0.118221 0.918385 0.129927
v 0.109056 0.922161 0.134389
v 0.097529 0.941951 0.135881
v 0.079356 0.936216 0.139546
v 0.045639 0.918136 0.141575
v 0.040739 0.912275 0.141467
v 0.043110 0.900393 0.143611
v 0.051034 0.887474 0.145009
v 0.061597 0.866114 0.141650
v 0.130707 0.865493 0.101530
v 0.135774 0.916383 0.115998
v 0.126908 0.936947 0.122241
v 0.110100 0.941721 0.130787
v 0.025553 0.898407 0.137351
v 0.037082 0.881611 0.140607
v 0.100684 0.854181 0.126853
v 0.121643 0.854470 0.109171
v 0.141209 0.919655 0.109822
v 0.067261 0.901868 0.146074
v 0.010534 0.923874 0.129754
v 0.012186 0.887086 0.136245
v 0.229868 0.660113 0.497247
v 0.235907 0.633258 0.510629
v 0.240286 0.643368 0.502806
v 0.237693 0.652881 0.505951
v 0.237621 0.658941 0.494803
v 0.241623 0.648510 0.489373
v 0.235773 0.642698 0.485464
v 0.235193 0.650389 0.470589
v 0.237506 0.665724 0.476237
v 0.239627 0.656615 0.470090
v 0.231888 0.648357 0.467745
v 0.228874 0.670783 0.474681
v 0.226700 0.658604 0.499914
v 0.229204 0.649160 0.471822
v 0.230383 0.641557 0.486440
v 0.230589 0.636052 0.500318
v 0.224734 0.668045 0.478698
v 0.232921 0.641596 0.535441
v 0.235135 0.643884 0.530297
v 0.232466 0.637578 0.540377
v 0.239160 0.629214 0.529853
v 0.234649 0.630736 0.541527
v 0.239947 0.632784 0.525550
v 0.239027 0.640445 0.526411
v 0.238572 0.627368 0.535871
v 0.238623 0.635929 0.526322
v 0.234033 0.639881 0.536501
v 0.240843 0.650451 0.501505
v 0.241525 0.655159 0.489454
v 0.240726 0.664213 0.467987
v 0.240364 0.660699 0.476783
v 0.235436 0.642192 0.530475
v 0.221548 0.644295 0.500077
v 0.222081 0.649096 0.490575
v 0.220283 0.657846 0.465025
v 0.220403 0.656078 0.473166
v 0.237664 0.644412 0.525695
v 0.237227 0.628571 0.525360
v 0.234761 0.625911 0.532636
v 0.229189 0.639733 0.536368
v 0.228639 0.630880 0.538813
v 0.224351 0.636590 0.521894
v 0.240600 0.642136 0.521556
v 0.228223 0.647208 0.524222
v 0.239853 0.653233 0.480636
v 0.236867 0.662961 0.484185
v 0.237657 0.648242 0.518331
v 0.241519 0.639852 0.515594
v 0.232547 0.632492 0.511834
v 0.227320 0.649958 0.516965
v 0.241011 0.644574 0.516273
v 0.224609 0.640296 0.514114
v 0.231971 0.650786 0.518423
v 0.225684 0.632369 0.533571
v 0.231918 0.627130 0.527797
v 0.221262 0.649431 0.502860
v 0.222143 0.655060 0.493389
v 0.219865 0.661385 0.475718
v 0.234077 0.635625 0.541886
v 0.228118 0.635325 0.538826
v 0.224757 0.637729 0.530552
v 0.224250 0.644192 0.516033
v 0.226817 0.636233 0.512583
v 0.225334 0.644255 0.489140
v 0.223845 0.646399 0.484540
v 0.228329 0.628289 0.530460
v 0.223254 0.651718 0.473407
v 0.232116 0.626868 0.535583
v 0.237223 0.626821 0.537768
v 0.226802 0.632932 0.518476
v 0.221589 0.650844 0.461582
v 0.226044 0.637352 0.501362
v 0.237724 0.639633 0.526503
v 0.237148 0.631171 0.539934
v 0.237877 0.633299 0.537485
v 0.240564 0.627443 0.507037
v 0.244581 0.611886 0.496315
v 0.249680 0.617374 0.501298
v 0.246126 0.626649 0.502066
v 0.246214 0.633432 0.492690
v 0.251078 0.622900 0.488127
v 0.245566 0.615624 0.486362
v 0.240349 0.633691 0.495814
v 0.235901 0.641575 0.477359
v 0.242882 0.623052 0.468427
v 0.250189 0.628942 0.473467
v 0.245141 0.641443 0.467663
v 0.251651 0.635275 0.453693
v 0.240196 0.626803 0.459957
v 0.231910 0.646049 0.467102
v 0.236656 0.624215 0.512618
v 0.236233 0.624793 0.460126
v 0.238747 0.618914 0.473968
v 0.241571 0.614278 0.486099
v 0.239082 0.607848 0.501383
v 0.231810 0.640357 0.474685
v 0.245701 0.612676 0.534081
v 0.246558 0.606916 0.542631
v 0.248118 0.596736 0.536665
v 0.246384 0.599980 0.542933
v 0.249351 0.601913 0.526826
v 0.249713 0.609988 0.526429
v 0.248125 0.601548 0.542132
v 0.247810 0.608586 0.529201
v 0.248494 0.605177 0.527986
v 0.248795 0.597916 0.538091
v 0.250944 0.628522 0.490561
v 0.249490 0.637681 0.465785
v 0.232374 0.614829 0.507726
v 0.231470 0.622848 0.489826
v 0.222806 0.631311 0.460400
v 0.227733 0.628406 0.472649
v 0.243589 0.611469 0.537883
v 0.248116 0.599845 0.527078
v 0.245387 0.595725 0.534834
v 0.240546 0.599477 0.541490
v 0.239790 0.617964 0.524358
v 0.250074 0.606193 0.524387
v 0.247853 0.613667 0.527704
v 0.231969 0.637405 0.481717
v 0.249580 0.622537 0.501702
v 0.237954 0.633453 0.495526
v 0.245869 0.603931 0.515288
v 0.250293 0.610192 0.515069
v 0.241641 0.603447 0.513816
v 0.250123 0.612486 0.522034
v 0.233801 0.608794 0.519802
v 0.246099 0.619420 0.520117
v 0.250597 0.614953 0.517033
v 0.234892 0.611352 0.515121
v 0.242291 0.617747 0.525248
v 0.235973 0.601643 0.535145
v 0.242156 0.597061 0.530300
v 0.232366 0.619030 0.510261
v 0.232709 0.628082 0.492317
v 0.222065 0.641779 0.459323
v 0.228594 0.633472 0.477345
v 0.245377 0.605503 0.543846
v 0.240028 0.604688 0.542780
v 0.231725 0.625854 0.496917
v 0.234139 0.612819 0.522613
v 0.235034 0.616025 0.517520
v 0.236217 0.606408 0.536525
v 0.235666 0.605239 0.517878
v 0.236337 0.607608 0.513181
v 0.232962 0.615783 0.493404
v 0.233738 0.618377 0.487715
v 0.238049 0.598770 0.532250
v 0.231154 0.623569 0.471660
v 0.242186 0.596125 0.538077
v 0.234297 0.610166 0.505647
v 0.228935 0.625861 0.456637
v 0.246988 0.597167 0.540061
v 0.246458 0.606939 0.494937
v 0.249606 0.597740 0.475783
v 0.253506 0.602128 0.475597
v 0.251197 0.604018 0.495017
v 0.252715 0.614894 0.474431
v 0.254743 0.605738 0.470508
v 0.252602 0.601865 0.469050
v 0.244666 0.622613 0.465150
v 0.248138 0.606699 0.451307
v 0.254221 0.612365 0.456739
v 0.250380 0.622501 0.455592
v 0.256288 0.617941 0.440111
v 0.239766 0.607251 0.443212
v 0.240043 0.624456 0.458041
v 0.243007 0.617117 0.476073
v 0.243323 0.604788 0.498930
v 0.244366 0.605940 0.450872
v 0.246525 0.599093 0.467763
v 0.246739 0.588390 0.492472
v 0.237281 0.623554 0.458353
v 0.237631 0.620990 0.461498
v 0.251105 0.592912 0.520215
v 0.251798 0.595082 0.512688
v 0.247963 0.592259 0.522563
v 0.250438 0.579682 0.514593
v 0.248647 0.583493 0.523670
v 0.253551 0.586445 0.507382
v 0.253857 0.591941 0.508748
v 0.250371 0.586018 0.525155
v 0.250830 0.590208 0.523346
v 0.253632 0.581322 0.516615
v 0.253145 0.587569 0.509260
v 0.254671 0.595947 0.498862
v 0.255215 0.609724 0.472659
v 0.254068 0.619277 0.451775
v 0.238465 0.596205 0.491578
v 0.229211 0.615838 0.442667
v 0.233706 0.611678 0.456948
v 0.251860 0.582959 0.508462
v 0.244385 0.582126 0.519401
v 0.240001 0.586955 0.512142
v 0.243320 0.600344 0.507424
v 0.250497 0.588547 0.495030
v 0.246967 0.598281 0.512010
v 0.251249 0.604344 0.463631
v 0.254048 0.614925 0.462218
v 0.237093 0.605879 0.470984
v 0.252241 0.599901 0.501508
v 0.254126 0.592605 0.496935
v 0.240035 0.593306 0.496368
v 0.252133 0.611527 0.479125
v 0.246107 0.617320 0.477346
v 0.238495 0.599704 0.494672
v 0.232619 0.621186 0.453660
v 0.234616 0.616080 0.460716
v 0.248095 0.587670 0.524954
v 0.243918 0.589673 0.521493
v 0.239148 0.594436 0.505872
v 0.237761 0.611147 0.473615
v 0.239669 0.598074 0.498781
v 0.240638 0.590520 0.515053
v 0.242196 0.589604 0.495264
v 0.240984 0.591547 0.491087
v 0.240009 0.601047 0.469010
v 0.241958 0.583753 0.509539
v 0.236483 0.607831 0.452614
v 0.252691 0.580780 0.521503
v 0.232522 0.609070 0.437908
v 0.251296 0.580002 0.521154
v 0.252113 0.591782 0.510434
v 0.253158 0.585673 0.521021
v 0.246061 0.600491 0.454825
v 0.253222 0.586685 0.460496
v 0.252376 0.596571 0.452052
v 0.253155 0.599898 0.445758
v 0.253206 0.592879 0.442390
v 0.247846 0.587793 0.447253
v 0.246790 0.604584 0.448112
v 0.245517 0.607328 0.440891
v 0.247247 0.592294 0.435624
v 0.252776 0.596964 0.436369
v 0.252295 0.602368 0.422399
v 0.246364 0.609230 0.436800
v 0.252532 0.605550 0.431743
v 0.243057 0.601471 0.452618
v 0.240160 0.594497 0.425667
v 0.243039 0.592184 0.434063
v 0.244503 0.587096 0.447228
v 0.242060 0.607336 0.440649
v 0.250847 0.587404 0.477069
v 0.250518 0.586296 0.481632
v 0.251829 0.577530 0.478231
v 0.249782 0.576177 0.477975
v 0.251025 0.580036 0.483286
v 0.251841 0.579904 0.474486
v 0.251853 0.583558 0.474597
v 0.254371 0.597125 0.443728
v 0.253687 0.605281 0.425811
v 0.253410 0.600413 0.436719
v 0.240656 0.587180 0.461793
v 0.238138 0.593673 0.448329
v 0.235576 0.601927 0.431211
v 0.237610 0.598708 0.437929
v 0.250514 0.588667 0.475274
v 0.252638 0.582432 0.469920
v 0.247335 0.587355 0.480652
v 0.245979 0.579475 0.482698
v 0.240287 0.585252 0.467453
v 0.253189 0.585733 0.470188
v 0.245036 0.592879 0.470061
v 0.248428 0.577057 0.471720
v 0.250566 0.578167 0.470526
v 0.247878 0.590508 0.474543
v 0.252482 0.588809 0.471437
v 0.253597 0.594767 0.450139
v 0.252515 0.591980 0.463547
v 0.249246 0.582068 0.460331
v 0.246748 0.581406 0.460332
v 0.253737 0.589643 0.461549
v 0.252945 0.591865 0.448973
v 0.247588 0.595254 0.465055
v 0.245101 0.595089 0.464990
v 0.241800 0.580836 0.477930
v 0.240159 0.590932 0.460816
v 0.238288 0.595978 0.450402
v 0.236950 0.606280 0.435249
v 0.238173 0.604680 0.437412
v 0.250527 0.582997 0.483559
v 0.245453 0.583134 0.483045
v 0.240637 0.588645 0.469194
v 0.241967 0.584350 0.478497
v 0.241596 0.584988 0.459146
v 0.238920 0.591644 0.445577
v 0.243545 0.577706 0.476595
v 0.247045 0.576514 0.480806
v 0.251609 0.577707 0.481486
v 0.241639 0.581880 0.465775
v 0.237863 0.596131 0.436741
v 0.252443 0.579534 0.481649
v 0.252045 0.581426 0.482443
v 0.205624 0.661190 0.463867
v 0.228159 0.658762 0.463372
v 0.222404 0.665853 0.464287
v 0.208641 0.665641 0.466197
v 0.209443 0.663615 0.450353
v 0.225864 0.654087 0.460956
v 0.201845 0.652566 0.479806
v 0.205650 0.656128 0.475903
v 0.199466 0.648979 0.480925
v 0.217376 0.654037 0.484467
v 0.218891 0.649222 0.483800
v 0.208743 0.643983 0.485422
v 0.216086 0.656363 0.480209
v 0.212469 0.659845 0.474380
v 0.210667 0.647401 0.489599
v 0.211592 0.657398 0.476792
v 0.200663 0.650005 0.484590
v 0.214608 0.650627 0.488232
v 0.214244 0.666801 0.468911
v 0.217494 0.652007 0.455634
v 0.222161 0.653604 0.478756
v 0.217733 0.658280 0.476015
v 0.199916 0.649534 0.474568
v 0.212018 0.643704 0.474473
v 0.221762 0.649144 0.477407
v 0.219510 0.659795 0.473036
v 0.224746 0.654635 0.473082
v 0.202155 0.654898 0.472495
v 0.206003 0.657764 0.473134
v 0.208669 0.663027 0.468462
v 0.225311 0.651610 0.467636
v 0.214074 0.663713 0.471166
v 0.216305 0.648374 0.460800
v 0.212364 0.671525 0.455485
v 0.217987 0.672377 0.458742
v 0.226269 0.656089 0.468436
v 0.220499 0.662349 0.469504
v 0.203440 0.653286 0.465510
v 0.211509 0.656813 0.451581
v 0.202150 0.644705 0.482987
v 0.203274 0.648331 0.487715
v 0.204598 0.645155 0.471633
v 0.208265 0.649117 0.460945
v 0.222121 0.649670 0.463956
v 0.219010 0.646429 0.475370
v 0.214865 0.645840 0.484937
v 0.227700 0.657287 0.446761
v 0.208018 0.652244 0.486303
v 0.232802 0.655498 0.506506
v 0.238416 0.639466 0.501436
v 0.239176 0.644981 0.488092
v 0.233659 0.660584 0.495172
v 0.236471 0.652272 0.466315
v 0.233674 0.670166 0.472997
v 0.238314 0.651938 0.474245
v 0.238455 0.632471 0.528488
v 0.232082 0.647911 0.523842
v 0.239513 0.634846 0.514182
v 0.249467 0.619087 0.487104
v 0.244134 0.629079 0.456915
v 0.236671 0.646958 0.464609
v 0.239420 0.642627 0.473471
v 0.247011 0.627262 0.466909
v 0.249166 0.601036 0.529207
v 0.247042 0.614034 0.497704
v 0.245133 0.617200 0.524626
v 0.248446 0.605591 0.516936
v 0.249163 0.617031 0.476004
v 0.252928 0.613977 0.440643
v 0.243634 0.625902 0.453781
v 0.247037 0.623822 0.458528
v 0.251560 0.607949 0.455956
v 0.251144 0.594274 0.516541
v 0.253689 0.584098 0.511912
v 0.252417 0.589239 0.497014
v 0.249515 0.602175 0.502005
v 0.249626 0.598486 0.454716
v 0.250681 0.602931 0.447588
v 0.250589 0.594557 0.434753
v 0.250290 0.610108 0.433513
v 0.250085 0.607346 0.436055
v 0.250934 0.589370 0.448935
v 0.250640 0.592531 0.468076
v 0.251982 0.584015 0.460957
v 0.223826 0.652050 0.507933
v 0.221827 0.666039 0.477194
v 0.223881 0.648239 0.464323
v 0.226110 0.644136 0.526215
v 0.224411 0.658987 0.495544
v 0.225758 0.648401 0.516838
v 0.229062 0.633951 0.512143
v 0.228964 0.631796 0.516217
v 0.227781 0.642108 0.489212
v 0.233825 0.622246 0.511665
v 0.234512 0.631353 0.493618
v 0.224450 0.643005 0.463749
v 0.228924 0.637606 0.472694
v 0.236185 0.608053 0.501586
v 0.237501 0.615660 0.485640
v 0.233175 0.625082 0.459456
v 0.234941 0.619279 0.474256
v 0.239875 0.608547 0.540561
v 0.236603 0.618102 0.520724
v 0.239180 0.604206 0.513502
v 0.241052 0.602648 0.499133
v 0.242778 0.599946 0.466574
v 0.239227 0.606920 0.438002
v 0.240068 0.606442 0.450370
v 0.241112 0.596203 0.510646
v 0.240165 0.615030 0.474971
v 0.246362 0.579908 0.515413
v 0.244780 0.588446 0.493268
v 0.243876 0.585804 0.499806
v 0.242319 0.593335 0.464589
v 0.239896 0.598909 0.452293
v 0.241394 0.588455 0.446620
v 0.239329 0.593303 0.434671
v 0.242815 0.588749 0.474655
v 0.239140 0.600269 0.445844
v 0.244509 0.580399 0.463715
v 0.237565 0.669215 0.470763
v 0.223829 0.672058 0.468593
v 0.218696 0.660731 0.457549
v 0.220054 0.650762 0.453557
v 0.251803 0.643698 0.451492
v 0.221227 0.634312 0.451658
v 0.224786 0.629209 0.448401
v 0.244799 0.595841 0.422898
v 0.232928 0.606971 0.429789
v 0.220693 0.666560 0.463529
v 0.235366 0.599173 0.425099
v 0.228710 0.677618 0.457324
v 0.243082 0.668636 0.459026
v 0.218797 0.665046 0.449660
v 0.218971 0.658161 0.442844
v 0.221569 0.646029 0.440199
v 0.224596 0.634043 0.438084
v 0.255751 0.625174 0.436559
v 0.227927 0.620209 0.429722
v 0.226969 0.626896 0.429664
v 0.252893 0.614777 0.425922
v 0.251046 0.609263 0.410156
v 0.237035 0.599146 0.418235
v 0.230870 0.604535 0.417694
v 0.236648 0.675565 0.457766
v 0.228449 0.614254 0.418147
v 0.252934 0.646779 0.445690
v 0.239095 0.605095 0.404229
v 0.216304 0.687481 0.423238
v 0.214551 0.677159 0.420208
v 0.248443 0.629454 0.446695
v 0.242970 0.659482 0.458478
v 0.258583 0.659371 0.418772
v 0.217788 0.671373 0.441271
v 0.231755 0.616514 0.388615
v 0.234280 0.680624 0.436809
v 0.220113 0.665050 0.434431
v 0.228751 0.645912 0.423352
v 0.223299 0.657365 0.430124
v 0.230267 0.636865 0.419506
v 0.255390 0.621654 0.416435
v 0.254134 0.612735 0.417301
v 0.223105 0.662662 0.421443
v 0.250514 0.684058 0.421205
v 0.245288 0.613476 0.392274
v 0.256596 0.653026 0.433245
v 0.248751 0.667210 0.442018
v 0.259383 0.635281 0.418973
v 0.213293 0.689308 0.413252
v 0.212572 0.677151 0.409274
v 0.214342 0.669570 0.402285
v 0.221215 0.667470 0.423779
v 0.246156 0.604171 0.410185
v 0.226041 0.665167 0.425294
v 0.227354 0.668212 0.430940
v 0.255567 0.621327 0.429439
v 0.255943 0.646598 0.428778
v 0.252826 0.660651 0.436409
v 0.226323 0.698869 0.413957
v 0.245282 0.689815 0.420070
v 0.256846 0.622491 0.400574
v 0.228760 0.623321 0.420583
v 0.251561 0.637248 0.446495
v 0.255997 0.688844 0.388192
v 0.256616 0.639439 0.424058
v 0.255529 0.628730 0.433504
v 0.264207 0.651655 0.385952
v 0.264543 0.662451 0.388163
v 0.261676 0.676618 0.389294
v 0.247004 0.698464 0.397459
v 0.261615 0.642099 0.379282
v 0.241129 0.629286 0.365663
v 0.229548 0.627391 0.377573
v 0.255521 0.628009 0.376227
v 0.238991 0.685933 0.429802
v 0.249865 0.633338 0.450777
v 0.262342 0.651406 0.400432
v 0.234560 0.625150 0.371651
v 0.251825 0.640965 0.439548
v 0.261958 0.642746 0.403424
v 0.257659 0.670186 0.408964
v 0.245591 0.650882 0.453762
v 0.253778 0.616137 0.434794
v 0.228507 0.649813 0.469223
v 0.224071 0.653155 0.469222
v 0.225277 0.634633 0.467458
v 0.244302 0.839899 0.137661
v 0.193364 0.826864 0.110980
v 0.187865 0.818355 0.096774
v 0.259160 0.837218 0.130880
v 0.259895 0.790458 0.071747
v 0.272093 0.832786 0.100991
v 0.245871 0.809078 0.049248
v 0.235437 0.808465 0.044601
v 0.184059 0.824363 0.073594
v 0.223870 0.810114 0.042391
v 0.269406 0.821866 0.126533
v 0.230513 0.834190 0.140221
v 0.203348 0.813511 0.129294
v 0.268665 0.796303 0.083008
v 0.274385 0.805447 0.096795
v 0.248741 0.792191 0.061426
v 0.236571 0.791180 0.058813
v 0.199695 0.800500 0.061679
v 0.192299 0.805637 0.068967
v 0.187298 0.810670 0.080053
v 0.227580 0.791996 0.054718
v 0.247648 0.822816 0.147019
v 0.233305 0.821698 0.145870
v 0.195605 0.809315 0.119093
v 0.190322 0.803620 0.104397
v 0.260948 0.821112 0.141636
v 0.274609 0.805425 0.120271
v 0.251784 0.779133 0.071371
v 0.242303 0.776721 0.066224
v 0.190525 0.800759 0.086632
v 0.231118 0.778949 0.064396
v 0.206174 0.807365 0.134191
v 0.261710 0.768979 0.093240
v 0.270006 0.777502 0.102288
v 0.276694 0.777569 0.127465
v 0.253372 0.768504 0.081857
v 0.243699 0.764967 0.075416
v 0.205727 0.778581 0.075706
v 0.200698 0.776600 0.088344
v 0.195104 0.780113 0.104360
v 0.226906 0.767939 0.072800
v 0.271737 0.803422 0.145567
v 0.249296 0.813854 0.156040
v 0.235045 0.811526 0.155369
v 0.207764 0.799219 0.142275
v 0.197330 0.794275 0.129831
v 0.193829 0.779837 0.124785
v 0.262047 0.810996 0.152184
v 0.254664 0.757896 0.095706
v 0.244803 0.753554 0.089583
v 0.208546 0.766620 0.089953
v 0.227575 0.757341 0.085914
v 0.251383 0.805844 0.167917
v 0.197994 0.785932 0.140616
v 0.264230 0.801206 0.164046
v 0.263986 0.748334 0.125499
v 0.273221 0.755366 0.136861
v 0.277834 0.776683 0.160172
v 0.255623 0.745932 0.115191
v 0.245040 0.741987 0.110650
v 0.197071 0.759533 0.141961
v 0.273574 0.784533 0.171319
v 0.238137 0.801185 0.177149
v 0.206811 0.787977 0.166947
v 0.197837 0.778121 0.159127
v 0.193794 0.767530 0.150528
v 0.278037 0.755690 0.163256
v 0.255768 0.732532 0.139963
v 0.208898 0.734556 0.158566
v 0.202128 0.740652 0.165403
v 0.230636 0.730080 0.138308
v 0.253107 0.785508 0.200868
v 0.238915 0.786508 0.200953
v 0.207865 0.773685 0.194604
v 0.199150 0.763700 0.189127
v 0.195779 0.754692 0.183674
v 0.264388 0.761230 0.225527
v 0.266239 0.721177 0.178265
v 0.273522 0.730654 0.180824
v 0.275853 0.743701 0.217624
v 0.256762 0.717561 0.170500
v 0.246057 0.714012 0.174377
v 0.197714 0.747073 0.184541
v 0.235687 0.717856 0.165829
v 0.270423 0.738099 0.251328
v 0.253536 0.762404 0.234424
v 0.240428 0.766300 0.229448
v 0.213415 0.757124 0.224939
v 0.272502 0.708388 0.236526
v 0.258759 0.700181 0.212420
v 0.214060 0.710331 0.222162
v 0.208199 0.720262 0.220500
v 0.242632 0.739860 0.277130
v 0.221481 0.734644 0.270383
v 0.261702 0.728481 0.286019
v 0.267515 0.697122 0.243781
v 0.275179 0.715103 0.254676
v 0.273939 0.726841 0.255722
v 0.250134 0.689273 0.237949
v 0.210974 0.715653 0.252617
v 0.263564 0.701623 0.325493
v 0.252371 0.726900 0.300720
v 0.220380 0.718353 0.290914
v 0.219689 0.708243 0.296102
v 0.268769 0.684478 0.290859
v 0.269099 0.678135 0.316270
v 0.264802 0.670998 0.315151
v 0.258833 0.670965 0.303210
v 0.224167 0.686487 0.280564
v 0.247211 0.679655 0.269153
v 0.245451 0.717352 0.325474
v 0.231841 0.713044 0.323251
v 0.257772 0.707935 0.329793
v 0.269952 0.690691 0.314245
v 0.265186 0.683435 0.346479
v 0.225982 0.680112 0.321036
v 0.225104 0.687901 0.323278
v 0.251279 0.666435 0.308603
v 0.253069 0.711909 0.330225
v 0.229956 0.701703 0.334836
v 0.227267 0.696359 0.330500
v 0.269113 0.679970 0.324120
v 0.229427 0.670729 0.322416
v 0.262737 0.691426 0.347108
v 0.247688 0.703471 0.355486
v 0.234871 0.703045 0.345390
v 0.258792 0.696449 0.352003
v 0.261253 0.657375 0.345356
v 0.259115 0.660215 0.332366
v 0.253460 0.659863 0.326184
v 0.262567 0.681537 0.371487
v 0.248035 0.701521 0.364879
v 0.234813 0.698756 0.358804
v 0.230647 0.695965 0.350733
v 0.227990 0.688150 0.356866
v 0.258732 0.690769 0.368952
v 0.263853 0.660749 0.354477
v 0.265244 0.668260 0.353338
v 0.265519 0.675953 0.351657
v 0.229724 0.666117 0.336262
v 0.227352 0.673129 0.347984
v 0.226916 0.681467 0.353090
v 0.253601 0.651313 0.342079
v 0.251527 0.696188 0.380423
v 0.236764 0.704069 0.384990
v 0.212835 0.690785 0.393542
v 0.245386 0.701114 0.376855
v 0.264618 0.674613 0.371453
v 0.222515 0.657434 0.441351
v 0.211216 0.669345 0.448173
v 0.227199 0.670709 0.454558
v 0.230103 0.658874 0.450685
v 0.214675 0.674246 0.446820
v 0.232238 0.663476 0.451418
v 0.214245 0.661737 0.440291
v 0.232742 0.666403 0.446479
v 0.223998 0.680034 0.442951
v 0.232009 0.665432 0.443536
v 0.215347 0.675381 0.430218
v 0.233237 0.677400 0.441849
v 0.227381 0.662326 0.437078
v 0.223441 0.662562 0.431279
v 0.215814 0.667856 0.427779
v 0.217943 0.680175 0.435432
v 0.236486 0.668470 0.441352
v 0.230423 0.667493 0.437796
v 0.215682 0.662650 0.436529
v 0.242825 0.668147 0.439006
v 0.235355 0.681210 0.437132
v 0.225456 0.692332 0.425929
v 0.230112 0.672318 0.436097
v 0.220993 0.661913 0.429216
v 0.223213 0.672395 0.431792
v 0.211847 0.678039 0.396031
v 0.222483 0.663074 0.403379
v 0.221719 0.663400 0.415183
v 0.220078 0.664311 0.397742
v 0.228935 0.652555 0.411074
v 0.222754 0.673411 0.363582
v 0.229838 0.648598 0.406034
v 0.222420 0.654042 0.374494
v 0.223622 0.656553 0.364947
v 0.228642 0.626154 0.394843
v 0.226704 0.641283 0.364808
v 0.249845 0.691461 0.408975
v 0.237931 0.616371 0.385215
v 0.236043 0.703688 0.398366
v 0.217005 0.683092 0.375538
v 0.234871 0.651925 0.348512
v 0.229880 0.661151 0.350559
v 0.243782 0.641993 0.352098
v 0.225691 0.671887 0.355929
v 0.224566 0.686290 0.365728
v 0.228828 0.701177 0.382390
v 0.046485 1.082951 0.061422
v 0.047504 1.163445 0.091104
v 0.035228 1.154170 0.115440
v 0.031666 1.182985 0.125039
v 0.035059 1.185229 0.113300
v 0.035802 1.186999 0.096315
v 0.034105 1.189664 0.075360
v 0.025046 1.184615 0.146761
v 0.131958 1.060919 0.058227
v 0.198203 0.992771 0.083941
v 0.199358 0.976867 0.081459
v 0.201509 0.962975 0.082099
v 0.200817 0.941052 0.088103
v 0.201392 0.927189 0.095949
v 0.207000 0.887745 0.116863
v 0.213391 0.849455 0.131506
v 0.232718 0.739427 0.273375
v 0.240570 0.707806 0.343709
v 0.241012 0.701528 0.359566
v 0.222434 0.694180 0.375857
v 0.146321 0.991699 -0.075675
v 0.119652 0.989663 -0.086268
v 0.069947 0.995301 -0.086143
v 0.049698 0.989165 -0.080322
v 0.184599 0.976442 -0.058850
v 0.185931 0.949034 -0.033450
v 0.194977 0.924739 -0.021574
v 0.195844 0.902394 -0.007212
v 0.190150 0.964612 -0.046745
v 0.169914 0.986597 -0.066584
v 0.200186 0.860279 0.017822
v 0.216743 0.797461 0.052080
v 0.226818 0.719920 0.164813
v 0.230864 0.695852 0.226325
v 0.241546 0.668168 0.304730
v 0.244212 0.659152 0.327316
v 0.244172 0.651280 0.340879
v 0.260977 0.650843 0.360190
v 0.220255 0.647177 0.447879
v 0.232353 0.605299 0.427578
v 0.227373 0.676106 0.439303
v 0.232597 0.681890 0.442441
v 0.222428 0.679124 0.446670
v 0.221385 0.672121 0.436191
v 0.240874 0.698760 0.410634
v 0.225061 0.702058 0.398982
v 0.225139 0.638412 0.375152
v 0.221461 0.669397 0.368886
v 0.221914 0.662161 0.376476
v 0.217721 0.668996 0.383464
v 0.214302 0.678030 0.381328
v 0.221216 0.677430 0.451199
v 0.174644 0.955775 -0.050616
v 0.180841 0.944346 -0.030084
v 0.181202 0.934701 -0.023841
v 0.182014 0.917793 -0.013850
v 0.180579 0.948871 -0.038821
v 0.188059 0.870094 0.017256
v 0.199760 0.822074 0.044251
v 0.254854 0.627427 0.374491
v 0.208645 0.796182 0.056761
v 0.214137 0.773639 0.072751
v 0.217003 0.761166 0.087445
v 0.217853 0.738391 0.133834
v 0.217455 0.724601 0.165361
v 0.220713 0.704746 0.215730
v 0.231564 0.677264 0.288563
v 0.235171 0.664326 0.322803
v 0.235367 0.658050 0.335762
v 0.164228 0.968123 -0.064493
v 0.227565 0.763624 0.227915
v 0.223500 0.781985 0.198606
v 0.221492 0.796798 0.172717
v 0.221952 0.807418 0.149109
v 0.219037 0.811991 0.142653
v 0.217990 0.821301 0.138807
v 0.254088 0.700215 0.355208
v 0.253411 0.638620 0.358372
v 0.229504 0.693320 0.363502
v 0.233631 0.698370 0.368896
v 0.239071 0.701499 0.372752
v 0.160473 0.887812 0.067150
v 0.169080 0.869478 0.027552
v 0.166047 0.878495 0.047173
v 0.117320 0.890159 -0.073361
v 0.080094 0.915712 -0.085209
v 0.058528 0.914741 -0.081864
v 0.026553 0.913641 -0.075538
v 0.168555 0.866975 0.006783
v 0.140696 0.894054 -0.063511
v 0.153956 0.870436 0.067638
v 0.161339 0.850028 0.027429
v 0.158764 0.858972 0.047784
v 0.091700 0.880293 -0.077639
v 0.078188 0.891908 -0.080846
v 0.040572 0.886585 -0.078581
v 0.141829 0.854487 -0.041334
v 0.149564 0.837787 -0.016038
v 0.161800 0.847607 0.005879
v 0.133958 0.874824 -0.062143
v 0.148031 0.850430 0.068771
v 0.152455 0.832698 0.027270
v 0.101967 0.860884 -0.070532
v 0.051998 0.849936 -0.078209
v 0.021262 0.859262 -0.071891
v 0.152273 0.828143 0.005280
v 0.122424 0.842541 -0.055217
v 0.141955 0.825852 0.071158
v 0.146425 0.810863 0.027644
v 0.145343 0.817076 0.050765
v 0.099517 0.822080 -0.061356
v 0.081248 0.842170 -0.073950
v 0.068012 0.845387 -0.076939
v 0.038358 0.846792 -0.075672
v 0.122875 0.796690 -0.033212
v 0.131201 0.789927 -0.014301
v 0.139137 0.791535 0.006765
v 0.136767 0.785389 0.075621
v 0.140676 0.790969 0.027903
v 0.141970 0.791518 0.051893
v 0.082587 0.798489 -0.063119
v 0.066161 0.817414 -0.072055
v 0.052441 0.817565 -0.072960
v 0.038714 0.800096 -0.068840
v 0.030395 0.796491 -0.067001
v 0.112391 0.804106 -0.047851
v 0.137972 0.759400 0.036927
v 0.097927 0.777456 -0.050553
v 0.068662 0.780917 -0.062157
v 0.057505 0.794369 -0.067176
v 0.120568 0.764353 -0.024450
v 0.129005 0.763129 -0.005727
v 0.134147 0.754781 0.013610
v 0.136192 0.751799 0.076622
v 0.138666 0.746924 0.058374
v 0.085470 0.760375 -0.051331
v 0.038344 0.739234 -0.058090
v 0.022434 0.753172 -0.059300
v 0.111383 0.737890 -0.027849
v 0.138785 0.731009 0.036918
v 0.097524 0.741349 -0.038829
v 0.069327 0.745355 -0.053831
v 0.055630 0.742774 -0.056862
v 0.129325 0.725335 0.001785
v 0.134596 0.729515 0.017296
v 0.136542 0.727871 0.077118
v 0.143300 0.698587 0.054631
v 0.054478 0.729570 0.127880
v 0.084730 0.740493 -0.046552
v 0.015204 0.750444 0.131938
v 0.127257 0.713183 -0.003626
v 0.137445 0.702238 0.014192
v 0.107141 0.707446 -0.029045
v 0.139444 0.700452 0.073213
v 0.143154 0.691366 0.029013
v 0.033662 0.739291 0.132381
v 0.095014 0.711325 -0.037442
v 0.084402 0.713158 -0.042840
v 0.071181 0.716727 -0.048465
v 0.054273 0.706386 -0.052342
v 0.020953 0.719951 -0.054366
v 0.145753 0.895556 0.090152
v 0.140648 0.865256 0.086191
v 0.134749 0.838935 0.089508
v 0.115749 0.698490 0.101344
v 0.035521 0.778946 0.136393
v 0.077218 0.801265 0.131112
v 0.099755 0.803515 0.123872
v 0.114535 0.750173 0.106462
v 0.054235 0.775618 0.134752
v 0.054714 0.800767 0.135530
v 0.116220 0.799824 0.113229
v 0.029793 0.807735 0.136953
v 0.073584 0.770848 0.129663
v 0.094689 0.765824 0.119725
v 0.056074 0.844667 0.137658
v 0.041841 0.858571 0.138727
v 0.073615 0.728799 0.121422
v 0.096002 0.737065 0.113999
v 0.119694 0.828575 0.109540
v 0.129369 0.792830 0.094703
v 0.128985 0.760847 0.093619
v 0.130504 0.705514 0.088463
v 0.121000 0.725229 -0.015150
v 0.011524 0.704592 0.131700
v 0.018524 0.687970 0.135454
v 0.016357 0.666378 0.135480
v 0.007481 0.680535 0.134141
v 0.054147 0.710141 0.126190
v 0.034978 0.707842 0.131568
v 0.097558 0.700921 0.109624
v 0.129628 0.667881 -0.013022
v 0.139331 0.666342 0.004204
v 0.054924 0.688529 0.127361
v 0.035730 0.687850 0.133687
v 0.139363 0.727170 0.058454
v 0.054308 0.751624 0.131051
v 0.115551 0.674507 0.099744
v 0.036420 0.665508 0.133786
v 0.055937 0.667157 0.127814
v 0.144015 0.658616 0.021840
v 0.138230 0.660773 0.065205
v 0.129686 0.674226 0.084725
v 0.096039 0.673650 0.110373
v 0.118744 0.694140 -0.019426
v 0.116388 0.667167 -0.029147
v 0.093573 0.691668 -0.039213
v 0.076470 0.695477 -0.045307
v 0.037503 0.706048 -0.054806
v 0.089234 0.669199 -0.046167
v 0.074677 0.683912 -0.047054
v 0.051300 0.691055 -0.052957
v 0.019001 0.698018 -0.053929
v 0.073492 0.661928 -0.054881
v 0.060191 0.666909 -0.056060
v 0.046343 0.671651 -0.057717
v 0.032056 0.676754 -0.057856
v 0.016630 0.679422 -0.056015
v 0.105845 0.686928 -0.032484
v 0.103213 0.669399 -0.038877
v 0.116591 0.627807 -0.048699
v 0.083810 0.598796 -0.076886
v 0.059248 0.604830 -0.081255
v 0.035077 0.607700 -0.081821
v 0.022103 0.610811 -0.079686
v 0.010162 0.615766 -0.074683
v 0.100742 0.626398 -0.060796
v 0.114461 0.598639 -0.056295
v 0.099716 0.593525 -0.069527
v 0.081549 0.568303 -0.079216
v 0.062516 0.570121 -0.083213
v 0.030278 0.570285 -0.085905
v 0.016581 0.574956 -0.082000
v 0.004891 0.580887 -0.076005
v 0.118737 0.569977 -0.059692
v 0.083806 0.535478 -0.071390
v 0.061808 0.536982 -0.075758
v 0.041370 0.538221 -0.077624
v 0.025212 0.540548 -0.076224
v 0.013101 0.545088 -0.073048
v 0.004137 0.552155 -0.069530
v 0.100657 0.563781 -0.069899
v 0.123862 0.543355 -0.051723
v 0.085320 0.511067 -0.053304
v 0.061197 0.511675 -0.059158
v 0.038935 0.513183 -0.062316
v 0.020789 0.518983 -0.062830
v 0.004872 0.528528 -0.060575
v 0.106087 0.533481 -0.060273
v 0.126930 0.524194 -0.035659
v 0.085495 0.493230 -0.021992
v 0.059575 0.494011 -0.032960
v 0.036053 0.499300 -0.042538
v 0.013290 0.508081 -0.045988
v 0.006352 0.514738 -0.050065
v 0.108541 0.512663 -0.040926
v 0.130295 0.509801 -0.011692
v 0.084123 0.486473 0.012694
v 0.055973 0.488042 -0.004809
v 0.034006 0.495146 -0.018070
v 0.022422 0.498400 -0.026570
v 0.014236 0.500983 -0.028579
v 0.007202 0.503651 -0.038450
v 0.110149 0.497261 -0.012112
v 0.132942 0.503475 0.015944
v 0.080735 0.488824 0.035095
v 0.029840 0.491133 -0.000856
v 0.013615 0.495248 -0.019895
v 0.008218 0.495765 -0.028692
v 0.110903 0.491262 0.018877
v 0.134843 0.501755 0.043052
v 0.090781 0.493245 0.071159
v 0.061220 0.496903 0.071785
v 0.017899 0.493574 0.006986
v 0.012725 0.494845 -0.002990
v 0.006299 0.491367 -0.007921
v 0.110925 0.490351 0.041417
v 0.143155 0.625670 -0.012370
v 0.131796 0.628769 -0.031658
v 0.144911 0.644128 0.034532
v 0.148778 0.626543 0.009125
v 0.140265 0.632635 0.051759
v 0.128560 0.635567 0.068583
v 0.140887 0.602864 -0.019489
v 0.150993 0.612567 0.016380
v 0.148564 0.607475 0.000137
v 0.146120 0.614318 0.039804
v 0.134443 0.619762 0.055627
v 0.129944 0.602491 -0.038110
v 0.132966 0.573962 -0.041053
v 0.155589 0.600620 0.011850
v 0.151353 0.591184 -0.004145
v 0.150064 0.607108 0.030854
v 0.137923 0.615724 0.044341
v 0.145859 0.562555 -0.016708
v 0.138723 0.549353 -0.035796
v 0.157281 0.595000 0.014496
v 0.153972 0.579219 -0.000162
v 0.154272 0.605647 0.029695
v 0.140455 0.616679 0.040704
v 0.152452 0.551557 -0.002330
v 0.142292 0.534233 -0.020452
v 0.161008 0.594610 0.021697
v 0.162469 0.573423 0.019246
v 0.156163 0.610408 0.032715
v 0.142251 0.624051 0.042070
v 0.157901 0.546735 0.013934
v 0.146420 0.524520 -0.000917
v 0.167847 0.601205 0.042751
v 0.160935 0.624676 0.053677
v 0.145034 0.631603 0.050516
v 0.167387 0.545878 0.046588
v 0.150028 0.520855 0.022133
v 0.173846 0.575238 0.056447
v 0.147032 0.643576 0.060823
v 0.153021 0.520878 0.044345
v 0.172371 0.605906 0.062070
v 0.071938 0.659354 0.107043
v 0.068944 0.654355 0.092514
v 0.112225 0.636167 0.086236
v 0.038738 0.614765 0.124248
v 0.055854 0.622236 0.116416
v 0.091644 0.634375 0.096611
v 0.073083 0.629572 0.107295
v 0.116877 0.621729 0.073332
v 0.038815 0.592662 0.117242
v 0.055939 0.602956 0.105632
v 0.093812 0.620324 0.084256
v 0.073027 0.612904 0.095872
v 0.118377 0.621603 0.055477
v 0.037492 0.578487 0.106225
v 0.054373 0.592807 0.090601
v 0.091811 0.619035 0.065209
v 0.070421 0.607973 0.075574
v 0.120088 0.624295 0.049052
v 0.033696 0.569288 0.096833
v 0.050299 0.587939 0.081123
v 0.094076 0.622325 0.057888
v 0.070702 0.608805 0.065108
v 0.121563 0.633898 0.048849
v 0.029050 0.561138 0.089049
v 0.048325 0.586224 0.076588
v 0.094817 0.634081 0.057059
v 0.069481 0.620046 0.065114
v 0.124241 0.640385 0.057558
v 0.023127 0.549753 0.082202
v 0.040144 0.591625 0.079133
v 0.096061 0.642032 0.064410
v 0.067624 0.631178 0.071060
v 0.126303 0.651577 0.067582
v 0.041375 0.608766 0.086615
v 0.097498 0.654383 0.073505
v 0.067255 0.647007 0.079412
v 0.018740 0.610097 0.126986
v 0.019314 0.568553 0.116978
v 0.017272 0.552764 0.110740
v 0.014469 0.539857 0.101166
v 0.011546 0.524708 0.089451
v 0.074907 0.649359 0.116316
v 0.037575 0.639729 0.130681
v 0.018223 0.637291 0.132639
v 0.115257 0.655258 0.096525
v 0.055796 0.644269 0.124542
v 0.007482 0.513094 0.074408
v 0.004358 0.496709 0.055453
v 0.001841 0.489465 0.019665
v 0.013893 0.540400 0.074244
v 0.004989 0.508363 0.037496
v 0.010307 0.496974 0.012551
v 0.019363 0.567019 0.078077
v 0.011071 0.542440 0.069891
v 0.008739 0.508123 0.044154
v 0.014051 0.496981 0.019594
v 0.013586 0.650994 -0.065374
v 0.085595 0.630758 -0.066087
v 0.068309 0.636871 -0.068777
v 0.041087 0.643356 -0.069077
v 0.027096 0.647098 -0.067536
v 0.128450 0.655786 0.079194
v 0.113501 0.492614 0.068788
v 0.171234 0.550259 0.070818
v 0.158525 0.527186 0.083665
v 0.100012 0.661199 0.085934
v 0.128618 0.659506 0.079501
v 0.149005 0.650189 0.071239
v 0.022956 0.588495 0.087057
v 0.012301 0.561828 0.083044
v 0.011694 0.513612 0.059810
v 0.018706 0.501232 0.042359
v 0.112101 0.663106 0.097788
v 0.048193 0.627184 0.112919
v 0.132067 0.664408 0.099181
v 0.015805 0.572014 0.099592
v 0.015406 0.528284 0.088065
v 0.023766 0.508538 0.070059
v 0.027736 0.612012 0.117745
v 0.018583 0.587774 0.124765
v 0.018657 0.537025 0.112440
v 0.028722 0.519937 0.104957
v 0.164053 0.628898 0.066228
v 0.034665 0.497824 0.052703
v 0.042192 0.507150 0.090264
v 0.066870 0.501056 0.100386
v 0.075018 0.666933 0.123354
v 0.140656 0.508620 0.095216
v 0.179971 0.612766 0.097749
v 0.181598 0.585248 0.092494
v 0.049779 0.646136 0.130427
v 0.157756 0.656203 0.112284
v 0.030310 0.616571 0.134507
v 0.046490 0.512267 0.119734
v 0.098435 0.500569 0.122172
v 0.078215 0.672043 0.141927
v 0.183497 0.562520 0.140367
v 0.112717 0.680359 0.151183
v 0.053070 0.652175 0.149064
v 0.137042 0.670393 0.122914
v 0.036272 0.628974 0.177791
v 0.025069 0.602138 0.184341
v 0.024694 0.555859 0.180655
v 0.036094 0.537265 0.179547
v 0.173053 0.638953 0.112217
v 0.105793 0.505320 0.160573
v 0.078890 0.509596 0.166963
v 0.081628 0.676000 0.163129
v 0.152627 0.519297 0.145801
v 0.130887 0.507029 0.152952
v 0.170299 0.538624 0.141296
v 0.185240 0.620617 0.135421
v 0.191969 0.594813 0.163196
v 0.056526 0.654432 0.171609
v 0.141324 0.674937 0.144565
v 0.161606 0.660861 0.139105
v 0.176495 0.643042 0.136294
v 0.055017 0.521758 0.177311
v 0.114224 0.505606 0.197791
v 0.091219 0.509488 0.229763
v 0.095337 0.672091 0.222077
v 0.168105 0.528034 0.214743
v 0.147188 0.513087 0.220131
v 0.190616 0.566599 0.210193
v 0.182360 0.545809 0.212296
v 0.190026 0.617737 0.170842
v 0.194237 0.591318 0.209859
v 0.125075 0.675716 0.215418
v 0.067138 0.654609 0.229136
v 0.152775 0.667736 0.208778
v 0.172921 0.652227 0.206435
v 0.043024 0.628482 0.222433
v 0.035861 0.601611 0.244095
v 0.033834 0.558522 0.243919
v 0.043356 0.539599 0.244149
v 0.183355 0.637200 0.179243
v 0.061278 0.522012 0.235649
v 0.127777 0.508306 0.262048
v 0.099140 0.510705 0.258551
v 0.103719 0.667486 0.254004
v 0.171967 0.532902 0.248358
v 0.151934 0.515714 0.251387
v 0.189428 0.569648 0.247449
v 0.184405 0.550730 0.247752
v 0.193733 0.607759 0.249805
v 0.192802 0.588738 0.249386
v 0.133699 0.669318 0.248901
v 0.075415 0.654282 0.258934
v 0.160146 0.660289 0.243462
v 0.179553 0.645386 0.245311
v 0.054259 0.629702 0.263620
v 0.056853 0.552886 0.314453
v 0.189128 0.625802 0.248013
v 0.067175 0.521886 0.264471
v 0.108577 0.513567 0.291498
v 0.113827 0.660063 0.282784
v 0.168194 0.536478 0.296186
v 0.153142 0.522179 0.299312
v 0.187240 0.570376 0.280532
v 0.179806 0.553268 0.300796
v 0.188605 0.584490 0.282232
v 0.141358 0.658832 0.279223
v 0.086251 0.651719 0.287592
v 0.164851 0.648900 0.278399
v 0.180802 0.634121 0.283431
v 0.063861 0.628478 0.293320
v 0.052345 0.599644 0.298638
v 0.062060 0.536642 0.305096
v 0.188936 0.615089 0.284984
v 0.082712 0.525348 0.335292
v 0.138075 0.521203 0.330567
v 0.124686 0.651912 0.311445
v 0.185267 0.565733 0.313401
v 0.186454 0.591667 0.310500
v 0.187484 0.581297 0.307814
v 0.149347 0.646945 0.309894
v 0.098223 0.645937 0.314760
v 0.168364 0.635681 0.313111
v 0.179331 0.622380 0.313544
v 0.078012 0.624603 0.322989
v 0.063675 0.598986 0.323542
v 0.181997 0.598585 0.332681
v 0.114377 0.520905 0.334881
v 0.135173 0.644198 0.339108
v 0.167468 0.538024 0.328587
v 0.154302 0.525379 0.328050
v 0.183345 0.560540 0.354359
v 0.186910 0.588033 0.336960
v 0.154488 0.636818 0.342308
v 0.110910 0.642570 0.343220
v 0.167985 0.625008 0.342151
v 0.175400 0.613953 0.340814
v 0.066440 0.554391 0.358293
v 0.071765 0.538900 0.352656
v 0.084292 0.525539 0.342934
v 0.137211 0.531095 0.346985
v 0.141992 0.639290 0.374055
v 0.173552 0.547155 0.350302
v 0.157959 0.536576 0.348212
v 0.189449 0.572022 0.359775
v 0.179531 0.597707 0.365247
v 0.191904 0.578642 0.383605
v 0.157700 0.631557 0.378386
v 0.120820 0.638789 0.373743
v 0.170695 0.608134 0.403496
v 0.174251 0.607705 0.371636
v 0.099084 0.620260 0.377838
v 0.086921 0.595630 0.381706
v 0.073767 0.558800 0.381346
v 0.078239 0.545395 0.373617
v 0.090280 0.539923 0.362354
v 0.142394 0.537286 0.363837
v 0.123590 0.541578 0.365982
v 0.146025 0.628897 0.404671
v 0.177932 0.549787 0.367999
v 0.162259 0.541412 0.363622
v 0.191964 0.571692 0.381889
v 0.186880 0.559747 0.374921
v 0.183082 0.590869 0.394187
v 0.160024 0.620019 0.408597
v 0.128968 0.630580 0.401990
v 0.175559 0.602690 0.399569
v 0.107082 0.616930 0.404422
v 0.093678 0.594075 0.406670
v 0.082218 0.559074 0.399852
v 0.087802 0.547417 0.389660
v 0.102749 0.548376 0.377695
v 0.145666 0.542948 0.371056
v 0.127567 0.548427 0.374280
v 0.150127 0.611739 0.428241
v 0.180959 0.548720 0.378881
v 0.164566 0.548178 0.370360
v 0.194352 0.565993 0.395604
v 0.190273 0.556157 0.386608
v 0.190002 0.579011 0.407848
v 0.193239 0.573087 0.402156
v 0.162380 0.605089 0.428097
v 0.133800 0.611712 0.427661
v 0.171015 0.597243 0.425777
v 0.181225 0.588176 0.417395
v 0.114640 0.598809 0.427076
v 0.101250 0.583169 0.424952
v 0.090103 0.554363 0.413035
v 0.095681 0.546366 0.400973
v 0.110477 0.549564 0.382985
v 0.149444 0.537609 0.370000
v 0.130234 0.544414 0.364201
v 0.152956 0.587791 0.447013
v 0.192891 0.549004 0.384148
v 0.168243 0.540970 0.371951
v 0.198710 0.554318 0.396911
v 0.193300 0.567810 0.418423
v 0.199957 0.553414 0.408389
v 0.175463 0.580350 0.441698
v 0.138189 0.585641 0.447175
v 0.183074 0.575681 0.434078
v 0.119836 0.574639 0.443732
v 0.110415 0.567218 0.438569
v 0.098516 0.540849 0.413089
v 0.102309 0.539163 0.389062
v 0.114897 0.542918 0.373726
v 0.149483 0.526567 0.358858
v 0.130399 0.524769 0.354376
v 0.153188 0.553352 0.458522
v 0.193305 0.539482 0.373793
v 0.198386 0.549749 0.421582
v 0.162848 0.555808 0.456797
v 0.138883 0.546550 0.455221
v 0.176028 0.556037 0.450352
v 0.186602 0.554835 0.440814
v 0.113357 0.534836 0.435177
v 0.099958 0.518676 0.396750
v 0.103163 0.518240 0.376461
v 0.115209 0.521124 0.366744
v 0.147074 0.507505 0.341414
v 0.128068 0.501033 0.346609
v 0.149414 0.505151 0.456023
v 0.180413 0.516319 0.349037
v 0.164976 0.513378 0.342048
v 0.203484 0.520778 0.375116
v 0.192527 0.517776 0.357309
v 0.203297 0.524599 0.416087
v 0.212315 0.493890 0.391151
v 0.135288 0.499521 0.447955
v 0.175669 0.488752 0.452296
v 0.188571 0.523455 0.441312
v 0.121706 0.497425 0.435164
v 0.112205 0.498020 0.423015
v 0.099608 0.490804 0.388954
v 0.103536 0.509277 0.374297
v 0.145277 0.479027 0.332901
v 0.127117 0.472788 0.341644
v 0.144572 0.468345 0.454146
v 0.181413 0.491614 0.337741
v 0.164534 0.485444 0.332134
v 0.206774 0.498065 0.367700
v 0.194301 0.495202 0.348574
v 0.159750 0.479182 0.456522
v 0.131941 0.457543 0.446645
v 0.189444 0.492351 0.443523
v 0.120619 0.461734 0.435016
v 0.107593 0.463540 0.422027
v 0.093658 0.427908 0.391902
v 0.100067 0.462202 0.372606
v 0.199927 0.496420 0.430549
v 0.111661 0.465772 0.357798
v 0.144188 0.439627 0.333460
v 0.125463 0.433137 0.342621
v 0.182828 0.454231 0.337062
v 0.165581 0.446853 0.332114
v 0.209679 0.460775 0.363661
v 0.198003 0.458331 0.348403
v 0.212528 0.457182 0.413403
v 0.217373 0.459655 0.391056
v 0.153760 0.447720 0.458086
v 0.169527 0.447405 0.457756
v 0.185923 0.453491 0.450918
v 0.102168 0.428119 0.424070
v 0.097548 0.426496 0.373845
v 0.202248 0.457913 0.434383
v 0.145793 0.390350 0.340406
v 0.124291 0.384566 0.350312
v 0.137710 0.388709 0.454100
v 0.183699 0.395512 0.344031
v 0.167249 0.392066 0.339512
v 0.210873 0.399518 0.372101
v 0.198470 0.396145 0.355401
v 0.211092 0.399751 0.422443
v 0.216722 0.398984 0.398341
v 0.120711 0.380472 0.444019
v 0.164867 0.394069 0.460701
v 0.182038 0.401728 0.456635
v 0.103112 0.382126 0.429112
v 0.095679 0.375584 0.397397
v 0.099278 0.377018 0.379521
v 0.197850 0.401193 0.442124
v 0.111850 0.379768 0.364178
v 0.128158 0.329892 0.366809
v 0.140061 0.282441 0.457847
v 0.178602 0.332442 0.360659
v 0.162216 0.330152 0.357339
v 0.202472 0.329348 0.386475
v 0.192486 0.330534 0.370500
v 0.198202 0.331216 0.435577
v 0.205843 0.328476 0.413448
v 0.149701 0.271724 0.462529
v 0.125837 0.330645 0.447906
v 0.174043 0.335845 0.460725
v 0.121168 0.301521 0.441458
v 0.121027 0.265537 0.439734
v 0.181831 0.305323 0.453938
v 0.118484 0.327875 0.376700
v 0.144109 0.265996 0.377873
v 0.131495 0.258884 0.385557
v 0.170962 0.263680 0.382572
v 0.158331 0.260827 0.379748
v 0.189647 0.261596 0.407939
v 0.185663 0.262981 0.396432
v 0.179301 0.217140 0.450685
v 0.182445 0.220330 0.435732
v 0.130777 0.271437 0.453280
v 0.156688 0.273606 0.463923
v 0.162386 0.226803 0.464901
v 0.115317 0.269224 0.414581
v 0.121475 0.260771 0.404426
v 0.125764 0.262274 0.396100
v 0.142163 0.069544 0.495187
v 0.131287 0.078028 0.503881
v 0.126979 0.085842 0.522578
v 0.176775 0.179126 0.444010
v 0.176891 0.175061 0.430356
v 0.176574 0.154503 0.434047
v 0.176294 0.151082 0.452733
v 0.133804 0.209290 0.396056
v 0.141763 0.226262 0.464454
v 0.168032 0.205816 0.400214
v 0.151026 0.167181 0.398393
v 0.181222 0.211734 0.419023
v 0.177470 0.209076 0.410479
v 0.170802 0.220308 0.460557
v 0.154006 0.224815 0.467387
v 0.133521 0.226293 0.459867
v 0.126659 0.222792 0.446197
v 0.124298 0.214412 0.427233
v 0.126291 0.184136 0.422979
v 0.128207 0.210842 0.406440
v 0.144553 0.166490 0.394284
v 0.135245 0.172149 0.401207
v 0.142930 0.191589 0.472794
v 0.168101 0.170179 0.411363
v 0.180176 0.121614 0.438164
v 0.175794 0.173842 0.420841
v 0.163211 0.186325 0.467987
v 0.175594 0.180969 0.455865
v 0.152973 0.190027 0.473552
v 0.138200 0.191533 0.470218
v 0.131841 0.191237 0.462188
v 0.125716 0.186716 0.437807
v 0.128418 0.162274 0.415948
v 0.143254 0.169054 0.481821
v 0.169298 0.158526 0.469283
v 0.174558 0.142903 0.463886
v 0.148153 0.168108 0.481720
v 0.138178 0.171042 0.478867
v 0.159210 0.162795 0.477994
v 0.035201 1.264259 0.143766
v 0.123306 0.119376 0.617271
v 0.104929 0.108284 0.616614
v 0.124382 0.104205 0.611323
v 0.111672 0.119235 0.635718
v 0.109027 0.114899 0.647576
v 0.126472 0.114163 0.649903
v 0.124380 0.117512 0.634191
v 0.111954 0.117415 0.649206
v 0.125992 0.116747 0.648111
v 0.103315 0.108628 0.638171
v 0.128758 0.108207 0.642150
v 0.124881 0.119553 0.625885
v 0.111004 0.121989 0.623750
v 0.128593 0.103922 0.625819
v 0.101226 0.107444 0.628382
v 0.110188 0.098559 0.619766
v 0.114473 0.114729 0.653277
v 0.110611 0.100415 0.643166
v 0.109753 0.096315 0.628497
v 0.113277 0.103622 0.647604
v 0.116598 0.096268 0.625734
v 0.117143 0.097329 0.621654
v 0.123149 0.102992 0.646720
v 0.123168 0.114610 0.652306
v 0.123308 0.099076 0.640074
v 0.120957 0.109081 0.651853
v 0.113912 0.118250 0.636254
v 0.105757 0.116337 0.617799
v 0.125108 0.115153 0.613802
v 0.110153 0.118375 0.638705
v 0.126549 0.116589 0.637010
v 0.111769 0.118385 0.642024
v 0.104189 0.115978 0.627122
v 0.127839 0.115491 0.624275
v 0.128150 0.115054 0.630800
v 0.107394 0.102124 0.619067
v 0.106107 0.103619 0.639468
v 0.104630 0.101881 0.629908
v 0.127034 0.104992 0.643834
v 0.112480 0.111840 0.651112
v 0.109069 0.105890 0.646349
v 0.125912 0.101025 0.627455
v 0.136002 0.117287 0.641998
v 0.134325 0.115185 0.649244
v 0.144271 0.112863 0.650734
v 0.142759 0.116976 0.641771
v 0.143990 0.115340 0.644715
v 0.134259 0.115361 0.645404
v 0.131303 0.112282 0.642000
v 0.145893 0.106774 0.635666
v 0.133318 0.117700 0.639269
v 0.146500 0.109791 0.643368
v 0.136160 0.111499 0.653097
v 0.136333 0.114107 0.652550
v 0.134874 0.100108 0.639616
v 0.134461 0.105887 0.650479
v 0.140833 0.104885 0.650976
v 0.141560 0.112830 0.653112
v 0.141132 0.100355 0.639147
v 0.143447 0.114798 0.650745
v 0.135563 0.119629 0.636075
v 0.143145 0.118954 0.635870
v 0.145781 0.113727 0.636193
v 0.134685 0.114481 0.651611
v 0.131152 0.103596 0.638789
v 0.145323 0.107178 0.647059
v 0.131982 0.108308 0.646767
v 0.145038 0.102972 0.638406
v 0.132031 0.104163 0.626797
v 0.143458 0.102806 0.623700
v 0.031504 1.228804 0.141546
v 0.018824 1.217166 0.145705
v 0.019230 1.235849 0.144097
v 0.019749 1.242183 0.141022
v 0.026963 1.207767 0.144692
v 0.005103 1.202757 0.157423
v 0.015849 1.221066 0.155589
v 0.013906 1.200840 0.154874
v 0.038362 1.200076 0.137805
v 0.035877 1.185071 0.138417
v 0.038787 1.216993 0.140805
v 0.051305 1.212789 0.128632
v 0.058290 1.221282 0.120894
v 0.015087 1.147756 0.139768
v 0.007695 1.145741 0.142473
v 0.038405 1.169558 0.127915
v 0.032022 1.163468 0.133067
v 0.056920 1.233995 0.125620
v 0.062830 1.229076 0.111352
v 0.058114 1.280922 0.120406
v 0.065299 1.232148 0.097530
v 0.062983 1.219913 0.100203
v 0.054640 1.188681 0.106902
v 0.054404 1.204875 0.118409
v 0.037435 1.176589 0.133152
v 0.014016 1.153618 0.145611
v 0.007854 1.151410 0.147949
v 0.025231 1.152404 0.133485
v 0.033648 1.156582 0.125043
v 0.045768 1.190959 0.126998
v 0.057680 1.182200 0.092037
v 0.008902 1.213838 -0.027095
v 0.016579 1.214768 -0.025023
v 0.032948 1.216578 -0.015842
v 0.042332 1.215331 -0.006563
v 0.049969 1.216938 0.001475
v 0.058726 1.219148 0.013030
v 0.061650 1.215550 0.023573
v 0.063976 1.219126 0.035747
v 0.055400 1.207226 0.014494
v 0.031144 1.208969 -0.012496
v 0.043392 1.167777 0.117317
v 0.046261 1.213924 0.135367
v 0.012391 1.249196 0.142597
v 0.057136 1.226716 0.125199
v 0.060532 1.234839 0.118242
v 0.063393 1.256533 0.109309
v 0.033044 1.204651 0.142229
v 0.009605 1.200588 0.157207
v 0.061870 1.328017 0.008825
v 0.018970 1.354252 -0.007995
v 0.031183 1.351420 -0.007575
v 0.054447 1.302258 -0.018691
v 0.014950 1.317973 -0.042197
v 0.072635 1.253827 0.030772
v 0.029635 1.280429 -0.042595
v 0.011905 1.281528 -0.048237
v 0.071072 1.274780 0.060730
v 0.068848 1.245981 0.075343
v 0.071437 1.260038 0.061778
v 0.063045 1.209519 0.051563
v 0.063484 1.212520 0.044626
v 0.071404 1.229021 0.063369
v 0.080349 1.265074 0.047132
v 0.075021 1.214424 0.057218
v 0.078223 1.260317 0.053374
v 0.080515 1.264437 0.040946
v 0.081503 1.255294 0.032334
v 0.079436 1.238752 0.030570
v 0.080698 1.245483 0.029251
v 0.077250 1.212219 0.054538
v 0.071291 1.219165 0.060912
v 0.081016 1.260962 0.036550
v 0.071676 1.246745 0.061537
v 0.074192 1.256543 0.057696
v 0.073161 1.256548 0.058877
v 0.071673 1.251033 0.062493
v 0.075331 1.209309 0.050761
v 0.075411 1.212116 0.046986
v 0.077864 1.231794 0.032743
v 0.077440 1.221914 0.039057
v 0.072426 1.234747 0.060476
v 0.082457 1.262620 0.047765
v 0.078948 1.256221 0.054971
v 0.084002 1.261628 0.040326
v 0.085554 1.252863 0.033843
v 0.083230 1.240943 0.030174
v 0.072617 1.223537 0.058459
v 0.072971 1.241051 0.057307
v 0.076125 1.250783 0.058031
v 0.077912 1.212439 0.049939
v 0.079387 1.217593 0.043841
v 0.081311 1.231431 0.032814
v 0.080677 1.224868 0.037241
v 0.074562 1.232243 0.055844
v 0.081184 1.258260 0.047864
v 0.073882 1.221269 0.055146
v 0.078620 1.254690 0.052961
v 0.081749 1.258855 0.043239
v 0.082740 1.255732 0.038646
v 0.082890 1.235415 0.033559
v 0.082879 1.246700 0.034083
v 0.078453 1.216978 0.049433
v 0.077198 1.250339 0.055650
v 0.082757 1.232715 0.034370
v 0.080993 1.224093 0.040676
v 0.073275 1.232901 0.054042
v 0.077150 1.255432 0.047315
v 0.072621 1.223984 0.054991
v 0.074684 1.253269 0.051400
v 0.078562 1.257527 0.042470
v 0.080435 1.251844 0.039142
v 0.075050 1.220609 0.054313
v 0.070860 1.226659 0.055778
v 0.076133 1.247099 0.055192
v 0.077227 1.221102 0.049522
v 0.082200 1.234483 0.035384
v 0.078184 1.227268 0.044618
v 0.072424 1.236786 0.056406
v 0.070873 1.236346 0.054449
v 0.068596 1.225453 0.053822
v 0.082371 1.244774 0.040271
v 0.080931 1.235587 0.038936
v 0.073259 1.225319 0.051146
v 0.068318 1.227451 0.054817
v 0.072295 1.238842 0.053093
v 0.074359 1.244677 0.051290
v 0.075910 1.245814 0.056000
v 0.075168 1.225112 0.051996
v 0.074166 1.227742 0.045463
v 0.079381 1.230470 0.042644
v 0.073961 1.241127 0.053168
v 0.073947 1.237074 0.040242
v 0.067996 1.234494 0.051060
v 0.072851 1.230479 0.041820
v 0.068304 1.228591 0.046648
v 0.080974 1.241094 0.040348
v 0.078273 1.244478 0.045453
v 0.066891 1.230807 0.052338
v 0.077713 1.239386 0.040738
v 0.013594 1.346743 0.115668
v 0.082353 1.233465 0.039642
v 0.074908 1.244685 0.049636
v 0.073346 1.251330 0.050626
v 0.077529 1.228023 0.046485
v 0.073707 1.248945 0.052680
v 0.071943 1.238905 0.055175
v 0.078357 1.248218 0.045400
v 0.083121 1.235724 0.037634
v 0.083031 1.240577 0.037610
v 0.069985 1.239838 0.047631
v 0.079227 1.226813 0.040788
v 0.078149 1.257542 0.046815
v 0.073282 1.243302 0.050082
v 0.068722 1.230769 0.044336
v 0.071368 1.240287 0.042324
v 0.076446 1.243296 0.045872
v 0.067983 1.232619 0.047487
v 0.072097 1.235429 0.042009
v 0.080452 1.252491 0.037545
v 0.070557 1.241110 0.046971
v 0.070422 1.236743 0.045888
v 0.070187 1.235960 0.049207
v 0.070547 1.239051 0.043276
v 0.077922 1.224465 0.051282
v 0.081251 1.231177 0.039070
v 0.078192 1.248529 0.033998
v 0.076749 1.261757 0.042138
v 0.075538 1.261109 0.046868
v 0.075907 1.236485 0.034233
v 0.077875 1.258600 0.038226
v 0.072537 1.213168 0.059957
v 0.073978 1.210554 0.056355
v 0.074033 1.220948 0.042814
v 0.073366 1.246346 0.033737
v 0.070716 1.234949 0.033995
v 0.069122 1.212849 0.061406
v 0.068297 1.214294 0.048696
v 0.070364 1.250479 0.068784
v 0.071905 1.261613 0.053517
v 0.070381 1.210517 0.058035
v 0.069130 1.222504 0.040399
v 0.068719 1.210619 0.053063
v 0.121237 0.121858 0.605806
v 0.107117 0.122365 0.602476
v 0.106769 0.096402 0.604774
v 0.115718 0.095297 0.608581
v 0.100885 0.116227 0.598330
v 0.101861 0.099184 0.598655
v 0.120055 0.099802 0.611797
v 0.097767 0.108448 0.591771
v 0.125065 0.118578 0.605133
v 0.121633 0.095521 0.607160
v 0.124095 0.123459 0.591988
v 0.106039 0.124457 0.590763
v 0.124834 0.104846 0.608164
v 0.103212 0.093816 0.592625
v 0.125751 0.090533 0.601827
v 0.100455 0.117765 0.590164
v 0.127050 0.117940 0.600679
v 0.099830 0.099311 0.590998
v 0.144207 0.119471 0.625414
v 0.135679 0.120735 0.627844
v 0.130677 0.110434 0.623895
v 0.146361 0.107121 0.622379
v 0.135304 0.100620 0.622523
v 0.139119 0.099989 0.620251
v 0.132661 0.117361 0.625067
v 0.146088 0.113225 0.626586
v 0.132128 0.102984 0.619795
v 0.144167 0.119960 0.619400
v 0.134944 0.122060 0.619437
v 0.134986 0.099943 0.619397
v 0.145874 0.114800 0.620248
v 0.142307 0.101790 0.617783
v 0.134490 0.119390 0.613584
v 0.130848 0.111167 0.617615
v 0.144411 0.106117 0.614995
v 0.141833 0.117492 0.605832
v 0.128983 0.110009 0.613048
v 0.132903 0.096237 0.611903
v 0.137940 0.094310 0.608645
v 0.143546 0.113235 0.608751
v 0.129596 0.098323 0.613490
v 0.141940 0.098511 0.611555
v 0.142452 0.118996 0.628518
v 0.140622 0.059976 0.401136
v 0.137600 0.119397 0.604450
v 0.141924 0.070746 0.396907
v 0.133160 0.118701 0.606632
v 0.143795 0.118605 0.594143
v 0.132910 0.120718 0.594621
v 0.126837 0.107814 0.608647
v 0.143893 0.106058 0.608056
v 0.141971 0.085350 0.393048
v 0.139932 0.094882 0.602042
v 0.129627 0.117433 0.601516
v 0.145117 0.115243 0.600861
v 0.126197 0.095299 0.606233
v 0.143037 0.098937 0.606610
v 0.152481 0.113948 0.634646
v 0.150156 0.112924 0.641229
v 0.159902 0.110053 0.639837
v 0.158240 0.114745 0.633967
v 0.159008 0.113405 0.641569
v 0.157861 0.113152 0.635984
v 0.146826 0.104485 0.632916
v 0.161120 0.103045 0.633813
v 0.152235 0.115477 0.631143
v 0.147315 0.106547 0.638575
v 0.160934 0.105525 0.638092
v 0.150966 0.108653 0.642978
v 0.152387 0.113487 0.643331
v 0.150763 0.098553 0.635200
v 0.150724 0.103760 0.641350
v 0.155236 0.103708 0.642710
v 0.156947 0.113127 0.643812
v 0.157085 0.097180 0.632493
v 0.157592 0.109050 0.643391
v 0.151396 0.113998 0.640795
v 0.159003 0.115308 0.624695
v 0.150830 0.097307 0.629313
v 0.150825 0.113491 0.637602
v 0.160353 0.112130 0.635893
v 0.148168 0.109821 0.630530
v 0.161926 0.108756 0.632421
v 0.148382 0.112043 0.633761
v 0.147566 0.101321 0.632749
v 0.160943 0.115093 0.620118
v 0.151236 0.117388 0.619723
v 0.147967 0.105211 0.619318
v 0.161641 0.104961 0.618877
v 0.151481 0.098434 0.617378
v 0.156173 0.097900 0.617464
v 0.148604 0.111146 0.621938
v 0.161797 0.110495 0.622158
v 0.148579 0.101491 0.617768
v 0.159758 0.099726 0.619973
v 0.148976 0.111846 0.615448
v 0.161875 0.110912 0.616635
v 0.152812 0.116396 0.612062
v 0.157507 0.113365 0.600998
v 0.151827 0.114964 0.602783
v 0.147703 0.103951 0.612309
v 0.160657 0.102167 0.607451
v 0.150873 0.094592 0.610251
v 0.154871 0.093775 0.608034
v 0.149064 0.111693 0.606546
v 0.159696 0.109813 0.604494
v 0.158639 0.096296 0.607774
v 0.152604 0.116645 0.623879
v 0.147986 0.098334 0.611499
v 0.159456 0.112449 0.595455
v 0.150591 0.116715 0.593247
v 0.146392 0.105914 0.607881
v 0.161274 0.102027 0.602164
v 0.147769 0.091015 0.602996
v 0.155865 0.090116 0.599062
v 0.148072 0.114030 0.600388
v 0.147162 0.098463 0.606519
v 0.160778 0.095551 0.600502
v 0.165094 0.109523 0.621561
v 0.164278 0.106954 0.628510
v 0.173513 0.107821 0.625666
v 0.173298 0.108096 0.623636
v 0.165205 0.108618 0.628247
v 0.161786 0.103080 0.623008
v 0.175606 0.102595 0.625504
v 0.172780 0.109474 0.619184
v 0.165861 0.106640 0.630032
v 0.164820 0.093757 0.621638
v 0.165688 0.098993 0.629411
v 0.172056 0.098756 0.629240
v 0.171947 0.105551 0.629977
v 0.172135 0.094255 0.621567
v 0.169676 0.108807 0.624356
v 0.174583 0.097861 0.612148
v 0.171685 0.093743 0.612944
v 0.164730 0.108550 0.623504
v 0.162796 0.107371 0.620988
v 0.175481 0.105688 0.620048
v 0.172261 0.108147 0.628322
v 0.162416 0.098315 0.620729
v 0.163363 0.101057 0.627551
v 0.174627 0.097303 0.619510
v 0.163962 0.095417 0.612692
v 0.174443 0.110923 0.606873
v 0.165338 0.112769 0.606370
v 0.162548 0.101476 0.610423
v 0.176435 0.101100 0.604316
v 0.166039 0.093752 0.608331
v 0.171582 0.093576 0.607133
v 0.163899 0.107955 0.610771
v 0.174533 0.106768 0.612161
v 0.163179 0.096764 0.607837
v 0.163983 0.108477 0.604667
v 0.175427 0.097905 0.605723
v 0.173837 0.110090 0.603851
v 0.166477 0.111680 0.602496
v 0.162729 0.100327 0.603378
v 0.163428 0.093603 0.603250
v 0.172909 0.108271 0.592512
v 0.166759 0.111272 0.594648
v 0.175702 0.098740 0.594332
v 0.165085 0.090848 0.601602
v 0.171175 0.091522 0.601305
v 0.175090 0.103703 0.595571
v 0.173084 0.089805 0.594206
v 0.172895 0.110138 0.612600
v 0.166138 0.111217 0.612212
v 0.169538 0.089304 0.599694
v 0.164050 0.109496 0.595951
v 0.171408 0.111546 0.586405
v 0.165694 0.111534 0.587481
v 0.161821 0.088363 0.596630
v 0.169709 0.086654 0.589690
v 0.175535 0.106736 0.588421
v 0.178690 0.103700 0.594137
v 0.189604 0.101153 0.588428
v 0.179475 0.091080 0.595534
v 0.188067 0.089872 0.589384
v 0.181811 0.108268 0.592481
v 0.187268 0.105826 0.588859
v 0.177937 0.098373 0.597255
v 0.190177 0.095619 0.590673
v 0.176903 0.089211 0.592815
v 0.189383 0.105127 0.578625
v 0.176459 0.097777 0.594315
v 0.191440 0.093558 0.584223
v 0.178002 0.106398 0.587245
v 0.192571 0.098764 0.578848
v 0.186057 0.086485 0.583154
v 0.180311 0.108236 0.582442
v 0.155697 0.117563 0.621784
v 0.118438 0.102483 0.648377
v 0.116824 0.099997 0.642613
v 0.112798 0.092277 0.597019
v 0.118337 0.120658 0.631764
v 0.116103 0.128617 0.586470
v 0.116036 0.124824 0.603193
v 0.117285 0.122978 0.621109
v 0.121630 0.129983 0.558213
v 0.115389 0.126983 0.551813
v 0.152060 0.124033 0.558082
v 0.142377 0.126506 0.561917
v 0.166448 0.114086 0.550938
v 0.159255 0.119288 0.557946
v 0.188624 0.099088 0.550690
v 0.178241 0.107983 0.536394
v 0.193584 0.091134 0.558143
v 0.193530 0.084825 0.553829
v 0.171004 0.111727 0.550953
v 0.130091 0.129308 0.561937
v 0.121135 0.131768 0.544679
v 0.146335 0.135201 0.532108
v 0.158113 0.125678 0.540170
v 0.183146 0.100755 0.524485
v 0.176256 0.110222 0.523438
v 0.170930 0.116479 0.529018
v 0.128948 0.134423 0.544264
v 0.139796 0.052741 0.410699
v 0.121986 0.133765 0.522866
v 0.136575 0.136107 0.534400
v 0.144523 0.050467 0.418613
v 0.160050 0.134048 0.512897
v 0.180951 0.102023 0.500861
v 0.169616 0.123849 0.504680
v 0.180307 0.091491 0.485687
v 0.155759 0.135194 0.519565
v 0.132342 0.138728 0.521502
v 0.126183 0.136083 0.522376
v 0.119743 0.131481 0.504842
v 0.143142 0.145029 0.504869
v 0.137336 0.146682 0.502318
v 0.164719 0.137838 0.492604
v 0.156094 0.141190 0.499972
v 0.177072 0.108123 0.442506
v 0.177657 0.118904 0.427618
v 0.175400 0.127766 0.474665
v 0.181736 0.096862 0.495334
v 0.170119 0.141224 0.475539
v 0.130442 0.145338 0.496207
v 0.123332 0.137004 0.499906
v 0.103775 0.114581 0.561624
v 0.099589 0.091709 0.567689
v 0.100521 0.104564 0.564497
v 0.109907 0.119971 0.542325
v 0.105257 0.116714 0.548960
v 0.107308 0.095663 0.549255
v 0.103649 0.104024 0.548305
v 0.110529 0.115575 0.525548
v 0.114496 0.099096 0.524906
v 0.110578 0.108070 0.526249
v 0.112423 0.113430 0.502644
v 0.115024 0.094356 0.504414
v 0.189954 0.077799 0.558321
v 0.168764 0.075280 0.561434
v 0.183979 0.075494 0.558967
v 0.174675 0.074308 0.560568
v 0.172470 0.071597 0.538723
v 0.183611 0.075695 0.534968
v 0.175107 0.069713 0.505227
v 0.182694 0.079436 0.507108
v 0.180522 0.074450 0.501128
v 0.178850 0.079502 0.485575
v 0.171379 0.066016 0.474814
v 0.175199 0.071016 0.477778
v 0.115744 0.082559 0.572899
v 0.126706 0.081755 0.574310
v 0.134780 0.082294 0.573337
v 0.142552 0.082193 0.571066
v 0.157497 0.078126 0.563036
v 0.161304 0.079535 0.576284
v 0.105880 0.086240 0.570587
v 0.179579 0.137776 0.436200
v 0.138237 0.080785 0.520864
v 0.160352 0.068441 0.509246
v 0.119245 0.090837 0.523581
v 0.124240 0.087615 0.547952
v 0.133129 0.084499 0.548312
v 0.142087 0.082602 0.547344
v 0.149050 0.080474 0.544744
v 0.163428 0.073609 0.541340
v 0.112969 0.090613 0.547816
v 0.162201 0.055587 0.436391
v 0.165565 0.060744 0.432130
v 0.113300 0.066650 0.420245
v 0.114523 0.057528 0.425624
v 0.118622 0.054230 0.432480
v 0.112510 0.091298 0.448451
v 0.110998 0.066939 0.447799
v 0.118230 0.060697 0.454794
v 0.114016 0.086068 0.473883
v 0.114807 0.077341 0.470761
v 0.124265 0.059047 0.404487
v 0.148289 0.053104 0.413871
v 0.149848 0.059478 0.406716
v 0.127960 0.049859 0.427098
v 0.125797 0.053102 0.413499
v 0.158177 0.056694 0.421301
v 0.160637 0.062436 0.419312
v 0.156628 0.053016 0.431156
v 0.115679 0.123788 0.502163
v 0.154500 0.083352 0.401248
v 0.154646 0.120516 0.406336
v 0.154709 0.106807 0.401613
v 0.151950 0.069718 0.403078
v 0.163160 0.078599 0.417605
v 0.125316 0.169306 0.446289
v 0.165352 0.104196 0.420529
v 0.169186 0.086695 0.431204
v 0.004662 0.515430 0.050489
v 0.123293 0.156201 0.453931
v 0.112234 0.108268 0.474975
v 0.113058 0.116136 0.466729
v 0.116445 0.132995 0.461440
v 0.118797 0.139384 0.439785
v 0.114232 0.105277 0.446532
v 0.121748 0.137024 0.423689
v 0.121908 0.122565 0.423558
v 0.114519 0.077490 0.417511
v 0.117571 0.091319 0.419579
v 0.120517 0.106152 0.422226
v 0.142531 0.112137 0.393661
v 0.127290 0.097729 0.402972
v 0.124046 0.084832 0.400770
v 0.122458 0.072276 0.400707
v 0.130414 0.113731 0.403524
v 0.133624 0.128729 0.405535
v 0.146708 0.137764 0.395802
v 0.130129 0.172595 0.464841
v 0.176254 0.150237 0.425033
v 0.167940 0.118961 0.418755
v 0.145136 0.155041 0.395792
v 0.136653 0.144379 0.406661
v 0.125445 0.165432 0.432099
v 0.170002 0.142284 0.419346
v 0.159369 0.148146 0.484829
v 0.141813 0.154316 0.492226
v 0.177802 0.113869 0.458395
v 0.122567 0.153046 0.438481
v 0.178057 0.099436 0.459742
v 0.132845 0.158266 0.480642
v 0.137364 0.157422 0.488066
v 0.150257 0.151190 0.490949
v 0.126312 0.148353 0.420800
v 0.179038 0.114399 0.476656
v 0.172297 0.103962 0.431188
v 0.008644 0.524100 0.062723
v 0.009732 0.536935 0.074794
v 0.013860 0.553078 0.106540
v 0.019411 0.571870 0.162105
v 0.022603 0.579809 0.197200
v 0.031526 0.577744 0.243987
v 0.049781 0.575652 0.303193
v 0.059632 0.574640 0.332085
v 0.068562 0.575437 0.357671
v 0.077605 0.577916 0.383447
v 0.085684 0.575690 0.404568
v 0.092654 0.568048 0.420744
v 0.101552 0.551888 0.430640
v 0.104900 0.529259 0.424253
v 0.102725 0.497722 0.408320
v 0.095484 0.428853 0.409264
v 0.096434 0.382272 0.413704
v 0.103381 0.333739 0.418997
v 0.116188 0.268955 0.427143
v 0.127436 0.189614 0.449037
v 0.163593 0.056566 0.448497
v 0.167717 0.061226 0.445434
v 0.112636 0.106990 0.499328
v 0.115922 0.126669 0.480901
v 0.125718 0.154405 0.465474
v 0.119880 0.136291 0.478721
v 0.181869 0.103209 0.478197
v 0.167332 0.070706 0.521483
v 0.172508 0.083734 0.445724
v 0.176956 0.109020 0.500116
v 0.171338 0.067767 0.448824
v 0.164624 0.063631 0.480082
v 0.154391 0.063908 0.484587
v 0.119138 0.085218 0.503217
v 0.144650 0.050092 0.427960
v 0.122731 0.053533 0.444333
v 0.118851 0.074589 0.478494
v 0.136328 0.053047 0.448922
v 0.128183 0.056288 0.456751
v 0.148984 0.052331 0.445863
v 0.160506 0.057833 0.461382
v 0.128152 0.068037 0.478848
v 0.138626 0.118636 0.636193
v 0.154584 0.110585 0.644734
v 0.168944 0.092759 0.609093
v 0.169544 0.111859 0.612262
v 0.170225 0.113113 0.605323
v 0.154898 0.115357 0.600495
v 0.170050 0.111047 0.593426
v 0.155713 0.117682 0.614119
v 0.169274 0.111331 0.618509
v 0.139935 0.122018 0.618517
v 0.139552 0.121878 0.625353
v 0.139644 0.116300 0.643980
v 0.178498 0.086332 0.586079
v 0.181160 0.087838 0.591207
v 0.139435 0.115802 0.650777
v 0.135579 0.089328 0.596643
v 0.169069 0.110152 0.622719
v 0.184225 0.108797 0.592692
v 0.183063 0.089966 0.593922
v 0.179522 0.103095 0.611405
v 0.178184 0.102411 0.615502
v 0.186401 0.102310 0.616996
v 0.186684 0.102915 0.610133
v 0.175708 0.099266 0.610481
v 0.189260 0.099261 0.606939
v 0.186486 0.104779 0.608036
v 0.177678 0.102986 0.611258
v 0.176831 0.098657 0.614878
v 0.188382 0.097655 0.613668
v 0.179399 0.101601 0.618945
v 0.180198 0.103238 0.617477
v 0.179383 0.091346 0.609103
v 0.180763 0.094860 0.617243
v 0.186727 0.095542 0.615432
v 0.187271 0.092670 0.608905
v 0.185338 0.100516 0.618726
v 0.180074 0.106233 0.606611
v 0.187671 0.102858 0.609891
v 0.185324 0.103259 0.612920
v 0.176470 0.102636 0.609191
v 0.176670 0.095237 0.608452
v 0.189290 0.095391 0.608265
v 0.180490 0.107752 0.604179
v 0.179075 0.090321 0.601804
v 0.187212 0.093482 0.599915
v 0.177981 0.104406 0.602364
v 0.188235 0.103791 0.605107
v 0.187654 0.107199 0.602631
v 0.180119 0.107974 0.600095
v 0.190757 0.099763 0.600560
v 0.177965 0.094931 0.600145
v 0.190491 0.096204 0.600912
v 0.188302 0.106642 0.599470
v 0.180245 0.091495 0.599180
v 0.182898 0.089861 0.607616
v 0.182375 0.100640 0.620164
v 0.182742 0.105659 0.608890
v 0.182972 0.090849 0.599761
v 0.185255 0.108548 0.577956
v 0.100550 0.104843 0.576837
v 0.105386 0.116513 0.571209
v 0.192889 0.085228 0.564792
v 0.188416 0.099472 0.561991
v 0.114520 0.125152 0.572168
v 0.122769 0.127389 0.572923
v 0.135400 0.123373 0.575122
v 0.151011 0.118518 0.574047
v 0.162549 0.114370 0.569426
v 0.171159 0.109393 0.563112
v 0.177635 0.077265 0.570986
v 0.098744 0.094170 0.580000
v 0.102267 0.088680 0.582352
v 0.113319 0.085175 0.584631
v 0.123506 0.084352 0.586201
v 0.132546 0.084554 0.586134
v 0.167799 0.079982 0.574693
v 0.154700 0.082772 0.578230
v 0.179164 0.106426 0.560055
v 0.124849 0.060330 0.462885
v 0.060647 0.654301 0.198790
v 0.029121 0.603470 0.209875
v 0.027623 0.559355 0.212634
v 0.139694 0.509626 0.185147
v 0.161365 0.523547 0.178260
v 0.177809 0.542550 0.174389
v 0.188933 0.565579 0.170511
v 0.167136 0.657199 0.170972
v 0.147030 0.672479 0.175654
v 0.118227 0.679392 0.182310
v 0.087406 0.675791 0.190467
v 0.041718 1.257415 0.136152
v 0.021323 1.253960 0.139448
v -0.030294 1.664982 0.018940
v 0.000000 1.428235 0.016928
v 0.000000 1.423046 -0.001930
v 0.000000 1.414575 -0.019624
v -0.027507 1.664982 0.014391
v 0.000000 1.388902 -0.049421
v -0.024042 1.664982 0.010334
v 0.000000 1.354314 -0.068869
v 0.000000 1.334951 -0.073922
v 0.000000 1.314982 -0.075624
v -0.019985 1.664982 0.006870
v 0.014524 1.609982 -0.010324
v 0.021338 1.609982 -0.007501
v 0.027626 1.609982 -0.003648
v -0.015436 1.664982 0.004082
v -0.010507 1.664982 0.002040
v -0.005319 1.664982 0.000795
v 0.033234 1.609982 0.001142
v 0.000000 1.664982 0.000376
v 0.005319 1.664982 0.000795
v 0.003015 1.428235 0.017223
v 0.005939 1.423046 -0.001348
v 0.008682 1.414575 -0.018773
v 0.011162 1.403077 -0.034522
v 0.013302 1.388902 -0.048117
v 0.015038 1.372482 -0.059145
v 0.016318 1.354314 -0.067271
v 0.017101 1.334951 -0.072247
v 0.017365 1.314982 -0.073922
v 0.038024 1.609982 0.006750
v 0.041877 1.609982 0.013039
v 0.044700 1.609982 0.019852
v 0.046421 1.609982 0.027024
v 0.047000 1.609982 0.034376
v 0.057286 1.559982 0.043449
v 0.055161 1.559982 0.052299
v 0.051678 1.559982 0.060708
v 0.010507 1.664982 0.002040
v 0.015436 1.664982 0.004082
v 0.005939 1.428235 0.018100
v 0.011698 1.423046 0.000380
v 0.017101 1.414575 -0.016247
v 0.021985 1.403077 -0.031274
v 0.026200 1.388902 -0.044247
v 0.029620 1.372482 -0.054769
v 0.032139 1.354314 -0.062522
v 0.033682 1.334951 -0.067271
v 0.034202 1.314982 -0.068869
v 0.046923 1.559982 0.068468
v 0.041012 1.559982 0.075388
v 0.034092 1.559982 0.081299
v 0.026331 1.559982 0.086054
v 0.017923 1.559982 0.089537
v 0.009073 1.559982 0.091662
v -0.000000 1.559982 0.092376
v -0.009073 1.559982 0.091662
v 0.019985 1.664982 0.006870
v 0.024042 1.664982 0.010334
v 0.008682 1.428235 0.019533
v 0.017101 1.423046 0.003202
v 0.025000 1.414575 -0.012121
v 0.032139 1.403077 -0.025971
v 0.038302 1.388902 -0.037926
v 0.043301 1.372482 -0.047624
v 0.046985 1.354314 -0.054769
v 0.049240 1.334951 -0.059145
v 0.050000 1.314982 -0.060619
v -0.017923 1.559982 0.089537
v -0.026331 1.559982 0.086054
v -0.034092 1.559982 0.081299
v -0.041012 1.559982 0.075388
v -0.046923 1.559982 0.068468
v -0.051678 1.559982 0.060708
v -0.055161 1.559982 0.052299
v -0.057286 1.559982 0.043449
v 0.027507 1.664982 0.014391
v 0.030294 1.664982 0.018940
v 0.011162 1.428235 0.021478
v 0.021985 1.423046 0.007032
v 0.032139 1.414575 -0.006522
v 0.041318 1.403077 -0.018773
v 0.049240 1.388902 -0.029348
v 0.055667 1.372482 -0.037926
v 0.060402 1.354314 -0.044247
v 0.063302 1.334951 -0.048117
v 0.064279 1.314982 -0.049421
v -0.058000 1.559982 0.034376
v -0.057286 1.559982 0.025303
v -0.055161 1.559982 0.016453
v -0.051678 1.559982 0.008045
v -0.046923 1.559982 0.000285
v -0.041012 1.559982 -0.006636
v -0.034092 1.559982 -0.012547
v -0.026331 1.559982 -0.017302
v 0.032336 1.664982 0.023870
v 0.033581 1.664982 0.029057
v 0.013302 1.428235 0.023875
v 0.026200 1.423046 0.011753
v 0.038302 1.414575 0.000380
v 0.049240 1.403077 -0.009900
v 0.058682 1.388902 -0.018773
v 0.066341 1.372482 -0.025971
v 0.071985 1.354314 -0.031274
v 0.075441 1.334951 -0.034522
v 0.076604 1.314982 -0.035616
v -0.017923 1.559982 -0.020785
v -0.009073 1.559982 -0.022910
v 0.000000 1.559982 -0.023624
v 0.009073 1.559982 -0.022910
v 0.017923 1.559982 -0.020785
v 0.026331 1.559982 -0.017302
v 0.034092 1.559982 -0.012547
v 0.041012 1.559982 -0.006636
v 0.034000 1.664982 0.034376
v 0.029631 1.649982 0.039069
v 0.015038 1.428235 0.026652
v 0.029620 1.423046 0.017223
v 0.043301 1.414575 0.008376
v 0.055667 1.403077 0.000380
v 0.066341 1.388902 -0.006522
v 0.075000 1.372482 -0.012121
v 0.081380 1.354314 -0.016247
v 0.085287 1.334951 -0.018773
v 0.086603 1.314982 -0.019624
v 0.046923 1.559982 0.000285
v 0.051678 1.559982 0.008045
v 0.055161 1.559982 0.016453
v 0.057286 1.559982 0.025303
v 0.058000 1.559982 0.034376
v 0.061237 1.509982 0.044075
v 0.058966 1.509982 0.053535
v 0.055242 1.509982 0.062524
v 0.050159 1.509982 0.070819
v 0.000000 1.429982 0.036376
v 0.016318 1.428235 0.029724
v 0.032139 1.423046 0.023275
v 0.046985 1.414575 0.017223
v 0.060402 1.403077 0.011753
v 0.071985 1.388902 0.007032
v 0.081380 1.372482 0.003202
v 0.088302 1.354314 0.000380
v 0.092542 1.334951 -0.001348
v 0.093969 1.314982 -0.001930
v 0.043841 1.509982 0.078217
v 0.036443 1.509982 0.084535
v 0.028147 1.509982 0.089619
v 0.019159 1.509982 0.093342
v 0.009699 1.509982 0.095613
v -0.000000 1.509982 0.096376
v -0.009699 1.509982 0.095613
v -0.019159 1.509982 0.093342
v 0.028532 1.649982 0.043647
v 0.026730 1.649982 0.047996
v 0.017101 1.428235 0.032999
v 0.033682 1.423046 0.029724
v 0.049240 1.414575 0.026652
v 0.063302 1.403077 0.023875
v 0.075441 1.388902 0.021478
v 0.085287 1.372482 0.019533
v 0.092542 1.354314 0.018100
v 0.096985 1.334951 0.017223
v 0.098481 1.314982 0.016928
v -0.028147 1.509982 0.089619
v -0.036443 1.509982 0.084535
v -0.043841 1.509982 0.078217
v -0.050159 1.509982 0.070819
v -0.055242 1.509982 0.062524
v -0.058966 1.509982 0.053535
v -0.061237 1.509982 0.044075
v -0.062000 1.509982 0.034376
v 0.024271 1.649982 0.052010
v 0.021213 1.649982 0.055589
v 0.017365 1.428235 0.036376
v 0.034202 1.423046 0.036376
v 0.050000 1.414575 0.036376
v 0.064279 1.403077 0.036376
v 0.076604 1.388902 0.036376
v 0.086603 1.372482 0.036376
v 0.093969 1.354314 0.036376
v 0.098481 1.334951 0.036376
v 0.100000 1.314982 0.036376
v -0.061237 1.509982 0.024677
v -0.058966 1.509982 0.015217
v -0.055242 1.509982 0.006229
v -0.050159 1.509982 -0.002067
v -0.043841 1.509982 -0.009465
v -0.036443 1.509982 -0.015783
v -0.028147 1.509982 -0.020866
v -0.019159 1.509982 -0.024589
v 0.017634 1.649982 0.058647
v 0.013620 1.649982 0.061106
v 0.017101 1.428235 0.039753
v 0.033682 1.423046 0.043028
v 0.049240 1.414575 0.046100
v 0.063302 1.403077 0.048877
v 0.075441 1.388902 0.051275
v 0.085287 1.372482 0.053219
v 0.092542 1.354314 0.054652
v 0.096985 1.334951 0.055529
v 0.098481 1.314982 0.055825
v -0.009699 1.509982 -0.026861
v 0.000000 1.509982 -0.027624
v 0.009699 1.509982 -0.026861
v 0.019159 1.509982 -0.024589
v 0.028147 1.509982 -0.020866
v 0.036443 1.509982 -0.015783
v 0.043841 1.509982 -0.009465
v 0.050159 1.509982 -0.002067
v 0.009271 1.649982 0.062908
v 0.004693 1.649982 0.064007
v 0.016318 1.428235 0.043028
v 0.032139 1.423046 0.049478
v 0.046985 1.414575 0.055529
v 0.060402 1.403077 0.060999
v 0.071985 1.388902 0.065720
v 0.081380 1.372482 0.069550
v 0.088302 1.354314 0.072372
v 0.092542 1.334951 0.074100
v 0.093969 1.314982 0.074682
v 0.055242 1.509982 0.006229
v 0.058966 1.509982 0.015217
v 0.061237 1.509982 0.024677
v 0.062000 1.509982 0.034376
v 0.059261 1.451982 0.043762
v 0.057063 1.451982 0.052917
v 0.053460 1.451982 0.061616
v 0.048541 1.451982 0.069643
v -0.000000 1.649982 0.064376
v -0.004693 1.649982 0.064007
v 0.015038 1.428235 0.046100
v 0.029620 1.423046 0.055529
v 0.043301 1.414575 0.064376
v 0.055667 1.403077 0.072372
v 0.066341 1.388902 0.079275
v 0.075000 1.372482 0.084874
v 0.081380 1.354314 0.088999
v 0.085287 1.334951 0.091525
v 0.086603 1.314982 0.092376
v 0.042426 1.451982 0.076803
v 0.035267 1.451982 0.082917
v 0.027239 1.451982 0.087836
v 0.018541 1.451982 0.091439
v 0.009386 1.451982 0.093637
v -0.000000 1.451982 0.094376
v -0.009386 1.451982 0.093637
v -0.018541 1.451982 0.091439
v -0.009271 1.649982 0.062908
v -0.013620 1.649982 0.061106
v 0.013302 1.428235 0.048877
v 0.026200 1.423046 0.060999
v 0.038302 1.414575 0.072372
v 0.049240 1.403077 0.082652
v 0.058682 1.388902 0.091525
v 0.066341 1.372482 0.098723
v 0.071985 1.354314 0.104027
v 0.075441 1.334951 0.107275
v 0.076604 1.314982 0.108368
v -0.027239 1.451982 0.087836
v -0.035267 1.451982 0.082917
v -0.042426 1.451982 0.076803
v -0.048541 1.451982 0.069643
v -0.053460 1.451982 0.061616
v -0.057063 1.451982 0.052917
v -0.059261 1.451982 0.043762
v -0.060000 1.451982 0.034376
v -0.017634 1.649982 0.058647
v -0.021213 1.649982 0.055589
v 0.011162 1.428235 0.051275
v 0.021985 1.423046 0.065720
v 0.032139 1.414575 0.079275
v 0.041318 1.403077 0.091525
v 0.049240 1.388902 0.102100
v 0.055667 1.372482 0.110678
v 0.060402 1.354314 0.116999
v 0.063302 1.334951 0.120870
v 0.064279 1.314982 0.122173
v -0.059261 1.451982 0.024990
v -0.057063 1.451982 0.015835
v -0.053460 1.451982 0.007137
v -0.048541 1.451982 -0.000891
v -0.042426 1.451982 -0.008050
v -0.035267 1.451982 -0.014165
v -0.027239 1.451982 -0.019084
v -0.018541 1.451982 -0.022687
v -0.024271 1.649982 0.052010
v -0.026730 1.649982 0.047996
v 0.008682 1.428235 0.053219
v 0.017101 1.423046 0.069550
v 0.025000 1.414575 0.084874
v 0.032139 1.403077 0.098723
v 0.038302 1.388902 0.110678
v 0.043301 1.372482 0.120376
v 0.046985 1.354314 0.127521
v 0.049240 1.334951 0.131897
v 0.050000 1.314982 0.133371
v -0.009386 1.451982 -0.024885
v 0.000000 1.451982 -0.025624
v 0.009386 1.451982 -0.024885
v 0.018541 1.451982 -0.022687
v 0.027239 1.451982 -0.019084
v 0.035267 1.451982 -0.014165
v 0.042426 1.451982 -0.008050
v 0.048541 1.451982 -0.000891
v -0.028532 1.649982 0.043647
v -0.029631 1.649982 0.039069
v 0.005939 1.428235 0.054652
v 0.011698 1.423046 0.072372
v 0.017101 1.414575 0.088999
v 0.021985 1.403077 0.104027
v 0.026200 1.388902 0.116999
v 0.029620 1.372482 0.127521
v 0.032139 1.354314 0.135275
v 0.033682 1.334951 0.140023
v 0.034202 1.314982 0.141622
v 0.053460 1.451982 0.007137
v 0.057063 1.451982 0.015835
v 0.059261 1.451982 0.024990
v 0.060000 1.451982 0.034376
v 0.079015 1.449982 0.046891
v 0.076085 1.449982 0.059097
v 0.071281 1.449982 0.070695
v 0.064721 1.449982 0.081399
v -0.030000 1.649982 0.034376
v -0.029631 1.649982 0.029683
v 0.003015 1.428235 0.055529
v 0.005939 1.423046 0.074100
v 0.008682 1.414575 0.091525
v 0.011162 1.403077 0.107275
v 0.013302 1.388902 0.120870
v 0.015038 1.372482 0.131897
v 0.016318 1.354314 0.140023
v 0.017101 1.334951 0.144999
v 0.017365 1.314982 0.146675
v 0.056569 1.449982 0.090945
v 0.047023 1.449982 0.099097
v 0.036319 1.449982 0.105657
v 0.024721 1.449982 0.110461
v 0.012515 1.449982 0.113391
v -0.000000 1.449982 0.114376
v -0.012515 1.449982 0.113391
v -0.024721 1.449982 0.110461
v -0.028532 1.649982 0.025106
v -0.026730 1.649982 0.020756
v -0.000000 1.428235 0.055825
v -0.000000 1.423046 0.074682
v -0.000000 1.414575 0.092376
v 0.000000 1.403077 0.108368
v -0.000000 1.388902 0.122173
v -0.000000 1.372482 0.133371
v -0.000000 1.354314 0.141622
v -0.000000 1.334951 0.146675
v -0.000000 1.314982 0.148376
v -0.036319 1.449982 0.105657
v -0.047023 1.449982 0.099097
v -0.056569 1.449982 0.090945
v -0.064721 1.449982 0.081399
v -0.071281 1.449982 0.070695
v -0.076085 1.449982 0.059097
v -0.079015 1.449982 0.046891
v -0.080000 1.449982 0.034376
v -0.024271 1.649982 0.016743
v -0.021213 1.649982 0.013163
v -0.003015 1.428235 0.055529
v -0.005939 1.423046 0.074100
v -0.008682 1.414575 0.091525
v -0.011162 1.403077 0.107275
v -0.013302 1.388902 0.120870
v -0.015038 1.372482 0.131897
v -0.016318 1.354314 0.140023
v -0.017101 1.334951 0.144999
v -0.017365 1.314982 0.146675
v -0.079015 1.449982 0.021861
v -0.076085 1.449982 0.009655
v -0.071281 1.449982 -0.001943
v -0.064721 1.449982 -0.012647
v -0.056569 1.449982 -0.022192
v -0.047023 1.449982 -0.030345
v -0.036319 1.449982 -0.036904
v -0.024721 1.449982 -0.041708
v -0.017634 1.649982 0.010106
v -0.013620 1.649982 0.007646
v -0.005939 1.428235 0.054652
v -0.011698 1.423046 0.072372
v -0.017101 1.414575 0.088999
v -0.021985 1.403077 0.104027
v -0.026200 1.388902 0.116999
v -0.029620 1.372482 0.127521
v -0.032139 1.354314 0.135275
v -0.033682 1.334951 0.140023
v -0.034202 1.314982 0.141622
v -0.012515 1.449982 -0.044639
v 0.000000 1.449982 -0.045624
v 0.012515 1.449982 -0.044639
v 0.024721 1.449982 -0.041708
v 0.036319 1.449982 -0.036904
v 0.047023 1.449982 -0.030345
v 0.056569 1.449982 -0.022192
v 0.064721 1.449982 -0.012647
v -0.009271 1.649982 0.005844
v -0.004693 1.649982 0.004745
v -0.008682 1.428235 0.053219
v -0.017101 1.423046 0.069550
v -0.025000 1.414575 0.084874
v -0.032139 1.403077 0.098723
v -0.038302 1.388902 0.110678
v -0.043301 1.372482 0.120376
v -0.046985 1.354314 0.127521
v -0.049240 1.334951 0.131897
v -0.050000 1.314982 0.133371
v 0.071281 1.449982 -0.001943
v 0.076085 1.449982 0.009655
v 0.079015 1.449982 0.021861
v 0.080000 1.449982 0.034376
v 0.086917 1.444982 0.048142
v 0.083693 1.444982 0.061570
v 0.078409 1.444982 0.074327
v 0.071193 1.444982 0.086101
v 0.000000 1.649982 0.004376
v 0.004693 1.649982 0.004745
v -0.011162 1.428235 0.051275
v -0.021985 1.423046 0.065720
v -0.032139 1.414575 0.079275
v -0.041318 1.403077 0.091525
v -0.049240 1.388902 0.102100
v -0.055667 1.372482 0.110678
v -0.060402 1.354314 0.116999
v -0.063302 1.334951 0.120870
v -0.064279 1.314982 0.122173
v 0.062225 1.444982 0.096602
v 0.051725 1.444982 0.105570
v 0.039951 1.444982 0.112785
v 0.027193 1.444982 0.118069
v 0.013766 1.444982 0.121293
v -0.000000 1.444982 0.122376
v -0.013766 1.444982 0.121293
v -0.027193 1.444982 0.118069
v 0.009271 1.649982 0.005844
v 0.013620 1.649982 0.007646
v -0.013302 1.428235 0.048877
v -0.026200 1.423046 0.060999
v -0.038302 1.414575 0.072372
v -0.049240 1.403077 0.082652
v -0.058682 1.388902 0.091525
v -0.066341 1.372482 0.098723
v -0.071985 1.354314 0.104027
v -0.075441 1.334951 0.107275
v -0.076604 1.314982 0.108368
v -0.039951 1.444982 0.112785
v -0.051725 1.444982 0.105570
v -0.062225 1.444982 0.096602
v -0.071193 1.444982 0.086101
v -0.078409 1.444982 0.074327
v -0.083693 1.444982 0.061570
v -0.086917 1.444982 0.048142
v -0.088000 1.444982 0.034376
v 0.017634 1.649982 0.010106
v 0.021213 1.649982 0.013163
v -0.015038 1.428235 0.046100
v -0.029620 1.423046 0.055529
v -0.043301 1.414575 0.064376
v -0.055667 1.403077 0.072372
v -0.066341 1.388902 0.079275
v -0.075000 1.372482 0.084873
v -0.081380 1.354314 0.088999
v -0.085287 1.334951 0.091525
v -0.086602 1.314982 0.092376
v -0.086917 1.444982 0.020610
v -0.083693 1.444982 0.007183
v -0.078409 1.444982 -0.005575
v -0.071193 1.444982 -0.017349
v -0.062225 1.444982 -0.027849
v -0.051725 1.444982 -0.036817
v -0.039951 1.444982 -0.044032
v -0.027193 1.444982 -0.049317
v 0.024271 1.649982 0.016743
v 0.026730 1.649982 0.020756
v -0.016318 1.428235 0.043028
v -0.032139 1.423046 0.049478
v -0.046985 1.414575 0.055529
v -0.060402 1.403077 0.060999
v -0.071985 1.388902 0.065720
v -0.081380 1.372482 0.069550
v -0.088302 1.354314 0.072372
v -0.092542 1.334951 0.074100
v -0.093969 1.314982 0.074682
v -0.013766 1.444982 -0.052540
v 0.000000 1.444982 -0.053624
v 0.013766 1.444982 -0.052540
v 0.027193 1.444982 -0.049317
v 0.039951 1.444982 -0.044032
v 0.051725 1.444982 -0.036817
v 0.062225 1.444982 -0.027849
v 0.071193 1.444982 -0.017349
v 0.028532 1.649982 0.025106
v 0.029631 1.649982 0.029683
v -0.017101 1.428235 0.039753
v -0.033682 1.423046 0.043028
v -0.049240 1.414575 0.046100
v -0.063302 1.403077 0.048877
v -0.075441 1.388902 0.051275
v -0.085287 1.372482 0.053219
v -0.092542 1.354314 0.054652
v -0.096985 1.334951 0.055529
v -0.098481 1.314982 0.055825
v 0.078409 1.444982 -0.005575
v 0.083693 1.444982 0.007183
v 0.086917 1.444982 0.020610
v 0.088000 1.444982 0.034376
v 0.083954 1.389982 0.047673
v 0.080840 1.389982 0.060643
v 0.075736 1.389982 0.072965
v 0.068766 1.389982 0.084338
v 0.030000 1.649982 0.034376
v 0.046421 1.609982 0.041729
v -0.017365 1.428235 0.036376
v -0.034202 1.423046 0.036376
v -0.050000 1.414575 0.036376
v -0.064279 1.403077 0.036376
v -0.076604 1.388902 0.036376
v -0.086602 1.372482 0.036376
v -0.093969 1.354314 0.036376
v -0.098481 1.334951 0.036376
v -0.100000 1.314982 0.036376
v 0.060104 1.389982 0.094480
v 0.049962 1.389982 0.103143
v 0.038589 1.389982 0.110112
v 0.026266 1.389982 0.115216
v 0.013297 1.389982 0.118330
v -0.000000 1.389982 0.119376
v -0.013297 1.389982 0.118330
v -0.026266 1.389982 0.115216
v 0.044700 1.609982 0.048900
v 0.041877 1.609982 0.055714
v -0.017101 1.428235 0.032999
v -0.033682 1.423046 0.029724
v -0.049240 1.414575 0.026652
v -0.063302 1.403077 0.023875
v -0.075441 1.388902 0.021478
v -0.085287 1.372482 0.019533
v -0.092542 1.354314 0.018100
v -0.096985 1.334951 0.017223
v -0.098481 1.314982 0.016928
v -0.038589 1.389982 0.110112
v -0.049962 1.389982 0.103143
v -0.060104 1.389982 0.094480
v -0.068766 1.389982 0.084338
v -0.075736 1.389982 0.072965
v -0.080840 1.389982 0.060643
v -0.083954 1.389982 0.047673
v -0.085000 1.389982 0.034376
v 0.038024 1.609982 0.062002
v 0.033234 1.609982 0.067610
v -0.016318 1.428235 0.029724
v -0.032139 1.423046 0.023275
v -0.046985 1.414575 0.017223
v -0.060402 1.403077 0.011753
v -0.071985 1.388902 0.007032
v -0.081380 1.372482 0.003202
v -0.088302 1.354314 0.000380
v -0.092542 1.334951 -0.001348
v -0.093969 1.314982 -0.001930
v -0.083954 1.389982 0.021079
v -0.080840 1.389982 0.008110
v -0.075736 1.389982 -0.004213
v -0.068766 1.389982 -0.015586
v -0.060104 1.389982 -0.025728
v -0.049962 1.389982 -0.034390
v -0.038589 1.389982 -0.041359
v -0.026266 1.389982 -0.046464
v 0.027626 1.609982 0.072400
v 0.021338 1.609982 0.076253
v -0.015038 1.428235 0.026652
v -0.029620 1.423046 0.017223
v -0.043301 1.414575 0.008376
v -0.055667 1.403077 0.000380
v -0.066341 1.388902 -0.006522
v -0.075000 1.372482 -0.012121
v -0.081380 1.354314 -0.016247
v -0.085287 1.334951 -0.018773
v -0.086602 1.314982 -0.019624
v -0.013297 1.389982 -0.049577
v 0.000000 1.389982 -0.050624
v 0.013297 1.389982 -0.049577
v 0.026266 1.389982 -0.046464
v 0.038589 1.389982 -0.041359
v 0.049962 1.389982 -0.034390
v 0.060104 1.389982 -0.025728
v 0.068766 1.389982 -0.015586
v 0.014524 1.609982 0.079076
v 0.007352 1.609982 0.080797
v -0.013302 1.428235 0.023875
v -0.026200 1.423046 0.011753
v -0.038302 1.414575 0.000380
v -0.049240 1.403077 -0.009900
v -0.058682 1.388902 -0.018773
v -0.066341 1.372482 -0.025971
v -0.071985 1.354314 -0.031274
v -0.075441 1.334951 -0.034522
v -0.076604 1.314982 -0.035616
v 0.075736 1.389982 -0.004213
v 0.080840 1.389982 0.008110
v 0.083954 1.389982 0.021079
v 0.085000 1.389982 0.034376
v 0.070000 1.319982 -0.058124
v 0.100000 0.970711 -0.065624
v 0.070000 1.319982 -0.023124
v 0.100000 0.970711 -0.015624
v -0.000000 1.609982 0.081376
v -0.007352 1.609982 0.080797
v -0.011162 1.428235 0.021478
v -0.021985 1.423046 0.007032
v -0.032139 1.414575 -0.006522
v -0.041318 1.403077 -0.018773
v -0.049240 1.388902 -0.029348
v -0.055667 1.372482 -0.037926
v -0.060402 1.354314 -0.044247
v -0.063302 1.334951 -0.048117
v -0.064279 1.314982 -0.049421
v -0.070000 1.319982 -0.058124
v -0.100000 0.970711 -0.065624
v -0.070000 1.319982 -0.023124
v -0.100000 0.970711 -0.015624
v -0.145000 1.045711 0.072444
v -0.085000 1.045711 0.072444
v -0.085000 1.045711 0.102444
v -0.145000 1.045711 0.102444
v -0.014524 1.609982 0.079076
v -0.021338 1.609982 0.076253
v -0.008682 1.428235 0.019533
v -0.017101 1.423046 0.003202
v -0.025000 1.414575 -0.012121
v -0.032139 1.403077 -0.025971
v -0.038302 1.388902 -0.037926
v -0.043301 1.372482 -0.047624
v -0.046985 1.354314 -0.054769
v -0.049240 1.334951 -0.059145
v -0.050000 1.314982 -0.060619
v -0.150000 0.845711 0.066890
v -0.080000 0.845711 0.066890
v -0.080000 0.845711 0.096890
v -0.150000 0.845711 0.096890
v -0.088000 1.314982 0.112444
v -0.088000 1.314982 -0.045624
v -0.100000 1.314982 -0.045624
v -0.100000 1.314982 0.112444
v -0.027626 1.609982 0.072400
v -0.033234 1.609982 0.067610
v -0.005939 1.428235 0.018100
v -0.011698 1.423046 0.000380
v -0.017101 1.414575 -0.016247
v -0.021985 1.403077 -0.031274
v -0.026200 1.388902 -0.044247
v -0.029620 1.372482 -0.054769
v -0.032139 1.354314 -0.062522
v -0.033682 1.334951 -0.067270
v -0.034202 1.314982 -0.068869
v -0.120000 1.025711 0.107444
v -0.120000 1.025711 -0.055624
v -0.170000 1.025711 -0.055624
v -0.170000 1.025711 0.107444
v 0.085000 1.045711 0.072444
v 0.145000 1.045711 0.072444
v 0.145000 1.045711 0.102444
v 0.085000 1.045711 0.102444
v -0.038024 1.609982 0.062002
v -0.041877 1.609982 0.055714
v -0.003015 1.428235 0.017223
v -0.005939 1.423046 -0.001348
v -0.008682 1.414575 -0.018773
v -0.011162 1.403077 -0.034522
v -0.013302 1.388902 -0.048117
v -0.015038 1.372482 -0.059145
v -0.016318 1.354314 -0.067270
v -0.017101 1.334951 -0.072247
v -0.017365 1.314982 -0.073922
v 0.080000 0.845711 0.066890
v 0.150000 0.845711 0.066890
v 0.150000 0.845711 0.096890
v 0.080000 0.845711 0.096890
v 0.088000 1.314982 0.112444
v 0.088000 1.314982 -0.045624
v 0.100000 1.314982 -0.045624
v 0.100000 1.314982 0.112444
v -0.044700 1.609982 0.048900
v -0.046421 1.609982 0.041729
v -0.047000 1.609982 0.034376
v -0.046421 1.609982 0.027024
v -0.044700 1.609982 0.019852
v 0.000000 1.403077 -0.035616
v -0.041877 1.609982 0.013039
v 0.000000 1.372482 -0.060619
v -0.038024 1.609982 0.006750
v -0.033234 1.609982 0.001142
v -0.027626 1.609982 -0.003648
v 0.120000 1.025711 0.107444
v -0.021338 1.609982 -0.007501
v -0.014524 1.609982 -0.010324
v -0.007352 1.609982 -0.012045
v 0.120000 1.025711 -0.055624
v 0.170000 1.025711 -0.055624
v 0.170000 1.025711 0.107444
v 0.000000 1.609982 -0.012624
v 0.007352 1.609982 -0.012045
v -0.032336 1.664982 0.023870
v -0.033581 1.664982 0.029057
v -0.034000 1.664982 0.034376
v -0.033581 1.664982 0.039695
v -0.032336 1.664982 0.044883
v -0.030294 1.664982 0.049812
v -0.027507 1.664982 0.054361
v -0.024042 1.664982 0.058418
v -0.019985 1.664982 0.061883
v -0.015436 1.664982 0.064670
v -0.010507 1.664982 0.066712
v -0.005319 1.664982 0.067958
v -0.000000 1.664982 0.068376
v 0.005319 1.664982 0.067958
v 0.010507 1.664982 0.066712
v 0.015436 1.664982 0.064670
v 0.019985 1.664982 0.061883
v 0.024042 1.664982 0.058418
v 0.027507 1.664982 0.054361
v 0.030294 1.664982 0.049812
v 0.032336 1.664982 0.044883
v 0.033581 1.664982 0.039695
v 0.020000 1.679982 0.034376
v 0.019754 1.679982 0.031247
v 0.019021 1.679982 0.028196
v 0.017820 1.679982 0.025296
v 0.016180 1.679982 0.022620
v 0.014142 1.679982 0.020234
v 0.011756 1.679982 0.018196
v 0.009080 1.679982 0.016556
v 0.006180 1.679982 0.015355
v 0.003129 1.679982 0.014622
v 0.000000 1.679982 0.014376
v -0.003129 1.679982 0.014622
v -0.006180 1.679982 0.015355
v -0.009080 1.679982 0.016556
v -0.011756 1.679982 0.018196
v -0.014142 1.679982 0.020234
v -0.016180 1.679982 0.022620
v -0.017820 1.679982 0.025296
v -0.019021 1.679982 0.028196
v -0.019754 1.679982 0.031247
v -0.020000 1.679982 0.034376
v -0.019754 1.679982 0.037505
v -0.019021 1.679982 0.040556
v -0.017820 1.679982 0.043456
v -0.016180 1.679982 0.046132
v -0.014142 1.679982 0.048518
v -0.011756 1.679982 0.050556
v -0.009080 1.679982 0.052196
v -0.006180 1.679982 0.053397
v -0.003129 1.679982 0.054130
v -0.000000 1.679982 0.054376
v 0.003129 1.679982 0.054130
v 0.006180 1.679982 0.053397
v 0.009080 1.679982 0.052196
v 0.011756 1.679982 0.050556
v 0.014142 1.679982 0.048518
v 0.016180 1.679982 0.046132
v 0.017820 1.679982 0.043456
v 0.019021 1.679982 0.040556
v 0.019754 1.679982 0.037505
v 0.000000 1.679982 0.034376
v -0.045000 1.414982 -0.018124
v -0.045000 1.544982 -0.018124
v -0.045000 1.414982 -0.043124
v -0.045000 1.544982 -0.043124
v 0.045000 1.414982 -0.018124
v 0.045000 1.544982 -0.018124
v 0.045000 1.414982 -0.043124
v 0.045000 1.544982 -0.043124
v -0.016000 1.114699 0.143444
v -0.013600 1.199699 0.141044
v -0.016000 1.114699 0.111444
v -0.013600 1.199699 0.113844
v 0.016000 1.114699 0.143444
v 0.013600 1.199699 0.141044
v 0.016000 1.114699 0.111444
v 0.013600 1.199699 0.113844
v 0.048000 0.563479 0.380678
v 0.060000 0.163479 0.377678
v 0.048000 0.563479 0.404678
v 0.060000 0.163479 0.407678
v -0.048000 0.563479 0.380678
v -0.060000 0.163479 0.377678
v -0.048000 0.563479 0.404678
v -0.060000 0.163479 0.407678
v -0.180000 0.513479 0.397678
v -0.180000 0.533479 0.417678
v -0.200000 0.533479 0.397678
v -0.180000 0.533479 0.397678
v -0.180000 0.633479 0.417678
v -0.180000 0.653479 0.397678
v -0.200000 0.633479 0.397678
v -0.180000 0.633479 0.397678
v -0.180000 0.513479 -0.021447
v -0.200000 0.533479 -0.021447
v -0.180000 0.533479 -0.041447
v -0.180000 0.533479 -0.021447
v -0.180000 0.653479 -0.021447
v -0.180000 0.633479 -0.041447
v -0.200000 0.633479 -0.021447
v -0.180000 0.633479 -0.021447
v 0.180000 0.513479 0.397678
v 0.200000 0.533479 0.397678
v 0.180000 0.533479 0.417678
v 0.180000 0.533479 0.397678
v 0.180000 0.653479 0.397678
v 0.180000 0.633479 0.417678
v 0.200000 0.633479 0.397678
v 0.180000 0.633479 0.397678
v 0.180000 0.513479 -0.021447
v 0.180000 0.533479 -0.041447
v 0.200000 0.533479 -0.021447
v 0.180000 0.533479 -0.021447
v 0.180000 0.653479 -0.021447
v 0.200000 0.633479 -0.021447
v 0.180000 0.633479 -0.041447
v 0.180000 0.633479 -0.021447
v 0.160000 0.659128 -0.126447
v 0.180000 0.639128 -0.126447
v 0.160000 0.639128 -0.146447
v 0.160000 0.639128 -0.126447
v 0.160000 0.519128 -0.126447
v 0.160000 0.539128 -0.146447
v 0.180000 0.539128 -0.126447
v 0.160000 0.539128 -0.126447
v 0.160000 0.659128 0.093553
v 0.160000 0.639128 0.113553
v 0.180000 0.639128 0.093553
v 0.160000 0.639128 0.093553
v 0.160000 0.519128 0.093553
v 0.180000 0.539128 0.093553
v 0.160000 0.539128 0.113553
v 0.160000 0.539128 0.093553
v -0.160000 0.659128 -0.126447
v -0.160000 0.639128 -0.146447
v -0.180000 0.639128 -0.126447
v -0.160000 0.639128 -0.126447
v -0.160000 0.519128 -0.126447
v -0.180000 0.539128 -0.126447
v -0.160000 0.539128 -0.146447
v -0.160000 0.539128 -0.126447
v -0.160000 0.639128 0.113553
v -0.160000 0.659128 0.093553
v -0.180000 0.639128 0.093553
v -0.160000 0.639128 0.093553
v -0.160000 0.519128 0.093553
v -0.160000 0.539128 0.113553
v -0.180000 0.539128 0.093553
v -0.160000 0.539128 0.093553
v -0.310000 0.010000 0.283553
v -0.310000 0.478479 0.283553
v -0.310000 0.010000 -0.336447
v -0.310000 0.478479 -0.336447
v 0.310000 0.010000 0.283553
v 0.310000 0.478479 0.283553
v 0.310000 0.010000 -0.336447
v 0.310000 0.478479 -0.336447
v -0.310000 0.000000 -0.226447
v -0.310000 1.025711 -0.226447
v -0.310000 0.000000 -0.366447
v -0.310000 1.025711 -0.366447
v 0.310000 0.000000 -0.226447
v 0.310000 1.025711 -0.226447
v 0.310000 0.000000 -0.366447
v 0.310000 1.025711 -0.366447
v -0.300000 0.010000 0.762678
v -0.300000 0.050000 0.762678
v -0.300000 0.010000 0.262678
v -0.300000 0.050000 0.262678
v 0.300000 0.010000 0.762678
v 0.300000 0.050000 0.762678
v 0.300000 0.010000 0.262678
v 0.300000 0.050000 0.262678
s 1
f 1 2 4
f 30 4 31
f 1 6 5
f 9 7 8
f 9 11 10
f 16 14 15
f 18 2 19
f 11 9 22
f 22 9 29
f 18 32 31
f 35 20 34
f 36 34 37
f 37 2414 40
f 38 41 40
f 39 37 42
f 37 41 42
f 32 33 35
f 36 39 51
f 52 45 53
f 44 46 57
f 63 52 62
f 50 85 46
f 61 53 64
f 57 85 65
f 57 65 66
f 62 52 61
f 39 49 64
f 62 61 68
f 49 3146 70
f 68 61 71
f 63 62 72
f 70 3146 74
f 73 70 74
f 271 79 78
f 72 85 63
f 81 90 75
f 75 275 273
f 59 97 96
f 102 60 96
f 116 110 100
f 107 106 3182
f 124 2420 99
f 124 111 110
f 92 93 121
f 106 92 113
f 109 108 114
f 99 111 124
f 111 112 110
f 112 100 110
f 97 98 2408
f 106 117 118
f 112 120 119
f 2420 109 99
f 121 93 112
f 120 111 131
f 130 114 113
f 119 131 130
f 119 120 131
f 130 131 114
f 133 132 126
f 141 137 148
f 2464 2420 2419
f 148 151 149
f 135 146 134
f 122 147 123
f 152 142 156
f 143 153 156
f 153 155 156
f 156 165 152
f 156 160 159
f 151 167 3216
f 144 145 169
f 145 171 170
f 179 171 172
f 177 167 164
f 177 166 167
f 173 138 176
f 171 186 187
f 171 187 183
f 173 182 174
f 185 177 178
f 183 187 191
f 184 193 180
f 186 179 192
f 190 195 182
f 185 197 184
f 191 198 196
f 233 218 221
f 218 209 221
f 184 200 193
f 186 192 198
f 200 208 199
f 206 188 209
f 197 204 200
f 198 206 207
f 191 203 202
f 194 201 195
f 207 219 215
f 196 207 203
f 179 181 188
f 172 181 179
f 204 220 208
f 202 215 214
f 201 213 210
f 165 168 172
f 205 216 204
f 215 219 231
f 215 231 227
f 159 168 165
f 216 232 220
f 214 227 226
f 217 228 216
f 222 241 229
f 238 227 239
f 229 240 228
f 256 243 255
f 161 160 158
f 252 240 241
f 248 236 249
f 240 258 245
f 266 256 255
f 259 265 254
f 247 261 260
f 253 260 264
f 268 257 258
f 263 258 252
f 255 265 266
f 264 252 2465
f 263 252 264
f 262 260 261
f 270 82 79
f 157 154 276
f 288 289 298
f 295 294 296
f 299 291 300
f 303 302 295
f 306 310 278
f 306 309 310
f 314 312 313
f 319 320 322
f 320 321 323
f 323 318 320
f 302 303 304
f 312 310 309
f 75 80 81
f 294 295 302
f 289 328 290
f 331 296 294
f 293 331 294
f 292 330 293
f 331 337 332
f 328 334 329
f 330 336 331
f 336 342 337
f 335 341 336
f 340 345 341
f 347 351 348
f 349 353 350
f 348 352 349
f 356 357 448
f 434 362 412
f 2446 383 382
f 347 343 379
f 67 58 86
f 58 29 57
f 56 23 58
f 28 50 46
f 32 51 31
f 35 51 32
f 45 50 30
f 27 2414 37
f 384 380 387
f 313 322 320
f 313 320 314
f 308 388 387
f 287 308 387
f 283 381 385
f 432 288 297
f 376 289 431
f 2469 409 408
f 2457 392 443
f 396 455 2449
f 2455 343 378
f 408 409 403
f 374 373 444
f 430 421 424
f 458 447 455
f 391 376 431
f 2453 377 376
f 366 434 406
f 81 429 421
f 421 430 81
f 446 447 458
f 441 2471 457
f 453 355 456
f 354 443 392
f 384 306 279
f 306 384 387
f 309 387 388
f 386 278 2435
f 2459 380 384
f 388 452 313
f 451 300 317
f 300 451 299
f 354 453 443
f 351 456 352
f 469 470 3083
f 465 14 466
f 462 10 463
f 464 475 474
f 476 467 477
f 472 462 473
f 460 461 472
f 479 470 469
f 469 478 479
f 460 471 2
f 467 479 477
f 468 471 478
f 484 475 485
f 460 481 480
f 489 478 488
f 486 477 487
f 472 483 482
f 472 482 481
f 479 490 491
f 483 473 484
f 488 471 480
f 480 471 460
f 501 480 493
f 502 488 501
f 499 486 500
f 484 498 497
f 495 482 496
f 492 481 494
f 489 502 490
f 500 487 491
f 494 482 495
f 491 490 503
f 483 497 496
f 510 500 511
f 500 512 511
f 496 497 506
f 495 505 504
f 499 510 509
f 495 496 505
f 492 516 493
f 497 520 519
f 492 517 515
f 513 502 521
f 494 504 517
f 506 497 2418
f 504 524 523
f 505 518 524
f 512 503 537
f 510 526 509
f 510 528 525
f 514 537 503
f 511 529 528
f 521 522 513
f 501 516 530
f 522 538 531
f 527 534 518
f 533 515 517
f 531 532 514
f 534 524 518
f 538 532 531
f 539 533 523
f 540 526 525
f 532 541 537
f 520 543 519
f 533 536 515
f 545 540 528
f 534 542 524
f 538 541 532
f 519 543 2418
f 521 538 522
f 543 534 527
f 536 546 530
f 542 539 524
f 530 546 521
f 550 558 560
f 548 561 547
f 554 552 549
f 553 559 551
f 554 549 547
f 555 550 560
f 559 553 556
f 555 542 543
f 546 559 538
f 540 554 547
f 538 556 541
f 555 543 561
f 557 541 556
f 558 536 533
f 547 544 540
f 86 58 66
f 364 284 285
f 23 22 58
f 10 11 12
f 474 463 464
f 474 484 473
f 644 615 605
f 589 579 588
f 572 565 573
f 694 680 655
f 608 801 802
f 635 609 608
f 789 636 635
f 574 566 575
f 609 800 801
f 632 567 566
f 576 567 577
f 621 639 638
f 586 587 596
f 633 568 567
f 612 613 804
f 639 613 612
f 602 657 656
f 682 303 648
f 614 645 644
f 659 690 657
f 655 680 658
f 591 592 603
f 686 598 685
f 342 674 670
f 337 670 675
f 332 675 677
f 674 671 654
f 675 670 669
f 670 654 661
f 671 652 653
f 650 652 673
f 686 649 666
f 597 685 598
f 679 666 649
f 658 684 655
f 655 684 603
f 649 295 679
f 693 690 659
f 680 694 660
f 688 681 658
f 651 697 696
f 705 698 695
f 695 696 705
f 701 708 709
f 718 714 713
f 720 716 1586
f 725 721 720
f 727 723 722
f 729 725 1587
f 735 730 729
f 739 1652 735
f 740 736 697
f 742 738 741
f 696 697 736
f 756 765 755
f 771 772 778
f 773 1622 1621
f 774 779 773
f 780 794 781
f 767 771 777
f 768 777 782
f 777 785 790
f 785 778 791
f 789 781 794
f 775 621 620
f 775 774 773
f 799 771 767
f 802 631 630
f 801 632 631
f 803 630 1575
f 804 633 632
f 775 773 765
f 765 776 775
f 776 622 621
f 792 819 786
f 784 783 817
f 782 790 816
f 785 791 818
f 820 830 792
f 813 822 625
f 815 821 623
f 823 837 820
f 829 1626 1625
f 815 811 835
f 821 832 812
f 824 827 840
f 846 836 831
f 835 839 821
f 837 845 830
f 847 850 848
f 847 849 851
f 847 851 850
f 848 855 847
f 852 854 851
f 853 880 848
f 866 852 849
f 850 851 853
f 880 859 858
f 880 857 856
f 852 866 865
f 853 861 860
f 858 869 868
f 857 596 856
f 858 868 857
f 865 871 864
f 859 860 870
f 866 867 568
f 855 596 872
f 863 871 878
f 868 692 857
f 865 568 879
f 851 862 861
f 855 867 847
f 854 862 851
f 872 596 587
f 692 868 691
f 868 873 883
f 883 881 656
f 917 892 918
f 1224 893 1225
f 1223 891 1226
f 1220 941 1231
f 897 1256 1262
f 938 886 900
f 902 896 935
f 890 1228 933
f 1230 909 943
f 928 941 939
f 943 928 939
f 904 903 1229
f 905 914 912
f 926 906 925
f 905 912 948
f 910 924 928
f 909 910 928
f 888 915 941
f 920 960 953
f 934 916 940
f 923 953 954
f 957 908 961
f 906 913 909
f 927 903 905
f 919 903 904
f 955 930 944
f 952 930 958
f 890 898 899
f 1226 891 933
f 893 918 934
f 938 925 937
f 1263 897 1261
f 1228 886 1221
f 1222 940 1220
f 886 899 900
f 1225 934 1222
f 936 887 915
f 1228 890 886
f 902 885 897
f 940 915 888
f 1257 902 1262
f 918 933 916
f 923 954 956
f 920 952 960
f 897 1263 1256
f 957 944 929
f 931 903 927
f 946 921 923
f 947 923 922
f 944 949 929
f 908 948 911
f 929 948 908
f 930 950 944
f 942 951 930
f 921 945 920
f 945 942 920
f 956 1258 1260
f 932 958 955
f 953 960 1258
f 926 955 957
f 963 961 911
f 1265 952 958
f 912 911 948
f 962 919 910
f 912 962 964
f 962 963 964
f 962 913 1227
f 962 914 919
f 1229 931 1231
f 1234 975 979
f 1237 1014 1239
f 1005 1012 1015
f 1272 1013 1021
f 1016 966 984
f 992 1009 1005
f 1007 992 1005
f 986 1008 1236
f 1002 988 1001
f 1001 991 1007
f 1041 990 993
f 994 1236 992
f 968 1011 967
f 975 996 979
f 967 1005 1018
f 1000 1035 1039
f 1040 1004 990
f 1003 987 1025
f 1003 986 987
f 1034 1017 1020
f 1271 1006 1030
f 1002 1001 1014
f 1236 1008 1238
f 1001 1015 1239
f 996 974 1011
f 985 1010 1267
f 970 982 983
f 980 972 971
f 1237 970 966
f 1266 1013 1272
f 979 1011 968
f 966 983 984
f 1032 997 1038
f 971 1013 980
f 979 968 1234
f 1007 1005 1015
f 1011 1012 995
f 1017 1037 1031
f 998 1032 1033
f 973 1232 1235
f 1035 998 1033
f 968 967 965
f 967 1011 995
f 1013 1008 1006
f 1038 1019 1031
f 1013 1271 1021
f 1036 1020 1004
f 1006 1008 1003
f 1020 1026 1004
f 1004 1025 990
f 1017 1030 1020
f 998 1027 997
f 1024 998 1000
f 1021 1019 997
f 1019 1029 1017
f 1274 1033 1269
f 1270 1035 1274
f 989 1036 1040
f 1268 1031 1273
f 1275 1034 1036
f 1032 1268 1269
f 988 994 991
f 987 994 1042
f 994 1041 1042
f 994 987 986
f 1005 1009 1018
f 1245 1044 1084
f 1086 1089 1085
f 1277 1056 1276
f 1054 1060 1368
f 1077 1066 1085
f 1280 1079 1097
f 1243 1076 1246
f 1078 1244 1077
f 1096 1063 1068
f 1065 1068 1106
f 1045 1086 1091
f 1103 1073 1102
f 1097 1063 1096
f 1079 1061 1063
f 1058 1050 1057
f 1242 1055 1240
f 1240 1046 1045
f 1055 1071 1046
f 1085 1067 1086
f 1071 1047 1089
f 1059 1044 1058
f 1045 1071 1086
f 1051 1071 1072
f 1088 1056 1049
f 1105 1082 1103
f 1056 1043 1092
f 1102 1087 1101
f 1246 1091 1083
f 1078 1077 1084
f 1092 1076 1079
f 1099 1073 1082
f 1081 1097 1080
f 1080 1096 1065
f 1095 1082 1075
f 1093 1087 1073
f 1279 1103 1278
f 1064 1080 1065
f 1278 1102 1282
f 1281 1104 1080
f 1282 1101 1283
f 1070 1108 1067
f 1108 1062 1067
f 1108 1070 1244
f 1108 1061 1243
f 1104 1087 1081
f 1276 1092 1280
f 1081 1100 1098
f 1283 1101 1104
f 1250 1122 1251
f 1247 1152 1254
f 1155 1156 1158
f 1111 1126 1154
f 1125 1121 1124
f 1151 1110 1123
f 1251 1113 1248
f 1140 1148 1254
f 1129 1148 1140
f 1133 1129 1140
f 1112 1155 1152
f 1171 1144 1131
f 1173 1159 1170
f 1123 1148 1143
f 1141 1133 1146
f 1142 1130 1147
f 1146 1140 1149
f 1255 1141 1158
f 1146 1152 1155
f 1173 1136 1145
f 1119 1150 1135
f 1285 1127 1166
f 1115 1125 1126
f 1116 1127 1117
f 1118 1252 1249
f 1154 1147 1153
f 1169 1137 1168
f 1150 1113 1122
f 1158 1146 1155
f 1134 1114 1156
f 1136 1173 1168
f 1253 1115 1111
f 1119 1134 1150
f 1139 1137 1169
f 1166 1151 1284
f 1248 1112 1247
f 1113 1134 1112
f 1255 1111 1153
f 1284 1123 1290
f 1170 1144 1171
f 1160 1136 1137
f 1138 1166 1139
f 1159 1163 1144
f 1144 1162 1131
f 1145 1167 1159
f 1139 1166 1137
f 1288 1169 1287
f 1168 1291 1286
f 1142 1173 1170
f 1287 1168 1286
f 1142 1170 1171
f 1172 1131 1174
f 1174 1131 1162
f 1162 1128 1174
f 1172 1174 1130
f 1128 1133 1174
f 1174 1132 1130
f 1290 1123 1289
f 1194 1177 1208
f 1212 1195 1210
f 1182 1199 1200
f 1183 1181 1191
f 1210 1191 1211
f 1184 1187 1198
f 1187 1190 1188
f 1190 1182 1188
f 1185 1193 1184
f 1195 1181 1183
f 1197 1199 1195
f 1188 1201 1203
f 1177 1206 1176
f 1200 1199 1201
f 1198 1188 1203
f 1207 1177 1194
f 1205 1194 1178
f 1202 1176 1180
f 1179 1175 1197
f 1209 1197 1213
f 1204 1180 1214
f 1201 1194 1203
f 1215 1196 1186
f 1196 1210 1186
f 1186 1211 1189
f 1214 1213 1204
f 1185 1215 1218
f 1185 1216 1215
f 1192 1218 1189
f 1189 1211 1192
f 1192 1187 1193
f 1219 1182 1190
f 1176 1198 1208
f 1196 1213 1212
f 894 1226 892
f 924 1229 941
f 904 1229 924
f 925 906 1230
f 896 1225 935
f 889 1228 887
f 935 1220 885
f 885 1231 931
f 969 1232 1012
f 978 1234 972
f 976 1235 974
f 1008 965 1018
f 1015 1237 1239
f 1014 1001 1239
f 1234 971 972
f 1235 969 974
f 971 968 965
f 1008 1018 1238
f 1052 1241 1051
f 1085 1089 1245
f 1049 1240 1088
f 1062 1246 1083
f 1084 1077 1245
f 1088 1091 1043
f 1051 1090 1047
f 1043 1246 1076
f 1108 1243 1062
f 1108 1244 1109
f 1116 1248 1110
f 1114 1252 1253
f 1110 1254 1157
f 1158 1253 1255
f 1130 1132 1141
f 1153 1147 1255
f 1149 1254 1152
f 1117 1251 1116
f 1252 1114 1119
f 950 927 949
f 949 905 948
f 1257 946 947
f 946 1262 945
f 1256 951 945
f 1258 899 898
f 907 926 961
f 960 938 900
f 1258 900 899
f 907 961 963
f 938 1264 1265
f 911 964 963
f 912 964 911
f 951 1261 950
f 1267 1024 1367
f 1030 1003 1026
f 1025 987 993
f 1029 1271 1028
f 1010 1022 1024
f 1022 1266 1027
f 982 1269 983
f 981 1270 982
f 984 1273 1016
f 1002 1273 1034
f 1268 984 983
f 1002 1034 1275
f 987 1042 993
f 1277 1093 1099
f 1060 1099 1095
f 1276 1100 1093
f 1057 1278 1058
f 1078 1283 1281
f 1058 1282 1059
f 1069 1064 1106
f 1098 1276 1280
f 1167 1143 1163
f 1163 1128 1162
f 1164 1289 1167
f 1290 1164 1160
f 1165 1284 1160
f 1125 1287 1126
f 1286 1154 1126
f 1309 1052 1072
f 1297 999 1039
f 1135 1122 1366
f 1288 1124 1300
f 1023 1295 1296
f 917 893 1292
f 1072 1320 1309
f 1602 1074 1604
f 1604 1299 1300
f 1121 1331 1124
f 1241 1052 1366
f 1304 1323 1303
f 1224 1302 1322
f 1320 1055 1054
f 1329 1328 1313
f 1307 1327 1326
f 1327 1307 1308
f 1332 1330 1342
f 1337 1350 1306
f 1344 1351 1350
f 1352 1351 1346
f 1306 1345 1337
f 1349 1346 1551
f 896 902 901
f 922 956 959
f 1259 956 1260
f 895 1260 898
f 981 1039 1270
f 1235 977 973
f 982 977 981
f 978 1267 1023
f 1053 1105 1279
f 1094 1075 1074
f 999 1367 1000
f 1053 1279 1057
f 1135 1120 1119
f 1127 1285 1161
f 1074 1105 1107
f 1124 1288 1125
f 1249 1121 1118
f 835 838 1374
f 843 842 1376
f 845 837 1379
f 1372 1382 1373
f 1379 1373 1382
f 841 1375 1383
f 838 1376 1380
f 1374 1390 1369
f 1376 1384 1393
f 1388 1379 1396
f 1381 1392 1372
f 1397 1386 1389
f 1390 1398 1391
f 1394 1405 1404
f 1374 1380 1400
f 1400 1390 1374
f 1406 1407 1416
f 1407 1396 1417
f 1380 1393 1409
f 1393 1403 1423
f 1410 1418 1398
f 1411 1419 1412
f 1425 1415 1595
f 1630 1416 1631
f 1400 1409 1420
f 1403 1422 1432
f 1424 1425 1433
f 1631 1416 1434
f 1420 1409 1426
f 1420 1427 1410
f 1435 1436 1446
f 1444 1445 1454
f 1439 1451 1440
f 1441 1426 1448
f 1441 1449 1427
f 1446 1440 1451
f 1443 1442 1452
f 1463 1445 1447
f 1455 1465 1464
f 1432 1452 1462
f 1442 1454 1461
f 1633 1464 1634
f 1460 1448 1467
f 1452 1469 1483
f 1459 1468 1451
f 1462 1483 1479
f 1467 1453 1480
f 1481 1471 1473
f 1469 1470 1483
f 1477 1482 1468
f 1483 1470 1491
f 1490 1467 1488
f 1474 1489 1475
f 1479 1484 1502
f 1635 1485 1636
f 1494 1495 1489
f 1486 1487 1506
f 1502 1484 1501
f 1310 1352 1346
f 1322 1316 1224
f 1120 1135 1332
f 1363 975 1233
f 1233 895 1223
f 1223 1363 1233
f 1135 1330 1332
f 1352 1310 1309
f 977 1320 1054
f 1366 1122 1250
f 1366 1250 1241
f 1117 1241 1250
f 1508 1495 1494
f 1179 1514 1175
f 1180 1206 1516
f 1517 1214 1217
f 1177 1207 1515
f 1217 1516 1517
f 1209 1513 1179
f 1520 1214 1518
f 1206 1515 1519
f 1522 1205 1521
f 1516 1519 1523
f 1519 1525 1524
f 1524 1528 1530
f 1527 1514 1513
f 1520 1518 1526
f 1523 1526 1518
f 1531 1524 1530
f 1528 1525 1529
f 1521 1319 1533
f 1536 1528 1534
f 1537 1526 1532
f 1531 1532 1526
f 1538 1530 1536
f 1534 1529 1535
f 1333 1319 1527
f 1542 1340 1341
f 1541 1333 1340
f 1540 1339 1333
f 1544 1541 1542
f 1544 1546 1543
f 977 1368 981
f 1259 978 1023
f 1023 1294 959
f 1326 1608 1323
f 1326 1304 1307
f 1334 1527 1537
f 1094 1039 981
f 1053 1127 1161
f 1161 1107 1053
f 1328 1308 1312
f 1328 1312 1311
f 1312 1603 1602
f 1297 1094 1298
f 1124 1550 1314
f 1316 1301 917
f 1316 1292 1224
f 1334 1537 1532
f 1361 1364 1355
f 1547 1612 1613
f 1313 1550 1329
f 1343 1532 1538
f 1538 1605 1343
f 1325 1536 1534
f 1325 1535 1360
f 1609 1356 1553
f 1552 1362 1555
f 1317 1552 1555
f 1361 1355 1499
f 1500 1551 1501
f 1496 1583 1584
f 1582 1476 1458
f 389 450 311
f 385 287 380
f 94 103 102
f 140 143 142
f 1564 189 170
f 1564 214 1565
f 251 261 249
f 1568 237 225
f 1568 211 223
f 176 189 1569
f 169 176 138
f 144 138 137
f 136 125 140
f 94 102 95
f 95 115 94
f 683 682 685
f 629 606 1575
f 1576 803 1575
f 1577 616 1578
f 317 390 322
f 286 389 287
f 140 133 143
f 175 170 189
f 183 1564 170
f 202 1564 191
f 189 1565 212
f 251 1567 238
f 250 237 248
f 211 194 1569
f 190 1569 194
f 144 141 140
f 128 125 136
f 2408 98 2412
f 84 275 1570
f 68 71 271
f 73 1572 76
f 565 572 1574
f 564 629 1574
f 624 1578 616
f 832 1581 1580
f 1476 1582 1583
f 1551 1500 1353
f 719 1586 715
f 728 1587 724
f 1589 806 805
f 846 1594 1389
f 1389 1594 1397
f 1437 1596 1447
f 1447 1597 1463
f 1473 1598 1481
f 1493 1599 1507
f 1560 1507 1600
f 1310 1366 1052
f 1312 1604 1311
f 1297 1603 1295
f 1314 1300 1124
f 1305 996 1306
f 996 975 1306
f 1107 1604 1074
f 1294 1303 922
f 1300 1299 1138
f 1302 901 1618
f 1121 1120 1315
f 901 1302 896
f 1304 1296 1307
f 1313 1604 1314
f 1298 1603 1297
f 1606 1605 1325
f 1606 1360 1348
f 1316 1338 1365
f 1553 1348 1609
f 1627 1601 1638
f 1338 1364 1345
f 1555 1358 1324
f 1548 1558 1559
f 1548 1561 1545
f 1545 1562 1557
f 1556 1563 1509
f 1611 1357 1549
f 1362 1612 1358
f 1543 1615 1616
f 1613 1611 1548
f 1548 1615 1613
f 1617 1616 1614
f 1614 1548 1545
f 1557 1614 1545
f 1616 1539 1540
f 1617 1510 1539
f 1336 1317 1331
f 1321 1344 1337
f 1321 1351 1344
f 1547 1328 1329
f 1328 1547 1546
f 1546 1327 1328
f 1341 1326 1542
f 901 1293 1618
f 1323 1618 1303
f 1302 1607 1606
f 1587 720 719
f 1624 1589 1592
f 1623 1591 1590
f 1637 1588 754
f 1625 1593 1591
f 1593 1626 1594
f 1552 1627 1357
f 1595 1631 1437
f 1598 1635 1599
f 1356 1508 1553
f 1315 1342 1359
f 1640 1438 1429
f 1643 1399 1381
f 1438 1640 1639
f 1398 1641 1642
f 1391 1643 1370
f 1605 1608 1343
f 1341 1343 1608
f 1340 1333 1334
f 1318 1319 1339
f 1645 1584 1646
f 1644 1496 1645
f 1498 1497 1644
f 1498 1561 1506
f 1506 1561 1505
f 1636 1559 1558
f 1646 1495 1511
f 1500 1491 1503
f 1476 1497 1477
f 1507 1492 1493
f 1491 1504 1503
f 1477 1498 1482
f 1490 1494 1474
f 1485 1486 1505
f 1489 1584 1583
f 1599 1636 1600
f 1508 1499 1355
f 1562 1644 1585
f 1501 1354 1502
f 1585 1645 1563
f 1558 1560 1636
f 1638 1504 1507
f 1505 1559 1485
f 1563 1646 1509
f 1323 1607 1618
f 1655 757 809
f 766 1654 776
f 726 1651 721
f 1653 739 743
f 1653 1663 739
f 1659 1650 1651
f 1674 1664 1667
f 1662 1671 1661
f 1658 1668 1656
f 1673 1676 1669
f 1663 1681 1662
f 1671 1680 1660
f 1683 1673 1665
f 1663 1690 1681
f 1672 1690 1663
f 1687 1678 1679
f 1692 1682 1674
f 1701 1685 1691
f 1685 1693 1686
f 1698 1690 1672
f 1695 1687 1688
f 1693 1702 1684
f 1703 1693 1685
f 1704 1694 1687
f 1707 1699 1692
f 1705 1712 1696
f 1713 1705 1697
f 1706 1713 1697
f 1711 1704 1695
f 1714 1701 1700
f 1721 1722 1714
f 1708 1716 1709
f 1718 1710 1704
f 1721 1732 1722
f 1716 1724 1715
f 1730 1729 1712
f 871 1733 1734
f 877 1740 876
f 1751 1738 1743
f 1747 1751 1743
f 1757 1743 884
f 875 1757 874
f 884 1752 882
f 1702 1759 1758
f 1715 1760 1759
f 1740 1747 875
f 1747 1740 1748
f 1761 1714 1699
f 1767 1762 1763
f 1768 1764 1765
f 1768 1771 1767
f 1769 1771 1768
f 1771 1769 1770
f 1755 1772 1717
f 1741 1774 1753
f 1716 1775 1724
f 1709 1715 1702
f 1722 1708 1701
f 1753 1755 1748
f 1723 1761 1707
f 1741 1783 1774
f 1732 1782 1725
f 1776 1785 1786
f 1789 1731 1713
f 1788 1728 1729
f 1823 1815 1816
f 1849 1840 1841
f 1857 1847 1848
f 1858 1848 1849
f 1863 1856 1857
f 1864 1857 1858
f 1850 1864 1858
f 1867 1870 1782
f 1871 1872 1978
f 1882 1889 1883
f 1880 1888 1882
f 1894 1889 1888
f 1892 1888 1886
f 1896 1893 1890
f 1903 1898 1893
f 1905 1901 1902
f 1906 1991 1983
f 1910 1957 1952
f 1948 1918 1947
f 1928 1932 1926
f 1961 1958 1959
f 1965 1970 1966
f 1883 1924 1919
f 1678 1674 1670
f 1694 1692 1678
f 1710 1707 1694
f 1860 1866 1979
f 2944 1970 1987
f 1906 1982 1990
f 2945 1994 1998
f 1899 1898 2001
f 2001 1898 2002
f 1990 1992 2011
f 2013 1992 1985
f 2007 1981 1860
f 1985 2002 2013
f 1903 1980 2010
f 1998 1997 2014
f 2009 2002 1898
f 2016 2008 1861
f 2007 2008 2019
f 2006 2011 2018
f 2946 1998 2024
f 2015 2017 2005
f 3073 2057 2058
f 2948 2059 2947
f 2043 2041 3074
f 2069 2066 2084
f 2082 2066 2067
f 2093 2063 2077
f 2083 2106 2092
f 2949 2090 2950
f 2098 2111 2083
f 2110 2097 2082
f 2102 2114 2101
f 2094 2109 2081
f 2122 2110 2108
f 2116 2115 2130
f 2125 2111 2098
f 2952 2130 2149
f 2157 2141 2138
f 2138 2158 2157
f 2177 2159 2175
f 2171 2154 2155
f 2164 2176 2181
f 2160 2175 2159
f 2142 2176 2164
f 2157 2173 2160
f 2157 2174 2173
f 2177 2175 2192
f 2177 2194 2176
f 2189 2195 2206
f 2177 2192 2209
f 2177 2211 2194
f 2229 2213 2214
f 2195 2213 2227
f 2231 2230 2246
f 2957 2231 2246
f 2247 2250 2236
f 2221 2243 2251
f 2243 2259 2274
f 2276 2259 2260
f 2276 2280 2292
f 2267 2284 2275
f 2289 2280 2272
f 2267 2274 2284
f 2936 2942 2932
f 2335 2303 2970
f 2289 2325 2311
f 2320 2312 2327
f 2320 2337 2326
f 2333 2320 2336
f 17 14 16
f 33 18 20
f 20 3083 21
f 8 28 29
f 23 11 22
f 6 30 28
f 21 27 34
f 14 25 26
f 2377 2343 2355
f 2356 2346 2378
f 2368 2340 2374
f 2375 2351 2376
f 2352 2363 2361
f 2371 2367 2345
f 2366 2344 2362
f 2355 2343 2365
f 2348 2369 2373
f 2367 2370 2342
f 2356 2378 2359
f 2358 2376 2357
f 2353 2375 2358
f 2344 2364 2362
f 2374 2349 2372
f 2405 2384 2388
f 2401 2386 2398
f 2404 2396 2394
f 2990 2400 2387
f 2392 2405 2393
f 2389 2406 2404
f 2392 2407 2403
f 38 40 2415
f 41 48 3124
f 2409 2415 2442
f 101 110 116
f 71 76 270
f 270 271 71
f 2419 2420 124
f 108 117 106
f 106 107 92
f 104 92 107
f 97 2408 95
f 15 2442 2414
f 545 528 529
f 2418 543 527
f 544 547 561
f 545 557 554
f 272 72 1571
f 17 16 3083
f 55 2442 25
f 96 95 102
f 117 109 2420
f 2412 2413 101
f 2429 154 126
f 126 132 2429
f 100 115 2408
f 2408 116 100
f 116 2412 101
f 2430 132 129
f 2412 2411 2413
f 47 54 2412
f 274 2441 1570
f 88 2439 2441
f 2438 2427 2426
f 2460 385 2459
f 41 38 48
f 2443 2433 2428
f 2431 2443 2430
f 2445 2430 2434
f 2462 2438 2426
f 2462 2439 2438
f 65 84 2440
f 2437 67 86
f 82 77 83
f 273 272 75
f 2427 282 2426
f 2435 2428 2433
f 2436 2434 2423
f 2443 280 2429
f 54 2409 2410
f 2435 2433 386
f 2434 2458 2445
f 2460 2445 2458
f 79 82 427
f 2446 381 283
f 2422 2421 127
f 2421 129 128
f 2409 54 47
f 47 59 2409
f 2434 2430 129
f 132 2430 2429
f 281 276 2428
f 2548 2449 2450
f 2549 2451 2452
f 2452 2455 377
f 2456 443 453
f 2451 2450 2455
f 2456 453 379
f 376 391 2453
f 2458 2434 2436
f 2431 384 2432
f 2432 386 2433
f 2445 2459 2431
f 2424 56 67
f 56 2424 2411
f 2458 2426 282
f 2436 2425 2458
f 55 23 56
f 23 55 24
f 24 12 23
f 12 24 13
f 559 536 558
f 535 520 508
f 507 508 520
f 498 508 507
f 535 540 544
f 537 545 529
f 550 553 551
f 547 549 548
f 498 509 508
f 485 499 498
f 476 485 475
f 13 25 14
f 27 21 15
f 15 21 3083
f 487 477 491
f 491 503 512
f 529 512 537
f 2421 2461 2425
f 129 133 125
f 158 155 157
f 157 161 158
f 127 2419 101
f 101 2413 127
f 2424 2422 2411
f 123 2463 2464
f 2420 2464 117
f 146 148 163
f 146 163 147
f 139 178 164
f 174 185 178
f 182 197 185
f 195 205 197
f 234 2465 241
f 264 2465 253
f 262 264 260
f 266 264 262
f 268 263 264
f 266 268 264
f 269 268 265
f 205 195 201
f 137 139 151
f 2441 2437 2440
f 62 68 1571
f 2469 410 409
f 398 394 2453
f 398 2453 393
f 431 2477 391
f 2454 391 2477
f 284 2476 431
f 91 365 90
f 366 2591 2597
f 368 2592 2590
f 2417 359 2593
f 284 2593 2598
f 2485 2491 2586
f 2490 2595 2588
f 2580 2483 2584
f 2486 2585 2593
f 2496 2489 2488
f 2485 2502 2491
f 2497 2482 2498
f 2500 2484 2499
f 2502 2492 2491
f 2483 2498 2482
f 2496 2488 2481
f 2504 2493 2494
f 2479 2497 2495
f 2510 2499 2504
f 2495 2508 2506
f 2522 2480 2518
f 2478 2512 2505
f 2515 2504 2503
f 2507 2501 2496
f 2486 2478 2505
f 2500 2509 2498
f 2485 2514 2502
f 2497 2509 2508
f 2511 2499 2510
f 2514 2503 2502
f 2486 2518 2480
f 2519 2524 2507
f 2527 2526 2568
f 2543 2529 2512
f 2522 2525 2514
f 2559 2571 2562
f 2528 2578 2577
f 2578 2518 2579
f 2576 2543 2542
f 2545 2553 2563
f 2565 2544 2545
f 2531 2546 2535
f 2540 2538 2541
f 2579 2545 2537
f 2537 2541 2539
f 2545 2530 2553
f 2536 2546 2542
f 2524 2513 2507
f 2513 2512 2487
f 2505 2529 2516
f 455 2448 2449
f 396 2449 2548
f 395 2548 2549
f 2494 2589 2587
f 2513 2487 2490
f 2534 2553 2530
f 2505 2523 2486
f 2518 2486 2523
f 2577 2539 2527
f 2559 2558 2521
f 2523 2530 2579
f 2552 2562 2527
f 2515 2514 2528
f 2520 2570 2521
f 2513 2524 2536
f 2510 2571 2511
f 2509 2520 2508
f 2508 2517 2506
f 2565 2541 2544
f 2534 2563 2553
f 2542 2564 2576
f 2545 2563 2575
f 2575 2565 2545
f 2569 2540 2565
f 2540 2567 2533
f 2576 2573 2575
f 2567 2574 2572
f 2573 2574 2569
f 2575 2563 2576
f 2557 2516 2555
f 2561 2521 2558
f 2577 2527 2528
f 2578 2525 2522
f 2542 2543 2512
f 2523 2579 2518
f 2519 2556 2524
f 2555 2534 2557
f 2530 2557 2534
f 2539 2560 2537
f 2562 2538 2533
f 2558 2547 2561
f 2531 2556 2554
f 2479 2581 2482
f 367 2584 2591
f 2586 2480 2485
f 2587 2492 2494
f 2517 2507 2506
f 2587 2599 2594
f 2588 2489 2490
f 2488 2596 2597
f 2586 2600 2598
f 2583 2493 2484
f 2600 2492 2594
f 2580 367 2590
f 2589 2592 2599
f 2588 2595 2596
f 2582 2591 2581
f 2590 2583 2580
f 2598 2585 2586
f 2587 2594 2492
f 2596 2489 2588
f 359 2595 2478
f 2592 2589 2583
f 2591 2584 2581
f 2519 2561 2554
f 284 2600 2476
f 2476 2594 2477
f 2595 2475 2596
f 2593 364 2417
f 2599 393 2454
f 2533 2566 2547
f 2533 2547 2532
f 2532 2559 2533
f 2571 2559 2570
f 407 402 401
f 2496 2506 2507
f 2495 2481 2479
f 2582 2481 2488
f 362 366 435
f 2473 446 2472
f 2802 2601 2339
f 2339 2608 2369
f 2612 2606 2610
f 2610 2604 2612
f 2607 2611 2602
f 2609 2616 2620
f 2621 2606 2612
f 2612 2615 2621
f 2620 2603 2609
f 2619 2601 2613
f 2633 2628 2635
f 2827 2897 2896
f 2622 2636 2629
f 2827 2894 2822
f 2822 2895 2649
f 2965 2901 2902
f 2923 2655 2922
f 2659 2640 2652
f 2660 2642 2656
f 2649 2906 2651
f 2661 2643 2647
f 2658 2641 2644
f 2646 2654 2638
f 2671 2678 2676
f 2679 2677 2664
f 2668 2683 2678
f 2669 2685 2681
f 2672 2663 2673
f 2674 2670 2675
f 2699 2690 2695
f 2689 2700 2696
f 2711 2712 2703
f 2720 2707 2717
f 2721 2712 2711
f 2711 2716 2721
f 2719 2705 2708
f 2720 2706 2710
f 2742 2726 2744
f 2746 2732 2743
f 2729 2723 2725
f 2730 2744 2731
f 2737 2746 2743
f 2746 2751 2739
f 2756 2747 2752
f 2755 2737 2749
f 2753 2769 2757
f 2775 2765 2755
f 2755 2763 2775
f 2777 2760 2772
f 2721 2764 2774
f 2776 2761 2766
f 2721 2762 2768
f 2779 2793 2790
f 3057 2793 3053
f 3011 2781 3005
f 2788 2780 2786
f 2789 2781 2785
f 2785 2779 2789
f 2788 2778 2784
f 2789 2791 2781
f 2913 2916 2914
f 2623 2989 2387
f 2399 3007 2381
f 2623 3002 2989
f 2701 2999 2690
f 2666 2662 2665
f 2640 3000 3006
f 2615 2660 2621
f 2660 2617 2621
f 2398 2387 2989
f 2661 2715 2720
f 2720 2657 2661
f 2777 2788 2763
f 2775 2788 2786
f 2641 3000 2637
f 2665 2794 2682
f 2829 2840 2838
f 2825 2833 2831
f 2885 2909 2899
f 2303 2302 2874
f 2835 2828 2831
f 2831 2833 2835
f 2842 2823 2824
f 2852 2853 2850
f 2811 2808 2819
f 2879 2299 2878
f 2809 2819 2808
f 2975 2872 2974
f 2922 2920 2923
f 2817 2813 2806
f 2859 2864 2860
f 2972 2883 2973
f 2884 2899 2898
f 2900 2884 2898
f 2821 2803 2815
f 2896 2887 2888
f 2337 2937 2926
f 2894 2899 2895
f 2827 2898 2894
f 2853 2854 2964
f 2907 2903 2909
f 2938 2841 2937
f 2920 2922 2918
f 2922 2921 2925
f 2929 2322 2318
f 2972 2963 2830
f 2972 2866 2963
f 2928 2332 2941
f 2321 2322 2935
f 2903 2907 2905
f 2838 2840 2970
f 2336 2931 2333
f 2913 2853 2891
f 2943 1960 1961
f 1966 2944 2911
f 2966 2841 2842
f 2910 2837 2907
f 2843 2844 2847
f 2973 2883 2962
f 2972 2885 2884
f 2819 2809 2969
f 2830 2971 2972
f 2865 2866 2962
f 2849 2844 2846
f 2853 2847 2850
f 2782 2778 2787
f 2725 2735 2736
f 2383 2990 2386
f 2743 2741 2737
f 2726 2752 2740
f 2757 2749 2753
f 2758 2760 2767
f 2771 2742 2754
f 2738 2754 2742
f 2748 2756 2752
f 2758 2763 2749
f 2862 2865 2974
f 2330 2329 2908
f 2971 2830 2839
f 2821 2823 2832
f 2978 2896 2981
f 2900 2978 2982
f 2981 2888 2979
f 2964 2976 2980
f 2984 2296 2977
f 2891 2964 2892
f 2987 2977 2865
f 2964 2891 2853
f 2298 2980 2976
f 2979 2983 2981
f 2890 2979 2888
f 2823 2821 2815
f 2872 2881 2871
f 2872 2856 2858
f 2764 3012 3013
f 2364 2795 2362
f 2801 2611 2800
f 2801 2602 2611
f 2604 2369 2608
f 2797 2604 2610
f 2798 2339 2348
f 2798 2349 2340
f 2345 2342 2799
f 2345 2367 2342
f 2365 2343 2370
f 2347 2379 2380
f 2379 2363 2380
f 2341 2374 2351
f 2607 2614 2618
f 2361 2363 2796
f 2375 2605 2609
f 2609 2341 2375
f 2363 2360 2358
f 2356 2357 2376
f 2363 2359 2796
f 2795 2354 2355
f 2795 2355 2362
f 2356 2358 2357
f 2643 2657 3008
f 2638 2630 2646
f 2401 2648 2629
f 2392 2393 2394
f 2390 2391 2395
f 3007 2391 2402
f 2383 2382 2397
f 2383 3007 3003
f 2387 2386 2990
f 2385 2629 2625
f 2406 2625 2631
f 2631 2396 2406
f 3002 2648 2989
f 3002 2632 2622
f 2626 2646 2630
f 2642 2634 2643
f 2647 2634 2631
f 3000 2641 3006
f 2857 2858 2856
f 2804 2847 2824
f 2850 2847 2844
f 2931 2826 2938
f 2938 2337 2931
f 2828 2835 2834
f 2605 2617 2616
f 2353 2606 2605
f 2708 2701 2699
f 2691 2685 2667
f 2669 2681 2794
f 2677 2673 2680
f 2680 2684 2664
f 2670 2685 2687
f 2691 2688 2697
f 2674 2697 2688
f 2683 2693 2674
f 2706 2699 2691
f 2706 2697 2710
f 2693 2710 2697
f 2715 2708 2706
f 2659 2715 2650
f 2645 2650 2639
f 2631 2639 2647
f 2639 2636 2645
f 2632 2645 2636
f 2636 2639 2625
f 2636 2625 2629
f 2384 2400 2388
f 2384 2628 2400
f 2623 2400 2628
f 2624 2635 2628
f 2638 2635 2624
f 2644 2637 2635
f 2654 2644 2638
f 2619 2654 2615
f 2615 2608 2619
f 2603 2368 2341
f 2602 2368 2607
f 2376 2346 2356
f 2351 2372 2346
f 2373 2347 2352
f 2371 2344 2366
f 2686 2668 2671
f 2686 2692 2668
f 2700 2692 2696
f 2703 2707 2693
f 2711 2703 2698
f 2698 2702 2711
f 2709 2716 2702
f 2716 2713 2776
f 2716 2766 2762
f 2997 2773 2772
f 3012 2764 2750
f 2750 2768 2754
f 2762 2754 2768
f 2995 2758 2757
f 2734 2731 2732
f 2993 2734 2739
f 2752 2728 2740
f 2727 2753 2741
f 3009 2770 2994
f 2992 2738 2993
f 2756 2762 2766
f 2766 2759 2756
f 2995 2761 2997
f 3013 2775 2998
f 2682 2696 2686
f 2695 2681 2685
f 2689 2709 2700
f 2999 2705 2996
f 2717 2712 2718
f 2277 2275 2284
f 2279 2263 2262
f 2258 2230 2228
f 2232 2247 2233
f 2168 2184 2185
f 2105 2104 2117
f 2060 2075 2091
f 1967 1972 1968
f 1962 1963 1964
f 2613 2801 2800
f 2340 2801 2802
f 2633 3002 2623
f 2637 3001 2633
f 2656 2643 3008
f 2679 2673 2677
f 2713 2996 2714
f 2676 2678 2675
f 2999 2704 2689
f 2664 2684 2666
f 2739 2992 2993
f 2774 3013 2998
f 2674 2678 2683
f 2694 2703 2693
f 2759 2995 2747
f 3009 2769 2727
f 3043 2780 3044
f 2735 3009 2724
f 2738 2734 2993
f 2758 2997 2760
f 2722 2735 2725
f 2787 3010 2782
f 3052 2780 3043
f 2652 2719 2659
f 2619 2653 2658
f 3055 2614 3054
f 2843 2618 3055
f 3058 2843 2804
f 3059 2800 3058
f 3062 2773 2713
f 3062 2772 2773
f 3054 2620 3064
f 3064 2873 2845
f 3067 2867 3066
f 3068 2868 3067
f 3063 2856 3069
f 3070 2998 3069
f 3070 2871 3071
f 2717 3008 2657
f 2400 2990 2399
f 2388 2399 2381
f 2405 2381 2402
f 2402 2393 2405
f 2394 2382 2404
f 2383 2389 2382
f 3023 3022 3015
f 2386 2401 2383
f 3025 3040 3021
f 3018 3033 3026
f 3033 3037 3028
f 3018 3045 3033
f 3045 3037 3033
f 3040 3043 3044
f 3044 2784 3040
f 2799 2349 2798
f 3029 3049 3027
f 3014 3031 3015
f 3027 3031 3016
f 2372 2342 2370
f 2346 2370 2343
f 3039 3042 3018
f 3046 3042 3034
f 3014 3015 3030
f 2378 2343 2377
f 2377 2359 2378
f 3017 3030 3021
f 3047 3036 3024
f 2784 3038 3017
f 3048 3046 3034
f 3048 3034 3035
f 3050 3020 3051
f 2354 2361 2796
f 3031 3027 3023
f 3049 3022 3023
f 2344 2352 2364
f 3038 3020 3032
f 3052 3036 3047
f 3048 2782 3010
f 3037 3052 3047
f 3028 3025 3026
f 3019 3051 3034
f 2371 2352 2344
f 2345 2373 2371
f 2348 2799 2798
f 3042 2779 2785
f 2785 3045 3042
f 3037 2781 3011
f 3053 2783 3010
f 2792 3010 2787
f 3072 2813 2810
f 2786 3011 3005
f 3072 3053 2792
f 2855 2860 3063
f 2846 3055 3054
f 2844 2843 3055
f 2804 3059 3058
f 2814 3059 2803
f 2805 3060 2814
f 2807 2813 3062
f 2845 3054 3064
f 2616 3064 2620
f 2873 3066 2867
f 2617 3067 3066
f 2617 3068 3067
f 2872 3069 2856
f 2774 3071 2718
f 2718 3071 2717
f 2869 3068 2870
f 2772 2787 2777
f 2790 3057 2811
f 2789 2811 3056
f 2855 2789 3056
f 2786 3005 3004
f 2791 3005 2781
f 3004 3063 2775
f 2985 2984 2979
f 2888 2889 2890
f 2886 2889 2887
f 2250 2247 2263
f 2202 2218 2203
f 2105 2118 2093
f 2093 2091 2105
f 2061 2056 3080
f 1989 2003 1972
f 1964 1863 1864
f 1964 1865 1962
f 1963 2967 2943
f 2911 1971 1967
f 3081 2055 2053
f 2949 2075 2948
f 2952 2150 2131
f 2669 2665 2662
f 2666 2665 2686
f 2687 2662 2684
f 2670 2684 2663
f 2672 2675 2670
f 2675 2672 2991
f 2679 2675 2991
f 2676 2679 2671
f 2664 2671 2679
f 2666 2671 2664
f 2745 2741 2743
f 2745 2743 2733
f 2731 2733 2732
f 2729 2744 2723
f 2726 2722 2723
f 2728 2722 2740
f 3021 3030 3015
f 3021 3015 3022
f 3029 3025 3049
f 3016 3018 3027
f 3050 3016 3014
f 3014 3020 3050
f 2024 2947 2946
f 2047 2048 2065
f 2063 2044 2045
f 2059 2948 2075
f 2046 2054 3082
f 2947 2059 2040
f 2045 2043 2062
f 2051 2034 2052
f 2055 3080 2056
f 461 5 462
f 19 3083 20
f 469 19 468
f 464 10 12
f 465 12 13
f 14 465 13
f 470 17 3083
f 3085 3084 3086
f 3089 3112 3088
f 3090 3112 3089
f 3106 3092 3093
f 3103 3097 3096
f 3100 3084 3114
f 3102 3101 3099
f 3103 3101 3102
f 5290 3114 3085
f 3102 3099 3116
f 3100 3117 3099
f 3110 3116 3117
f 3119 3110 3117
f 3119 5404 3110
f 3122 3119 3118
f 3124 3119 3125
f 43 3125 3122
f 41 3125 42
f 3128 3112 3129
f 3120 3132 3118
f 3122 49 43
f 3134 3132 3114
f 3133 3114 5290
f 3115 3132 3120
f 3136 3129 3139
f 3145 3133 3131
f 3131 3136 3145
f 3146 3132 3134
f 3143 3134 3133
f 3132 49 3122
f 3152 3150 3143
f 3153 3143 3144
f 3156 3155 3160
f 3164 3136 3163
f 3164 3163 3165
f 3140 3174 3141
f 3130 3141 3174
f 3179 60 103
f 3182 104 107
f 3171 3184 3183
f 3184 3182 106
f 3183 3201 3171
f 3176 3175 3193
f 3177 3189 3185
f 3186 3187 3190
f 3185 3176 3193
f 5366 118 117
f 3199 3195 3404
f 3191 3175 3202
f 3202 3175 3176
f 3202 3190 3203
f 3203 3190 3201
f 3199 3205 3195
f 3207 3206 3210
f 3214 3207 3195
f 3213 3212 3209
f 5409 3194 5366
f 3205 3199 3204
f 123 3215 3192
f 3218 3212 3217
f 3198 3218 3196
f 3196 3218 3219
f 3223 3218 3217
f 3219 3224 161
f 3222 3217 3220
f 3225 3205 3215
f 149 3215 150
f 3216 166 3227
f 3230 3209 3229
f 3231 3213 3230
f 3231 3237 3232
f 3227 3244 3226
f 166 180 3227
f 3226 3244 3236
f 3231 3230 3235
f 3228 3233 3238
f 3243 3231 3240
f 3234 3230 3229
f 3244 3246 3236
f 3244 193 3246
f 246 233 3279
f 3246 3251 3252
f 3253 3240 3250
f 233 3270 3279
f 209 3270 221
f 193 199 3251
f 3242 3243 3253
f 3250 3240 3235
f 3260 188 3242
f 3251 208 3259
f 3260 3253 3261
f 3258 3250 3257
f 3254 3249 3245
f 3245 3255 3254
f 3270 3261 3267
f 3261 3250 3258
f 3242 181 3237
f 3265 3256 3264
f 181 3232 3237
f 3259 220 3268
f 3267 3257 3266
f 3255 3262 3254
f 3259 3268 3269
f 3281 3267 3276
f 162 3224 3223
f 3268 232 3277
f 3279 3270 3280
f 3276 3266 3275
f 3269 3277 3278
f 3282 3274 3271
f 3271 3283 3282
f 3278 3288 3289
f 3287 3281 3276
f 3288 3297 3289
f 3292 3285 3284
f 245 257 3301
f 3289 3297 3298
f 3309 3300 3305
f 3308 259 3299
f 3291 3303 3302
f 3298 3303 3291
f 3304 3293 3292
f 257 267 3301
f 3301 3306 3297
f 3300 3308 3299
f 3297 3307 3298
f 3297 3306 3307
f 3302 3303 3307
f 3314 3221 277
f 3326 3325 3336
f 3328 3337 3338
f 3339 3341 3340
f 310 312 3344
f 3334 3359 3332
f 3330 3359 3358
f 3329 3358 3357
f 3327 3357 3356
f 3359 3366 3365
f 3356 3363 3362
f 3357 3364 3363
f 3358 3365 3364
f 3365 3371 3370
f 3364 3370 3369
f 3370 3376 3375
f 3460 357 356
f 3430 3385 3384
f 3436 3439 3438
f 3379 3402 3372
f 3149 3148 3126
f 3128 3131 3111
f 3132 3115 3114
f 3322 3321 3403
f 3343 3408 3345
f 3347 3346 3352
f 3352 3346 3348
f 3350 3341 3338
f 3323 3335 3322
f 3322 3325 3445
f 3427 3383 3391
f 3382 3388 3387
f 3429 5410 3386
f 5392 392 2457
f 3464 3415 5393
f 3401 3402 5401
f 3463 3402 3379
f 3424 3423 3421
f 3428 3427 3446
f 3418 3415 3419
f 3161 3160 3440
f 3458 3457 3464
f 3324 3409 3343
f 397 3457 3458
f 5414 3453 3465
f 3463 3451 3450
f 354 392 3450
f 3447 3448 3440
f 3134 3154 3146
f 3196 3219 3314
f 277 281 3318
f 3344 3409 3342
f 307 310 3344
f 305 3315 278
f 5389 3407 4570
f 3462 3338 3337
f 428 3151 438
f 3380 357 3460
f 3381 3449 358
f 3379 3451 3463
f 3448 3452 5501
f 3084 3467 3466
f 6021 3089 3088
f 3468 3088 3086
f 3471 3096 3095
f 3470 3092 3469
f 3479 3098 3471
f 3478 3470 3477
f 3481 3473 3482
f 3480 6022 3098
f 3477 3469 3091
f 3475 6021 3468
f 3476 3091 6021
f 3474 3472 3481
f 3492 3474 3481
f 3487 3478 3477
f 3486 3476 3485
f 3484 3466 3483
f 3490 3480 3479
f 3493 3481 3482
f 3485 3475 3484
f 3474 3483 3466
f 3505 3483 3492
f 3483 3496 3495
f 3503 3490 3489
f 3502 3487 3501
f 3499 3486 3485
f 3495 3484 3483
f 3494 3507 3493
f 3506 3493 3507
f 3504 3491 3490
f 3498 3485 3484
f 3501 3487 3500
f 3514 3504 3503
f 3517 3506 3507
f 3501 3500 3510
f 3517 3507 3518
f 3516 3505 3506
f 3514 3503 3513
f 3509 3499 3508
f 3495 3520 3519
f 3523 3505 3516
f 3511 3501 3522
f 3521 3495 3519
f 3498 3497 3521
f 3517 3524 3536
f 3536 3516 3517
f 3526 3498 3525
f 3529 3514 3513
f 3505 3523 3531
f 3532 3524 3518
f 3530 3515 3535
f 3521 3525 3498
f 3519 3533 3521
f 3510 3541 3522
f 3520 3531 3544
f 3522 3534 3511
f 3527 3535 3515
f 3526 3539 3509
f 3533 3538 3525
f 3523 3537 3543
f 3529 3540 3527
f 3510 3539 3541
f 3540 3548 3535
f 3522 3541 3547
f 3538 3546 3526
f 3530 3545 3532
f 3562 3549 3561
f 3559 3552 3560
f 3554 3553 3557
f 3551 3561 3549
f 3550 3562 3556
f 3561 3551 3555
f 3551 3557 3558
f 3546 3556 3541
f 3546 3560 3556
f 3562 3547 3541
f 3542 3561 3540
f 3387 3321 3411
f 3126 3148 3113
f 3469 3477 3470
f 3600 3591 3644
f 3645 3613 3646
f 3676 3691 3655
f 3791 3606 3792
f 3607 3636 3606
f 3637 3777 3636
f 3790 3607 3791
f 3587 3579 3578
f 3597 3588 3587
f 3640 3619 3639
f 3580 3571 3570
f 3571 3634 3570
f 3611 3610 3794
f 3611 3640 3610
f 600 601 3672
f 3627 3645 3612
f 3612 3646 3621
f 3656 3688 3687
f 3656 3687 3686
f 601 3686 3677
f 3657 3676 3655
f 3602 3594 3593
f 3648 3354 3349
f 3650 3333 3340
f 3670 3371 3666
f 3666 3366 3671
f 3381 3669 3449
f 3671 3360 3673
f 3667 3670 3654
f 3666 3671 3665
f 672 3449 3668
f 3654 3666 3658
f 3652 3667 3653
f 3662 3661 3663
f 3652 3651 3668
f 3340 3649 3650
f 3602 3680 3681
f 3657 3681 3685
f 3333 3650 3675
f 3676 3677 3691
f 3685 3678 687
f 3690 3597 3677
f 3694 3701 3692
f 3693 3692 3701
f 3704 3697 3705
f 3713 3717 3716
f 3710 3711 3715
f 4589 3712 3716
f 3720 3716 3721
f 3725 3721 3726
f 3722 3719 3723
f 4590 3720 3724
f 3727 3722 3728
f 3724 3725 3730
f 3731 740 697
f 3733 742 741
f 697 3693 3731
f 3755 3746 3745
f 4622 3785 4621
f 3768 3763 3785
f 3769 3782 3763
f 3761 3757 3766
f 3774 3767 3761
f 3769 3776 3770
f 3766 3758 3771
f 3774 3766 3778
f 3763 3764 3785
f 3632 3792 3631
f 3633 3791 3632
f 3631 3793 3630
f 3634 3794 3633
f 3785 3764 3755
f 3765 3755 3764
f 3807 3780 3775
f 3772 3773 3805
f 3646 3622 3803
f 3778 3771 3804
f 3803 3621 3646
f 3779 3774 3806
f 3781 3802 3626
f 3818 3781 3780
f 3805 3621 3808
f 3825 3811 3781
f 3819 3816 3824
f 3810 3811 3822
f 4626 3817 4625
f 3808 3803 3823
f 3815 3812 3829
f 3809 3822 3828
f 4626 3833 3817
f 3834 3825 3818
f 3837 3840 3836
f 3842 3836 3835
f 3838 3835 3840
f 3843 3853 3836
f 3839 3848 3842
f 3852 3853 3843
f 3845 3872 3841
f 3848 3849 3842
f 3857 3845 3841
f 3846 3861 3847
f 3864 3853 3852
f 3859 3867 3860
f 3863 4729 3864
f 3689 3858 3845
f 3842 3850 3836
f 3850 3843 3836
f 3853 3854 3837
f 3858 3689 3688
f 3873 3859 3858
f 3867 3859 3873
f 881 3873 656
f 3884 3904 3905
f 3882 4220 4222
f 3921 4216 3927
f 3876 4217 4225
f 3877 3902 3925
f 4252 3887 4256
f 4371 3885 3882
f 3892 3893 4224
f 3901 3894 3933
f 3913 3895 3899
f 3911 3898 3917
f 3897 3898 3900
f 3925 3878 3921
f 3946 3907 3938
f 3938 3908 3939
f 3941 3910 4372
f 3896 3942 3943
f 3897 3900 4223
f 3892 3914 3894
f 3892 3906 3893
f 3940 3916 3944
f 3922 3917 3897
f 3929 3912 3913
f 3921 3917 3925
f 3916 3937 3944
f 3905 3919 3884
f 3888 3881 3889
f 3875 3891 3887
f 4221 3920 3883
f 3877 3903 3902
f 3924 3918 3927
f 3876 4218 4217
f 3879 4219 4216
f 3920 3903 3905
f 3889 3881 3890
f 4219 3879 3920
f 3890 3881 3876
f 3902 3879 3878
f 4253 3887 3891
f 4218 3882 4222
f 3939 3908 3941
f 3887 3927 3875
f 3937 3907 3946
f 4257 3887 4252
f 3923 3912 3929
f 3942 3928 3940
f 3892 3918 3914
f 3934 3928 3915
f 3933 3915 3896
f 3935 3916 3928
f 3908 3932 3910
f 3936 3926 3916
f 3908 3930 3931
f 3926 3930 3907
f 3889 3941 3888
f 4371 3941 4372
f 3943 3942 3913
f 4260 3938 3889
f 3929 3944 4259
f 3946 3938 4260
f 3913 3940 3929
f 4259 3937 4258
f 3906 3947 3898
f 3899 3949 3948
f 3933 3949 3901
f 3949 3900 3947
f 3918 4257 4255
f 3918 4224 3927
f 4229 3961 4228
f 4230 3963 4227
f 4002 3953 3950
f 3997 4232 4234
f 4003 3952 3995
f 3969 3951 3997
f 3966 3963 3959
f 4234 3992 3975
f 3993 3976 4000
f 3989 4231 3973
f 3980 3974 4027
f 3992 3976 3975
f 3976 3979 3975
f 3971 3978 3976
f 3981 3954 3953
f 4003 3953 4002
f 4027 3990 4024
f 3975 3979 4231
f 3972 4269 4012
f 3971 3987 3972
f 3991 4270 4269
f 4007 3988 3989
f 3987 3971 4233
f 3994 3970 4264
f 3967 3956 3968
f 3958 3996 3957
f 4020 3983 3984
f 3954 3961 4229
f 4000 3992 3998
f 3955 3981 3995
f 4232 3956 4226
f 3996 3950 3957
f 4262 3965 3996
f 3981 3960 3982
f 4020 3984 4021
f 4226 3959 4230
f 4023 3984 3986
f 3953 3954 3950
f 3968 3951 3969
f 3969 3997 3999
f 3965 4005 3950
f 4025 4004 3983
f 4270 3965 4261
f 4018 4004 4019
f 3998 4003 4000
f 4000 4002 3993
f 3999 3988 4007
f 4024 4006 4022
f 4013 4006 3990
f 4012 3990 3974
f 4017 4001 4006
f 4001 4015 4016
f 3984 4008 4014
f 3984 4011 3986
f 4004 4008 3983
f 4268 4021 4023
f 3973 4024 3989
f 4265 4019 4025
f 4007 4022 4271
f 3989 4022 4007
f 3980 4027 3973
f 4265 4020 4266
f 3980 3978 3977
f 4022 4001 4018
f 4238 4038 4237
f 4242 4029 4030
f 4277 4043 4042
f 4061 4033 4073
f 4044 4036 4072
f 4044 4040 4036
f 4042 4028 4079
f 4048 4041 4047
f 4242 4054 4066
f 4051 4276 4084
f 4071 4240 4243
f 4076 4060 4054
f 4049 4051 4057
f 4057 4083 4056
f 4056 4096 4094
f 4054 4055 4059
f 4091 4063 4074
f 4053 4067 4096
f 4054 4059 4241
f 4051 4084 4083
f 4050 4055 4060
f 4073 4037 4062
f 4038 4073 4062
f 4069 4272 4276
f 4043 4071 4028
f 4078 4061 4032
f 4238 4032 4038
f 4031 4078 4235
f 4060 4030 4061
f 4272 4069 4043
f 4031 4061 4078
f 4093 4074 4065
f 4090 4077 4063
f 4075 4060 4031
f 4046 4066 4052
f 4067 4068 4092
f 4071 4069 4051
f 4063 4086 4074
f 4084 4068 4067
f 4083 4067 4053
f 4074 4082 4065
f 4077 4080 4063
f 4275 4091 4093
f 4096 4067 4278
f 4278 4092 4280
f 4273 4090 4091
f 4279 4089 4090
f 4089 4279 4280
f 4050 4097 4055
f 4057 4098 4240
f 4097 4240 4098
f 4092 4077 4089
f 4068 4085 4077
f 4249 4104 4103
f 4111 4247 4248
f 4143 4244 4250
f 4251 4104 4249
f 4146 4100 4142
f 4282 4112 4286
f 4116 4106 4110
f 4140 4131 4250
f 4140 4117 4131
f 4132 4117 4123
f 4132 4123 4122
f 4146 4101 4143
f 4163 4134 4162
f 4150 4164 4161
f 4138 4139 4120
f 4136 4131 4132
f 4251 4132 4139
f 4143 4136 4146
f 4114 4104 4115
f 4105 4116 4112
f 4145 4139 4138
f 4102 4126 4111
f 4160 4127 4128
f 4248 4102 4111
f 4100 4136 4132
f 4142 4103 4124
f 4164 4127 4159
f 4115 4104 4145
f 4281 4137 4149
f 4124 4108 4126
f 4112 4099 4105
f 4103 4107 4246
f 4165 4128 4130
f 4101 4245 4244
f 4142 4102 4101
f 4112 4148 4099
f 4281 4149 4112
f 4134 4161 4162
f 4140 4137 4133
f 4128 4152 4286
f 4156 4150 4134
f 4155 4134 4121
f 4158 4135 4150
f 4135 4157 4127
f 4128 4151 4152
f 4130 4286 4154
f 4127 4157 4151
f 4284 4160 4165
f 4161 4164 4287
f 4283 4159 4160
f 4166 4121 4163
f 4121 4167 4155
f 4119 4166 4163
f 4118 4155 4167
f 4117 4167 4123
f 4137 4281 4285
f 4204 4169 4170
f 4173 4169 4203
f 4194 4189 4188
f 4190 4209 4207
f 4193 4181 4189
f 4195 4175 4196
f 4174 4176 4184
f 4184 4207 4208
f 4188 4180 4177
f 4182 4179 4213
f 4189 4181 4180
f 4175 4183 4181
f 4178 4177 4185
f 4174 4190 4176
f 4195 4205 4190
f 4192 4188 4178
f 4197 4181 4199
f 4194 4192 4198
f 4195 4196 4197
f 4170 4202 4186
f 4186 4201 4171
f 4211 4187 4173
f 4206 4205 4172
f 4199 4204 4186
f 4197 4186 4171
f 4213 4191 4212
f 4207 4191 4179
f 4208 4179 4182
f 4187 4210 4206
f 4178 4212 4192
f 4185 4213 4178
f 4208 4182 4185
f 4185 4215 4208
f 4208 4215 4184
f 4184 4215 4174
f 4215 4180 4183
f 4175 4215 4183
f 4203 4193 4194
f 4191 4211 4212
f 4209 4205 4210
f 4204 4199 4193
f 4191 4210 4200
f 4212 4198 4192
f 3880 4218 3919
f 3876 4225 3912
f 4224 3911 3921
f 4224 3893 3911
f 3912 3897 3895
f 3895 4223 3899
f 3875 4219 4221
f 4218 3880 3877
f 3919 4218 4222
f 4225 3877 3922
f 3906 3949 3947
f 4229 3964 3958
f 4230 3962 3960
f 3998 4232 3952
f 3997 3975 3988
f 3988 3975 4231
f 3952 4232 3955
f 3957 4229 3958
f 3955 4230 3960
f 4236 4039 4037
f 4243 4050 4075
f 4066 4054 4058
f 4035 4235 4238
f 4031 4079 4028
f 4037 4072 4239
f 4243 4028 4071
f 4240 4097 4050
f 4058 4097 4098
f 4245 4105 4099
f 4108 4246 4109
f 4250 4099 4148
f 4139 4122 4119
f 4100 4249 4147
f 4250 4141 4143
f 4106 4245 4248
f 4147 4249 4103
f 4103 4246 4108
f 4167 4122 4123
f 3930 4252 4256
f 3914 3935 3934
f 3894 3934 3933
f 3931 4253 3932
f 3931 4256 4253
f 3936 4252 3930
f 3923 3946 3890
f 3929 4259 3923
f 3890 4260 3889
f 3943 3899 3948
f 4255 3936 3935
f 4011 4264 4373
f 4269 4017 4013
f 3972 4012 3977
f 4269 4015 4017
f 4014 4261 4262
f 4009 3994 4011
f 4016 4261 4008
f 3967 4266 4268
f 3966 4268 4267
f 3969 4271 4265
f 4007 4271 3999
f 3999 4271 3969
f 3969 4266 3968
f 4080 4277 4086
f 4276 4085 4088
f 4085 4272 4087
f 4086 4048 4082
f 4087 4272 4080
f 4044 4273 4275
f 4052 4280 4046
f 4045 4279 4273
f 4058 4096 4052
f 4094 4098 4056
f 4056 4098 4057
f 4133 4158 4156
f 4118 4156 4155
f 4285 4157 4158
f 4114 4283 4284
f 4115 4287 4283
f 4120 4161 4138
f 4138 4287 4145
f 4039 4305 4062
f 3985 4294 4026
f 4113 4284 4298
f 4297 3932 4253
f 4284 4165 4298
f 4293 4010 4291
f 3961 3982 4292
f 4296 4129 4153
f 4253 4289 4297
f 3962 4292 3982
f 4246 4295 4109
f 3945 4290 4291
f 4038 4062 4305
f 4607 4129 4296
f 4295 4310 4340
f 4293 4291 4606
f 4606 4301 4302
f 4313 4311 4306
f 4302 4321 4324
f 4313 4349 4327
f 4325 4303 4326
f 4313 4306 4349
f 4303 4325 4304
f 4366 4333 4314
f 4352 4344 4366
f 4352 4353 4335
f 4345 4314 4333
f 4318 4366 4350
f 4334 4300 4319
f 4329 4328 4308
f 4335 4308 4328
f 4372 3909 3945
f 3910 3932 3909
f 4254 4372 3945
f 4221 3886 3875
f 3885 4371 4254
f 4267 4023 4026
f 4264 3964 4263
f 4274 4093 4095
f 4065 4081 4064
f 4023 3985 4026
f 4373 4263 4010
f 4239 4036 4236
f 3985 4373 4010
f 4129 4154 4153
f 4040 4275 4274
f 4165 4130 4129
f 4126 4108 4125
f 4154 4116 4274
f 4035 4238 4041
f 4093 4064 4095
f 4154 4274 4153
f 4248 4110 4106
f 3826 3823 4377
f 3831 3832 4379
f 3820 3827 4374
f 4393 4376 4382
f 4378 3830 4387
f 4379 3826 4384
f 3828 4375 4386
f 4384 4377 4399
f 4388 4379 4400
f 4390 4404 4394
f 4413 4398 4403
f 4386 4397 4405
f 4410 4401 4409
f 4412 4411 4424
f 4400 4384 4415
f 4408 4400 4431
f 4416 4417 4426
f 4434 4420 4413
f 4423 4433 4425
f 4419 4420 4427
f 4415 4421 4428
f 4443 4434 4412
f 4430 4408 4440
f 4435 4431 4415
f 4433 4432 4441
f 4632 4442 4631
f 4450 4435 4428
f 4440 4431 4453
f 4458 4453 4435
f 4447 4448 4461
f 4455 4454 4463
f 4465 4456 4443
f 4451 4452 4462
f 4455 4472 4457
f 4468 4458 4450
f 4450 4459 4468
f 4462 4440 4470
f 4473 4449 4456
f 4463 4451 4469
f 4461 4448 4467
f 4465 4464 4482
f 4459 4466 4475
f 4474 4471 4458
f 4479 4470 4487
f 4490 4477 4473
f 4467 4476 4485
f 4481 4491 4483
f 4486 4474 4468
f 4468 4475 4486
f 4480 4478 4479
f 4489 4482 4496
f 4475 4484 4492
f 4497 4488 4474
f 4485 4493 4499
f 4486 4492 4500
f 4495 4487 4512
f 4510 4501 4479
f 4499 4507 4506
f 4513 4635 4636
f 4489 4496 4513
f 4644 4505 4517
f 4515 4494 4490
f 4353 4343 4335
f 4314 3961 4292
f 4125 4309 4329
f 4228 3885 3964
f 4125 4308 4111
f 4227 4041 4237
f 4353 4039 4343
f 4227 4318 4363
f 4247 4370 4236
f 4236 4110 4247
f 4307 4327 4349
f 4517 4505 4520
f 4169 4173 4525
f 4202 4170 4524
f 4526 4523 4201
f 4206 4172 4528
f 4528 4522 4206
f 4524 4169 4527
f 4529 4524 4527
f 4530 4526 4202
f 4529 4525 4531
f 4214 4522 4534
f 4534 4531 4214
f 4533 4530 4524
f 4172 4540 4528
f 4538 4531 4539
f 4532 4536 4172
f 4540 4522 4528
f 4538 4533 4529
f 4532 4526 4537
f 4537 4530 4543
f 4540 4536 4545
f 4544 4538 4539
f 4545 4535 4540
f 4534 4535 4546
f 4546 4539 4534
f 4542 4530 4533
f 4541 4533 4538
f 4317 4537 4316
f 4536 4532 4317
f 4338 4548 4549
f 4550 4551 4549
f 4553 4554 4556
f 4047 3963 3966
f 4254 3964 3885
f 4254 4010 4263
f 4611 4324 4321
f 4302 4326 4303
f 4081 3966 4267
f 4274 4116 4040
f 4274 4095 4153
f 4153 4095 4296
f 4304 4307 4306
f 4294 4081 4026
f 4348 4358 4354
f 4292 4350 4314
f 4341 4545 4330
f 4354 4367 4348
f 4351 4558 4331
f 4354 4364 4367
f 4310 4311 4315
f 4554 4614 4556
f 4342 4535 4341
f 4546 4608 4544
f 4323 4544 4608
f 4542 4323 4362
f 4362 4543 4542
f 4357 4612 4558
f 4332 4365 4359
f 4332 4315 4559
f 4351 4504 4509
f 4355 4511 4512
f 4585 4499 4586
f 4568 3341 3350
f 3461 3410 3345
f 4569 3320 4570
f 3248 4571 3235
f 3266 4571 4572
f 3274 3282 3284
f 3249 3254 3256
f 3248 3239 3256
f 3229 3238 3239
f 3208 3210 3209
f 3180 3172 3173
f 3680 3602 3599
f 3581 3590 4576
f 3604 3629 4577
f 3614 4579 4580
f 4580 3624 4581
f 4510 4358 4605
f 3679 4568 3354
f 3354 4568 3351
f 3208 3212 4575
f 3230 3213 3209
f 3235 3234 3248
f 3235 4571 3250
f 4571 3257 3250
f 4572 3248 3265
f 3295 3304 3305
f 3304 3294 3302
f 3294 3284 3282
f 3256 3245 3249
f 3229 3239 3234
f 3228 3209 3210
f 4575 3404 3195
f 3130 3188 5362
f 3575 3581 3584
f 4580 3623 3614
f 4511 4355 4354
f 4516 4501 4645
f 4498 4586 4505
f 4484 4585 4498
f 3723 3719 4590
f 3796 4593 3795
f 3819 4599 4598
f 4599 3819 4383
f 4599 4383 4394
f 4599 4394 4404
f 4600 4444 4457
f 4601 4457 4472
f 4602 4483 4491
f 4603 4503 4516
f 4605 4358 4361
f 4039 4370 4343
f 4619 4290 4297
f 4294 4293 4304
f 4311 4298 4607
f 4290 3909 4297
f 4318 4350 4363
f 3962 4363 4350
f 4095 4306 4296
f 4291 4290 4606
f 4228 4319 4220
f 3904 4319 4300
f 4221 4288 4312
f 4312 3886 4221
f 4310 4295 4113
f 4109 4295 4309
f 4299 4289 3886
f 4306 4607 4296
f 4609 4608 4610
f 4362 4609 4347
f 4347 4558 4612
f 4627 4605 4361
f 4312 4609 4299
f 4368 4334 4345
f 4559 4360 4365
f 4565 4555 4552
f 4566 4552 4561
f 4560 4567 4613
f 4365 4614 4557
f 4554 4557 4614
f 4555 4616 4615
f 4617 4618 4615
f 4555 4615 4552
f 4615 4561 4552
f 4550 4338 4617
f 4617 4547 4618
f 4519 4618 4547
f 4340 4315 4332
f 4344 4352 4364
f 4335 4364 4352
f 4329 4348 4328
f 4553 4325 4551
f 4551 4325 4549
f 4326 4549 4325
f 4326 4339 4549
f 4297 4289 4619
f 4619 4321 4301
f 4299 4610 4619
f 3719 4589 3720
f 4591 3733 3732
f 4593 4624 4596
f 4595 4623 4594
f 4598 4625 4595
f 4598 4626 4625
f 4635 4602 4603
f 4517 4357 4351
f 4329 4309 4348
f 4348 4309 4361
f 4642 4418 4641
f 4643 4405 4642
f 4643 4396 4385
f 4585 4484 4584
f 4466 4584 4484
f 4347 4612 4346
f 4611 4608 4342
f 4342 4339 4611
f 4339 4330 4549
f 4549 4536 4338
f 4338 4317 4337
f 4317 4336 4337
f 4316 4346 4336
f 4586 4647 4648
f 4506 4646 4647
f 4507 4508 4646
f 4565 4508 4515
f 4565 4515 4514
f 4562 4604 4564
f 4505 4648 4520
f 4504 4488 4497
f 4502 4516 4503
f 4493 4494 4507
f 4492 4498 4644
f 4514 4515 4489
f 4636 4603 4604
f 4564 4516 4645
f 4509 4517 4351
f 4646 4566 4587
f 4605 4645 4501
f 4647 4587 4567
f 4636 4563 4513
f 4521 4512 4488
f 4563 4514 4513
f 4648 4567 4518
f 4610 4321 4619
f 3747 4657 3799
f 3721 3717 4653
f 3730 4654 4655
f 4652 4661 3717
f 4655 4663 4672
f 4664 4674 4667
f 4654 4662 4671
f 4663 4671 4681
f 4668 4675 4677
f 4678 4688 4679
f 4682 4693 4674
f 4686 4687 4694
f 4692 1698 1672
f 4688 4696 4689
f 4695 4703 4688
f 4698 4706 4693
f 4691 4697 4704
f 4702 4707 4694
f 4703 4709 4696
f 4763 4713 4714
f 4712 4707 4719
f 1706 4705 1719
f 4708 4716 4703
f 4707 4714 4722
f 4726 4727 4710
f 4649 4729 4658
f 4748 4739 4749
f 4764 4723 4715
f 4675 4731 4685
f 4740 1739 4733
f 3868 3874 4744
f 4743 3849 3862
f 3849 4743 4734
f 4738 4734 4743
f 4706 4698 4751
f 4753 4752 4755
f 4753 4755 4754
f 4713 4750 4721
f 4719 4722 4760
f 4704 4728 4705
f 4746 4736 4742
f 4701 4749 4713
f 4715 4745 4764
f 4751 4711 4718
f 4722 4714 4768
f 4761 4767 4756
f 1780 1952 1957
f 1782 1732 1867
f 4759 4772 4718
f 4727 4776 4704
f 1719 4728 1790
f 4725 4775 4726
f 4728 4776 4780
f 1796 1791 1792
f 4720 4772 4786
f 4787 4788 4794
f 1806 1815 1805
f 1881 1873 1878
f 4799 4805 4806
f 4806 4814 4807
f 4813 4820 4814
f 4821 4830 4822
f 4828 4835 4829
f 4829 4836 4830
f 4825 4833 4826
f 4835 4843 4836
f 1850 4843 1865
f 4768 4847 4848
f 1876 1883 1877
f 4922 1912 1918
f 4860 4867 4866
f 4858 4866 4864
f 4867 4872 4866
f 4866 4870 4864
f 4871 4874 4868
f 4876 4881 4871
f 4879 4883 4880
f 1907 1912 4921
f 4854 4861 4860
f 4859 4851 4853
f 1918 4923 4922
f 4906 4909 4911
f 4782 4778 4781
f 4788 4787 4773
f 4759 4760 4846
f 1958 4932 4931
f 4934 4938 4937
f 4781 4943 4782
f 4767 4926 4771
f 4790 4798 4799
f 4861 4902 4867
f 4674 4678 4670
f 4693 4695 4678
f 4706 4708 4695
f 4920 4918 4886
f 5890 4938 5889
f 4960 4953 4954
f 5892 4964 5891
f 4959 4976 4952
f 4949 4972 4838
f 4967 4952 4976
f 4947 4838 4972
f 4948 4881 4974
f 4840 4839 4970
f 4967 4973 4884
f 4957 4885 4971
f 4947 4979 4839
f 4991 4990 5003
f 5022 5039 5023
f 5030 5029 5045
f 5022 5042 5055
f 5039 5055 5067
f 5076 5066 5063
f 5065 5896 5897
f 5057 5071 5044
f 5058 5066 5072
f 5066 5085 5072
f 5071 5082 5069
f 5072 5086 5059
f 5104 5089 5087
f 5089 5106 5090
f 5102 5115 5099
f 5116 5099 5115
f 5117 5086 5120
f 5137 5117 5120
f 5112 5131 5113
f 5138 5123 5121
f 5136 5124 5140
f 5118 5135 5133
f 5113 5145 5129
f 5116 5130 5112
f 5134 5115 5133
f 5133 5135 5149
f 5130 5134 5146
f 5149 5134 5133
f 5151 5148 5161
f 5171 5155 5172
f 5149 5165 5162
f 5169 5184 5170
f 5169 5151 5182
f 5185 5186 5202
f 5199 5177 5207
f 5206 5205 5222
f 5215 5199 5230
f 5215 5232 5216
f 5235 5232 5247
f 5907 5234 5906
f 5235 5243 5228
f 2292 2280 2311
f 2289 2311 2280
f 5265 5246 5230
f 5267 5234 5907
f 2290 2287 2309
f 5247 5246 5265
f 5281 5266 5267
f 5261 5271 5237
f 5261 5260 5274
f 5273 5288 5284
f 5277 5289 5285
f 3087 3086 3088
f 3103 3102 3104
f 5290 3087 3111
f 3110 3102 3116
f 5298 5330 5307
f 5300 5327 5331
f 5303 5318 5323
f 5326 5305 5292
f 5332 5315 5311
f 5323 5294 5303
f 5302 5324 5291
f 5322 5317 5294
f 5331 5308 5310
f 5309 5328 5326
f 5304 5312 5293
f 5304 5332 5312
f 5738 5302 5741
f 5357 5339 5355
f 5356 5349 5358
f 5355 5339 5359
f 5349 5360 5358
f 5344 5354 5343
f 5357 5345 5346
f 5342 5358 5340
f 5335 5350 5348
f 3105 3090 3092
f 3130 5362 3142
f 3123 3405 5363
f 3185 3178 3188
f 3159 77 1572
f 3178 3193 3197
f 3184 118 3194
f 3182 3184 3171
f 3171 3181 3182
f 3171 3172 3181
f 3147 3113 3148
f 3168 3388 3167
f 3137 5364 5361
f 3535 3548 3530
f 3558 3548 3555
f 3109 3097 3110
f 3318 2444 5387
f 3109 3137 3108
f 3173 3179 3180
f 5366 3194 118
f 3172 3180 105
f 3172 3187 3173
f 3177 3173 3187
f 5362 3188 3178
f 3317 5370 3200
f 5362 5365 3135
f 3135 3142 5362
f 3312 5407 3313
f 3123 5363 5404
f 5379 5381 3313
f 5386 5375 5374
f 5386 5374 5388
f 5386 5388 5377
f 5377 5376 5385
f 5405 5379 5406
f 5406 3313 5407
f 3166 3389 3313
f 3147 3165 3163
f 3147 3148 5378
f 3162 77 3159
f 3157 5380 3158
f 3312 3313 3389
f 3167 5382 3168
f 5377 5388 5389
f 5377 5389 5376
f 5376 5390 5385
f 5383 5391 3168
f 428 83 3162
f 3127 5364 3109
f 5364 5404 5363
f 5373 5372 5384
f 5369 5408 3404
f 3200 5369 3404
f 5370 3317 5385
f 3141 3130 3405
f 5385 3317 5377
f 3319 5377 3317
f 3141 3121 3140
f 3197 3404 5365
f 5396 5395 3414
f 5394 5401 5393
f 5392 2457 2447
f 5397 5400 5396
f 392 5393 3463
f 5395 5401 5394
f 5370 5390 5369
f 5388 3406 3407
f 5388 3316 3406
f 5374 3315 3316
f 5371 3149 3138
f 5371 3138 5361
f 3138 3126 3137
f 3106 3137 3126
f 3093 3107 3106
f 5381 3166 3313
f 3553 3544 3543
f 3547 3542 3534
f 3511 3528 3512
f 3512 3502 3511
f 3157 3311 5380
f 3155 3310 3157
f 3156 3152 3155
f 3154 1572 74
f 3530 3548 3545
f 3137 5361 3138
f 3107 3108 3137
f 3110 5404 3127
f 3554 3552 3553
f 3552 3554 3551
f 3551 3549 3550
f 3540 3528 3542
f 3529 3512 3528
f 3513 3502 3512
f 3503 3489 3502
f 3094 3095 3107
f 3108 3107 3095
f 3104 3110 3097
f 3104 3097 3103
f 3491 3482 3480
f 3518 3491 3515
f 3515 3530 3518
f 5373 5403 5372
f 5369 5371 5408
f 3199 3404 3197
f 4575 3198 3200
f 3192 5409 5366
f 3214 3195 3205
f 3197 5368 3199
f 5365 5408 5371
f 3192 2463 123
f 5368 5409 3204
f 3236 3246 3241
f 3241 3252 3247
f 3247 3259 3255
f 3278 3289 3283
f 5368 3204 3199
f 3193 5368 3197
f 5409 5368 3194
f 3307 3309 3305
f 3306 267 3307
f 3309 267 3308
f 267 269 3308
f 3283 3298 3291
f 3283 3271 3278
f 3263 3255 3269
f 3241 3233 3236
f 3236 3228 3206
f 5406 5378 5405
f 5407 3147 5406
f 3150 3159 3154
f 411 2470 5414
f 3422 3423 3428
f 3446 3427 5415
f 3391 5415 3427
f 3439 5418 3390
f 3397 5422 5421
f 5422 3397 5399
f 5421 3321 3397
f 3391 3383 5540
f 5536 3412 5535
f 3382 3387 5537
f 5531 5433 5428
f 5537 3411 5541
f 5438 5431 5533
f 5539 5434 5437
f 5530 5441 5534
f 5450 5437 5434
f 5436 5444 5435
f 5448 5423 5432
f 5445 5433 5427
f 5447 5429 5430
f 5453 5429 5447
f 5439 5451 5438
f 5428 5445 5446
f 5432 5425 5448
f 5435 5444 5426
f 5440 5454 5441
f 5445 5424 5443
f 5453 5465 5454
f 5459 5443 5456
f 5463 5452 5466
f 5464 5434 5488
f 5463 5425 5431
f 5454 5466 5452
f 5450 5464 5444
f 5446 5460 5462
f 5460 5445 5459
f 5461 5453 5447
f 5452 5463 5451
f 5448 5469 5474
f 5464 5470 5458
f 5477 5526 5465
f 5479 5507 5449
f 5525 5469 5473
f 5500 5483 5497
f 5482 5498 5497
f 5499 5480 5485
f 5496 5481 5484
f 5514 5488 5492
f 5498 5508 5503
f 5502 5493 5495
f 5488 5475 5464
f 5449 5442 5479
f 5455 5479 5442
f 3458 2447 397
f 3443 3170 5418
f 5449 5488 5434
f 5508 5498 5482
f 5490 5496 5489
f 5495 5491 5502
f 5478 5491 5505
f 5525 5505 5489
f 5472 5508 5482
f 5474 5481 5485
f 5477 5502 5526
f 5526 5502 5491
f 5473 5457 5463
f 5463 5476 5473
f 5466 5476 5463
f 5465 5512 5466
f 5476 5512 5478
f 5517 5498 5503
f 5474 5455 5448
f 5510 5477 5461
f 5477 5465 5461
f 5479 5455 5467
f 5471 5513 5468
f 5471 5460 5459
f 5513 5459 5456
f 5499 5518 5494
f 5492 5511 5514
f 5516 5493 5500
f 5521 5514 5511
f 5519 5493 5524
f 5508 5504 5503
f 5521 5511 5524
f 5523 5522 5511
f 5523 5511 5492
f 5486 5523 5492
f 5516 5524 5493
f 5515 5522 5518
f 5519 5524 5522
f 5485 5467 5474
f 5508 5472 5471
f 5489 5469 5525
f 5476 5525 5473
f 5507 5492 5449
f 5470 5506 5504
f 5492 5507 5486
f 5484 5481 5489
f 5489 5505 5490
f 5505 5491 5490
f 5510 5483 5509
f 5503 5506 5487
f 5424 5528 5529
f 5429 5527 5430
f 5425 5533 5431
f 5439 5534 5441
f 5458 5513 5456
f 5542 5534 5538
f 5420 5435 5540
f 5543 5533 5541
f 5458 5468 5513
f 5440 5530 5429
f 5543 5439 5438
f 3392 5527 5535
f 5427 5531 5528
f 5536 5534 5542
f 5539 5437 5420
f 5529 3391 5540
f 5530 5535 5527
f 5423 5537 5432
f 5532 5541 5533
f 5436 5420 5437
f 5539 3382 5423
f 5531 3391 5528
f 5516 5500 5517
f 5468 5470 5504
f 5422 5542 5538
f 3411 5543 5541
f 5418 5420 3390
f 5504 5508 5468
f 5421 5538 5543
f 5419 5539 5420
f 5415 3392 5535
f 3412 5536 5542
f 3412 5542 5399
f 5482 5510 5472
f 5461 5472 5510
f 5462 5520 5461
f 5446 5430 5428
f 5527 5428 5430
f 5456 5444 5458
f 5426 5443 5424
f 5529 5426 5424
f 5540 3383 3390
f 3439 3383 3386
f 5411 3455 5412
f 3421 3417 3424
f 3456 5416 3419
f 3456 5417 5416
f 5741 5544 5740
f 5552 5544 5319
f 5547 5553 5550
f 5293 5550 5553
f 5557 5549 5561
f 5548 5555 5559
f 5551 5561 5549
f 5560 5544 5552
f 5359 5564 5570
f 5575 5578 5565
f 5574 5562 5569
f 5761 5837 5836
f 5570 5566 5359
f 5843 5912 5794
f 5595 5866 5865
f 5598 5579 5583
f 5599 5581 5584
f 5587 5847 5837
f 5582 5600 5585
f 5600 5578 5585
f 5588 5597 5590
f 5584 5593 5599
f 5610 5607 5628
f 5611 5618 5608
f 5617 5619 5605
f 5608 5618 5638
f 5602 5612 5613
f 5610 5614 5615
f 5614 5628 5622
f 5639 5630 5641
f 5640 5629 5636
f 5652 5646 5637
f 5637 5644 5652
f 5653 5642 5649
f 5660 5646 5652
f 5647 5661 5650
f 5656 5650 5661
f 5643 5659 5648
f 5644 5660 5652
f 5667 5683 5684
f 5673 5685 5668
f 5665 5676 5664
f 5683 5667 5686
f 5684 5671 5672
f 5671 5686 5691
f 5685 5677 5668
f 5689 5695 5686
f 5696 5688 5699
f 5695 5700 5701
f 5701 5691 5695
f 5697 5690 5677
f 5677 5692 5697
f 5691 5686 5695
f 5703 5712 5696
f 5717 5702 5707
f 5661 5705 5701
f 5700 5661 5701
f 5719 5727 5723
f 5727 5993 5989
f 5721 5949 5944
f 5728 5720 5724
f 5721 5729 5725
f 5719 5725 5729
f 5718 5728 5724
f 5347 5345 5349
f 5338 5945 5942
f 5938 5641 5630
f 5601 5606 5604
f 5599 5556 5553
f 5352 5931 5336
f 5591 5588 5579
f 5600 5655 5594
f 5661 5658 5715
f 5660 5596 5657
f 5728 5717 5704
f 5708 5728 5704
f 5590 5940 5588
f 5336 5341 5333
f 5734 5604 5621
f 5781 5767 5779
f 5765 5776 5769
f 5773 5885 5879
f 5885 5776 5878
f 5286 5285 5781
f 5772 5771 5783
f 5793 5794 5911
f 5748 5750 5757
f 5816 5821 5820
f 5817 5823 5822
f 5805 5804 5807
f 5749 5759 5752
f 5817 5916 5823
f 5746 5752 5759
f 5800 5916 5802
f 5804 5801 5798
f 5825 5919 5910
f 5841 5826 5840
f 5842 5826 5825
f 5742 5760 5754
f 5828 5838 5829
f 5743 5787 5991
f 5836 5841 5840
f 5764 5840 5842
f 5871 5281 5908
f 5782 5884 5883
f 5283 5272 5875
f 5870 5874 5877
f 5283 5875 5886
f 5875 5874 5870
f 5870 5877 5845
f 5879 5287 5284
f 5781 5878 5775
f 5911 5854 5833
f 5354 5945 5334
f 5766 5780 5915
f 5788 5991 5787
f 5851 5917 5826
f 5825 5910 5909
f 5790 5784 5788
f 5919 5826 5917
f 5722 5730 5718
f 5666 5676 5679
f 5758 5767 5759
f 5707 5704 5717
f 5681 5668 5677
f 5667 5693 5689
f 5690 5687 5694
f 5687 5690 5698
f 5678 5691 5933
f 5696 5700 5689
f 5698 5704 5707
f 5697 5704 5690
f 5768 5917 5780
f 5769 5756 5765
f 5763 5771 5760
f 5920 5916 5817
f 5923 5838 5764
f 5921 5927 5926
f 5251 5927 5921
f 5926 5928 5921
f 5252 5925 5930
f 5833 5795 5911
f 5825 5909 5842
f 5925 5252 5922
f 5762 5760 5771
f 5823 5813 5812
f 5555 5740 5739
f 5324 5302 5325
f 5304 5325 5301
f 5299 5307 5314
f 5295 5322 5320
f 5332 5301 5329
f 5323 5292 5305
f 5550 5312 5547
f 5547 5306 5546
f 5548 5551 5292
f 5551 5548 5559
f 5313 5736 5315
f 5737 5547 5546
f 5326 5546 5306
f 5315 5736 5311
f 5327 5309 5308
f 5310 5736 5735
f 5314 5307 5316
f 5311 5308 5309
f 5596 5582 5946
f 5570 5580 5584
f 5353 5586 5352
f 5346 5345 5347
f 5945 5337 5942
f 5333 5942 5336
f 5569 5340 5565
f 5360 5565 5340
f 5360 5349 5567
f 5586 5941 5931
f 5941 5571 5940
f 5584 5573 5570
f 5581 5567 5573
f 5585 5567 5582
f 5592 5588 5996
f 5800 5799 5797
f 5879 5774 5773
f 5776 5765 5775
f 5737 5546 5557
f 5322 5299 5297
f 5648 5641 5643
f 5734 5629 5938
f 5625 5631 5607
f 5623 5606 5601
f 5623 5620 5605
f 5610 5625 5607
f 5628 5631 5637
f 5637 5622 5628
f 5639 5644 5631
f 5648 5655 5644
f 5598 5655 5659
f 5583 5594 5598
f 5583 5571 5574
f 5565 5574 5569
f 5339 5568 5564
f 5341 5563 5568
f 5568 5577 5564
f 5576 5580 5577
f 5940 5579 5588
f 5590 5593 5580
f 5560 5593 5597
f 5556 5552 5293
f 5319 5293 5552
f 5292 5318 5548
f 5318 5545 5548
f 5324 5293 5319
f 5328 5300 5305
f 5296 5321 5299
f 5297 5299 5321
f 5606 5605 5624
f 5603 5624 5605
f 5638 5618 5634
f 5626 5632 5636
f 5632 5640 5636
f 5650 5634 5647
f 5638 5645 5632
f 5649 5656 5653
f 5712 5656 5700
f 5700 5696 5712
f 5708 5692 5706
f 5714 5937 5713
f 5934 5687 5935
f 5669 5939 5947
f 5947 5679 5676
f 5666 5670 5682
f 5672 5671 5673
f 5678 5675 5671
f 5693 5662 5710
f 5694 5669 5681
f 5939 5710 5662
f 5696 5699 5703
f 5935 5703 5699
f 5711 5706 5705
f 5615 5614 5616
f 5622 5618 5614
f 5636 5621 5626
f 5635 5609 5651
f 5734 5651 5609
f 5645 5640 5632
f 5649 5629 5640
f 5938 5643 5641
f 5185 5214 5183
f 5143 5128 5144
f 5061 5064 5074
f 5036 5019 5052
f 4935 4940 4939
f 4933 1962 4843
f 5297 5317 5322
f 5294 5738 5303
f 5554 5740 5544
f 5303 5740 5545
f 5567 5349 5566
f 5622 5634 5618
f 5941 5572 5563
f 5940 5576 5572
f 5558 5582 5581
f 5344 5348 5350
f 5932 5619 5617
f 5682 5670 5674
f 5653 5936 5642
f 5657 5647 5646
f 5616 5614 5618
f 5651 5734 5630
f 5642 5938 5629
f 5678 5933 5692
f 5715 5711 5705
f 5634 5646 5647
f 5935 5699 5688
f 5710 5934 5688
f 5673 5671 5675
f 5692 5705 5706
f 5709 5939 5669
f 5713 5937 5702
f 5947 5676 5665
f 5698 5937 5935
f 5988 5720 5949
f 5659 5591 5598
f 5560 5592 5554
f 5739 5995 5994
f 5713 5999 5998
f 5561 5990 6001
f 6001 5814 6002
f 6003 5557 6002
f 5808 6004 6003
f 5809 6005 6004
f 5797 6000 6006
f 5716 5813 6006
f 5812 5813 6007
f 5946 5657 5596
f 5339 5338 5341
f 5968 5953 5969
f 5357 5334 5339
f 5354 5346 5343
f 5977 5956 5968
f 5347 5343 5346
f 5959 5965 5972
f 5335 5347 5356
f 5970 5957 5967
f 5342 5337 5335
f 5353 5336 5337
f 5963 5971 5962
f 5959 5972 5955
f 5982 5955 5972
f 5976 5973 5979
f 5977 5978 5956
f 5973 5978 5979
f 5986 5966 5952
f 5969 5950 5961
f 5977 5980 5978
f 5980 5983 5978
f 5331 5295 5300
f 5330 5310 5307
f 5957 5954 5958
f 5976 5724 5954
f 5978 5983 5948
f 5956 5978 5973
f 5967 5956 5973
f 5735 5307 5310
f 5952 5969 5961
f 5329 5316 5313
f 5963 5962 5985
f 5974 5988 5985
f 5718 5979 5722
f 5948 5722 5979
f 5965 5985 5975
f 5963 5965 5964
f 5301 5321 5296
f 5325 5297 5321
f 5948 5983 5723
f 5723 5983 5719
f 5980 5719 5983
f 5725 5982 5721
f 5975 5721 5982
f 5727 5989 5948
f 5948 5733 5722
f 6008 5752 5999
f 5749 6008 5993
f 5949 5975 5988
f 5726 5949 5720
f 5989 6008 5733
f 5798 5796 6000
f 5786 5991 5784
f 5743 5995 5742
f 5995 5753 5742
f 5996 5745 5753
f 5997 5654 5653
f 5747 5998 5746
f 5746 5999 5752
f 5750 5992 5751
f 5785 5990 5786
f 6001 5557 5561
f 6003 5814 5808
f 5726 5716 5943
f 6006 5813 5797
f 6007 5715 5658
f 6005 5810 5811
f 5730 5713 5717
f 5731 5993 5727
f 5729 5750 5731
f 5944 5732 5721
f 6000 5943 5716
f 5927 5832 5924
f 5830 5861 5827
f 5858 5863 5862
f 5283 5269 5270
f 5236 5219 5221
f 5905 5218 5906
f 5203 5188 5190
f 5015 5020 6017
f 4966 4978 4988
f 4978 4966 4969
f 4936 4841 4940
f 4843 4842 4936
f 1865 4843 1962
f 4933 2967 1962
f 5852 4939 5889
f 4955 5889 4939
f 4965 5891 4961
f 5891 4965 5892
f 4982 4999 4984
f 5036 5895 5894
f 5627 5601 5609
f 5610 5623 5627
f 5616 5612 5615
f 5616 5619 5932
f 5619 5616 5611
f 5611 5603 5619
f 5611 5624 5603
f 5947 5665 5669
f 5664 5681 5665
f 5668 5664 5682
f 5668 5674 5673
f 5674 5672 5673
f 5684 5670 5663
f 5684 5663 5667
f 5667 5679 5680
f 5679 5662 5680
f 5958 5951 5957
f 5963 5966 5986
f 5952 5964 5959
f 5959 5968 5952
f 5953 5957 5950
f 5002 4988 4978
f 5893 4986 5892
f 4983 4985 4998
f 5019 5036 5018
f 5017 5035 5016
f 5893 6011 4986
f 5021 5019 5002
f 4997 6016 4981
f 4997 5010 5011
f 3466 3086 3084
f 3093 3471 3094
f 3098 6022 3103
f 168 3222 3232
f 161 3224 162
f 5387 2435 5375
f 5375 2435 3315
f 1767 1770 4752
f 30 3 4
f 1 3 6
f 5 6 7
f 18 31 4
f 18 4 2
f 20 18 19
f 23 12 11
f 15 14 26
f 9 8 29
f 6 3 30
f 18 33 32
f 7 6 28
f 35 33 20
f 39 36 37
f 37 40 41
f 43 39 42
f 45 30 31
f 35 36 51
f 39 43 49
f 53 45 51
f 52 50 45
f 63 50 52
f 50 63 85
f 64 53 51
f 57 46 85
f 61 52 53
f 51 39 64
f 73 64 70
f 64 49 70
f 75 272 80
f 370 372 418 417
f 271 270 79
f 86 66 65
f 65 85 84
f 84 85 87
f 72 87 85
f 75 90 275
f 259 254 242 246
f 97 95 96
f 98 97 59
f 60 48 96
f 102 103 60
f 47 2412 98
f 48 59 96
f 108 106 113
f 109 114 99
f 105 103 104
f 93 100 112
f 111 120 112
f 92 121 113
f 121 112 119
f 113 114 108
f 128 136 135
f 114 131 99
f 131 111 99
f 121 130 113
f 130 121 119
f 133 129 132
f 2464 2463 117
f 137 138 139
f 142 145 144
f 133 153 143
f 163 148 149
f 147 163 150
f 149 151 3216
f 147 122 134
f 147 150 123
f 133 126 153
f 155 153 126
f 160 156 155
f 157 155 154
f 155 158 160
f 136 141 148
f 150 163 149
f 156 142 143
f 159 165 156
f 164 167 151
f 172 171 152
f 167 166 3216
f 145 142 171
f 152 165 172
f 142 152 171
f 166 177 180
f 138 173 174
f 178 177 164
f 171 179 186
f 175 169 145
f 177 184 180
f 170 171 183
f 190 173 176
f 173 190 182
f 185 184 177
f 187 186 198
f 176 175 189
f 242 230 233 246
f 190 194 195
f 212 211 1569 189
f 191 187 198
f 233 230 218
f 193 200 199
f 218 206 209
f 184 197 200
f 206 192 188
f 200 204 208
f 198 192 206
f 191 196 203
f 197 205 204
f 196 198 207
f 192 179 188
f 203 207 215
f 218 219 207 206
f 172 168 181
f 204 216 220
f 219 243 244 231
f 202 203 215
f 201 194 213
f 205 217 216
f 212 224 223 211
f 213 225 222 210
f 216 228 232
f 219 218 230
f 217 222 229
f 214 215 227
f 245 232 228 240
f 217 229 228
f 159 160 162
f 230 242 243 219
f 225 237 234 222
f 238 226 227
f 231 244 239 227
f 229 241 240
f 256 244 243
f 224 236 235 223
f 161 162 160
f 237 250 247 234
f 244 256 251 239
f 254 255 243 242
f 248 235 236
f 245 258 257
f 252 258 240
f 382 432 286 381
f 241 2465 252
f 238 239 251
f 266 262 256
f 259 269 265
f 247 250 261
f 253 247 260
f 251 256 262
f 261 248 249
f 268 267 257
f 263 268 258
f 255 254 265
f 125 133 140
f 279 306 278
f 290 299 298 289
f 292 291 299 290
f 285 432 382 383
f 291 292 293
f 297 288 298
f 300 291 301
f 317 322 452 451
f 313 312 309
f 320 318 314
f 321 320 319
f 302 301 293 294
f 323 324 318
f 315 321 319
f 301 302 304
f 301 304 300
f 293 301 291
f 329 292 290 328
f 331 332 296
f 293 330 331
f 292 329 330
f 335 330 329 334
f 328 333 334
f 331 336 337
f 339 334 333 338
f 330 335 336
f 340 335 334 339
f 336 341 342
f 344 339 338 343
f 335 340 341
f 346 342 341 345
f 345 340 339 344
f 348 344 343 347
f 350 346 345 349
f 349 345 344 348
f 672 440 449 358
f 348 351 352
f 349 352 353
f 358 449 448 357
f 2468 441 415 361
f 360 414 413 2466
f 361 415 414 360
f 2475 359 88 274
f 412 362 363
f 359 2417 2416 88
f 274 365 2475
f 421 423 424
f 372 369 420 418
f 394 399 395
f 369 423 421 420
f 376 377 333 328
f 289 376 328
f 378 338 333 377
f 324 323 325 326
f 343 338 378
f 351 347 379
f 67 56 58
f 58 22 29
f 34 36 35
f 29 44 57
f 27 37 34
f 29 28 46
f 31 51 45
f 28 30 50
f 44 29 46
f 2446 89 383
f 314 316 312
f 316 314 318
f 325 323 321 315
f 278 386 279
f 380 287 387
f 308 311 388
f 313 452 322
f 317 300 304 390
f 319 327 315
f 389 297 450
f 289 288 432 431
f 286 432 297
f 2467 416 441 2468
f 286 297 389
f 366 362 434
f 2466 413 412 363
f 2417 364 285 383
f 379 343 2455 2450
f 455 447 2448
f 2450 2456 379
f 397 447 446 405
f 377 2455 378
f 453 351 379
f 402 403 399
f 399 394 401 402
f 400 399 403 404
f 398 401 394
f 403 402 407 408
f 415 410 2469 414
f 2473 442 411
f 409 410 2472
f 416 2470 2471 441
f 2469 413 414
f 417 418 419 375
f 425 422 80 78
f 417 444 445 370
f 81 91 90
f 81 80 422
f 396 395 399 400
f 426 425 78 79
f 455 396 400 458
f 431 432 285 284
f 421 429 420
f 444 373 371 445
f 429 436 419
f 2550 69 438
f 456 356 448
f 439 459 454 375
f 428 438 69 427
f 71 61 73
f 436 439 375 419
f 418 420 429 419
f 456 355 356
f 2473 2472 457 442
f 453 354 355
f 436 425 426 439
f 454 374 444
f 307 305 278 310
f 61 64 73
f 126 154 155
f 157 276 277
f 309 306 387
f 450 298 299 451
f 2415 40 2414
f 298 450 297
f 451 452 388 311
f 407 433 434 412
f 309 388 313
f 398 393 368
f 426 79 427 69
f 459 437 374 454
f 352 456 448
f 458 400 404 446
f 457 410 415 441
f 449 353 352 448
f 353 449 440
f 351 453 456
f 410 457 2472
f 444 417 375 454
f 459 2551 2550 437
f 426 2551 459 439
f 579 589 643 642
f 1 460 2
f 462 5 9
f 461 1 5
f 466 14 17
f 19 2 468
f 462 9 10
f 476 465 466
f 469 468 478
f 476 466 467
f 473 462 463
f 472 461 462
f 468 2 471
f 467 470 479
f 488 478 471
f 484 474 475
f 486 476 477
f 472 473 483
f 460 472 481
f 489 490 479
f 489 479 478
f 491 477 479
f 501 488 480
f 480 492 493
f 484 485 498
f 492 480 481
f 489 488 502
f 500 486 487
f 496 482 483
f 494 481 482
f 483 484 497
f 490 513 514
f 513 490 502
f 500 491 512
f 504 494 495
f 503 490 514
f 499 500 510
f 497 498 507
f 492 515 516
f 521 502 501
f 497 507 520
f 505 496 518
f 492 494 517
f 513 531 514
f 518 496 506
f 501 493 516
f 504 505 524
f 506 527 518
f 510 525 526
f 510 511 528
f 501 530 521
f 511 512 529
f 513 522 531
f 517 504 523
f 519 2418 497
f 523 533 517
f 516 536 530
f 514 532 537
f 515 536 516
f 524 539 523
f 528 540 525
f 520 544 543
f 521 546 538
f 543 542 534
f 548 555 561
f 550 551 558
f 559 558 551
f 554 557 552
f 555 548 550
f 556 553 552
f 552 557 556
f 540 545 554
f 533 539 558
f 538 559 556
f 542 555 560
f 561 543 544
f 2417 383 89
f 474 473 463
f 598 643 589
f 570 579 642 641
f 563 570 641 640
f 628 563 640 646
f 623 615 644 645
f 588 597 598 589
f 564 569 570 563
f 579 570 569
f 564 563 628 629
f 606 605 615 616
f 616 615 623 624
f 582 592 591 581
f 573 582 581 572
f 608 802 803 607
f 1575 630 565
f 608 607 634 635
f 635 634 617 618
f 583 593 592 582
f 617 625 618
f 574 583 582 573
f 566 574 573 565
f 566 565 630 631
f 619 618 625 626
f 608 609 801
f 635 636 609
f 584 594 593 583
f 575 584 583 574
f 610 609 636 637
f 631 632 566
f 609 610 800
f 781 789 619 788
f 585 595 594 584
f 576 585 584 575
f 567 576 575 566
f 804 800 610 611
f 611 610 637 638
f 638 637 620 621
f 655 592 593 694
f 577 586 585 576
f 595 585 586
f 612 611 638 639
f 632 633 567
f 611 612 804
f 578 587 586 577
f 602 659 657
f 568 578 577 567
f 659 602 601 660
f 621 622 639
f 660 601 600 676
f 643 598 599 590
f 642 643 590 580
f 641 642 580 571
f 640 641 571 562
f 646 640 562 627
f 315 647 681 325
f 604 614 644
f 676 680 660
f 657 690 691
f 603 592 655
f 327 682 647 315
f 353 440 673 652
f 649 303 295
f 342 346 674
f 337 342 670
f 296 678 679 295
f 332 337 675
f 652 671 350 353
f 332 677 678 296
f 671 674 346 350
f 677 668 667 678
f 678 667 666 679
f 669 668 677 675
f 670 674 654
f 673 440 672
f 667 664 665 666
f 654 671 653
f 663 664 667 668
f 651 650 673 672
f 662 663 668 669
f 661 662 669 670
f 647 684 658 681
f 685 682 648
f 682 683 684 647
f 666 599 598 686
f 303 649 648
f 683 591 603 684
f 685 648 649 686
f 326 325 681 687
f 666 665 599
f 687 681 688 689
f 689 688 676 600
f 659 660 694 693
f 688 658 680 676
f 690 692 691
f 692 690 586 596
f 694 593 594
f 690 693 595 586
f 693 694 594 595
f 702 703 664 663
f 652 650 695 698
f 701 702 663 662
f 696 695 650 651
f 700 701 661 654
f 662 661 701
f 699 700 654 653
f 698 699 653 652
f 664 703 704 665
f 707 708 701 700
f 706 707 700 699
f 705 706 699 698
f 711 712 704 703
f 710 711 703 702
f 709 710 702 701
f 717 716 720 721
f 714 719 715
f 714 718 722 723
f 719 714 723 724
f 725 726 721
f 726 725 730 731
f 1587 725 720
f 724 723 727 728
f 731 730 735 1652
f 729 730 725
f 732 733 727
f 728 727 733 734
f 733 736 737 734
f 1619 735 729
f 736 733 732
f 736 740 741 737
f 738 735 1619
f 738 739 735
f 738 742 743 739
f 718 713 708 707
f 722 718 707 706
f 705 727 722 706
f 736 732 705 696
f 732 727 705
f 704 712 580 590
f 665 704 590 599
f 746 747 712 711
f 745 746 711 710
f 744 745 710 709
f 778 772 805 806
f 750 751 747 746
f 755 810 809 756
f 749 750 746 745
f 748 749 745 744
f 809 757 756
f 772 796 808 805
f 795 755 765 773
f 1624 1620 755 795
f 760 761 751 750
f 759 760 750 749
f 765 756 757 766
f 758 759 749 748
f 762 758 748 752
f 763 762 752 753
f 1621 1624 795 773
f 797 770 761 760
f 798 797 760 759
f 799 798 759 758
f 796 799 762 763
f 758 762 799
f 794 775 620 789
f 773 779 1622
f 774 780 779
f 1623 1622 779 786
f 780 774 794
f 768 767 777
f 785 771 778
f 786 779 780 787
f 783 784 770 769
f 788 787 780 781
f 782 783 769 768
f 789 635 618 619
f 792 787 788 793
f 777 771 785
f 787 792 786
f 793 788 619 626
f 637 636 789 620
f 782 777 790
f 775 776 621
f 796 763 754 808
f 768 769 797 798
f 770 797 769
f 767 768 798 799
f 775 794 774
f 796 772 771 799
f 605 628 646 644
f 800 804 632
f 802 801 631
f 644 646 627 604
f 629 628 605 606
f 801 800 632
f 747 571 580 712
f 803 802 630
f 804 613 633
f 751 562 571 747
f 562 751 761 627
f 770 604 627 761
f 784 614 604 770
f 791 778 806 807
f 1620 1637 810 755
f 753 764 754 763
f 765 766 776
f 614 811 815 645
f 645 815 623
f 793 820 792
f 783 782 816
f 623 812 624
f 817 811 614 784
f 790 785 818
f 1625 1623 786 819
f 617 813 625
f 814 820 793 626
f 625 814 626
f 829 819 792 830
f 825 826 783 816
f 817 783 826
f 623 821 812
f 824 825 816 790
f 814 823 820
f 827 824 790 818
f 807 831 828 791
f 828 827 818 791
f 814 625 822 823
f 834 822 813 833
f 819 829 1625
f 820 837 830
f 840 841 825 824
f 831 836 828
f 827 828 836
f 822 834 823
f 815 835 821
f 843 838 811 817
f 845 844 829 830
f 1626 829 844
f 835 811 838
f 842 843 817 826
f 841 842 826 825
f 821 839 832
f 864 854 852 865
f 849 852 851
f 848 850 853
f 849 847 866
f 848 880 856
f 854 863 862
f 854 864 863
f 880 858 857
f 870 869 858 859
f 859 853 860
f 856 596 855
f 864 871 863
f 876 861 862 877
f 866 568 865
f 568 867 578
f 867 855 872 578
f 877 862 863 878
f 874 873 869 870
f 868 869 873
f 857 692 596
f 875 874 870 860
f 871 865 879
f 876 875 860 861
f 882 881 873 884
f 866 847 867
f 848 856 855
f 880 853 859
f 853 851 861
f 578 872 587
f 873 874 884
f 883 873 881
f 883 657 691 868
f 657 883 656
f 1359 1342 1349 1353
f 633 879 568
f 613 1647 1733
f 917 894 892
f 1223 895 891
f 1220 888 941
f 1221 886 937
f 915 887 943
f 933 889 916
f 938 937 886
f 898 891 895
f 1222 934 940
f 928 924 941
f 1261 931 927
f 943 909 928
f 905 903 914
f 926 907 906
f 911 961 908
f 910 904 924
f 909 913 910
f 910 919 904
f 893 917 918
f 923 921 953
f 922 923 956
f 957 929 908
f 906 1227 913
f 919 914 903
f 955 958 930
f 1230 906 909
f 932 926 925
f 1229 903 931
f 952 942 930
f 918 892 933
f 890 891 898
f 1225 893 934
f 936 889 887
f 938 932 925
f 897 885 931
f 921 920 953
f 934 918 916
f 936 916 889
f 1220 940 888
f 902 935 885
f 1262 902 897
f 940 936 915
f 891 890 933
f 940 916 936
f 886 890 899
f 1230 1221 937
f 939 915 943
f 941 915 939
f 920 942 952
f 957 955 944
f 944 950 949
f 929 949 948
f 947 946 923
f 921 946 945
f 945 951 942
f 956 954 1258
f 961 926 957
f 960 952 1264
f 932 1265 958
f 954 953 1258
f 926 932 955
f 1265 1264 952
f 913 962 910
f 912 914 962
f 1261 897 931
f 930 951 950
f 1011 969 1012
f 996 976 974
f 1234 1233 975
f 1018 965 967
f 1237 966 1014
f 1005 995 1012
f 1016 1014 966
f 1010 985 972
f 1030 1006 1003
f 1002 989 988
f 1001 988 991
f 1041 1040 990
f 992 1236 1009
f 1007 991 992
f 991 994 992
f 967 995 1005
f 1040 1036 1004
f 989 1041 988
f 1003 1008 986
f 1034 1037 1017
f 1001 1007 1015
f 970 973 982
f 980 1010 972
f 979 996 1011
f 1016 1002 1014
f 1266 980 1013
f 966 970 983
f 1032 998 997
f 1237 1232 970
f 1013 971 965
f 1010 980 1266
f 974 969 1011
f 973 970 1232
f 1035 1000 998
f 1013 965 1008
f 1038 997 1019
f 1013 1006 1271
f 1019 1017 1031
f 1036 1034 1020
f 997 1027 1021
f 1367 1024 1000
f 1020 1030 1026
f 990 1025 993
f 1004 1026 1025
f 1017 1028 1030
f 1017 1029 1028
f 1024 1022 998
f 1022 1027 998
f 1021 1029 1019
f 1274 1035 1033
f 1270 1039 1035
f 1031 1037 1273
f 989 1275 1036
f 1033 1032 1269
f 1268 1038 1031
f 1034 1273 1037
f 1032 1038 1268
f 1041 989 1040
f 1072 1052 1051
f 1242 1054 1055
f 1241 1053 1050
f 1245 1089 1044
f 1084 1044 1059
f 1057 1050 1053
f 1056 1088 1043
f 1054 1049 1060
f 1067 1062 1083
f 1280 1092 1079
f 1085 1066 1067
f 1243 1061 1076
f 1078 1064 1244
f 1066 1070 1067
f 1103 1082 1073
f 1066 1244 1070
f 1097 1079 1063
f 1064 1069 1244
f 1079 1076 1061
f 1245 1077 1085
f 1086 1067 1083
f 1058 1090 1050
f 1056 1060 1049
f 1059 1078 1084
f 1089 1048 1044
f 1092 1043 1076
f 1045 1046 1071
f 1055 1072 1071
f 1240 1055 1046
f 1091 1240 1045
f 1086 1071 1089
f 1048 1090 1058
f 1060 1056 1277
f 1051 1047 1071
f 1105 1075 1082
f 1044 1048 1058
f 1276 1056 1092
f 1102 1073 1087
f 1083 1091 1086
f 1080 1104 1081
f 1099 1093 1073
f 1081 1098 1097
f 1065 1096 1068
f 1080 1097 1096
f 1095 1099 1082
f 1093 1100 1087
f 1279 1105 1103
f 1064 1281 1080
f 1281 1283 1104
f 1278 1103 1102
f 1106 1064 1065
f 1282 1102 1101
f 1069 1106 1068
f 1068 1063 1109
f 1063 1061 1109
f 1109 1244 1069
f 1108 1109 1061
f 1104 1101 1087
f 1081 1087 1100
f 1253 1252 1115
f 1247 1112 1152
f 1255 1253 1111
f 1284 1151 1123
f 1129 1128 1148
f 1172 1171 1131
f 1141 1132 1133
f 1168 1137 1136
f 1143 1148 1128
f 1173 1145 1159
f 1289 1123 1143
f 1146 1133 1140
f 1255 1147 1141
f 1146 1149 1152
f 1115 1118 1125
f 1116 1151 1127
f 1122 1135 1150
f 1154 1142 1147
f 1150 1134 1113
f 1251 1122 1113
f 1158 1141 1146
f 1155 1134 1156
f 1123 1157 1148
f 1112 1134 1155
f 1127 1151 1166
f 1119 1114 1134
f 1151 1116 1110
f 1118 1115 1252
f 1248 1113 1112
f 1111 1115 1126
f 1153 1111 1154
f 1123 1110 1157
f 1170 1159 1144
f 1137 1166 1165
f 1138 1285 1166
f 1159 1167 1163
f 1144 1163 1162
f 1145 1164 1167
f 1145 1136 1164
f 1160 1164 1136
f 1137 1165 1160
f 1288 1139 1169
f 1168 1173 1291
f 1130 1142 1171
f 1142 1291 1173
f 1172 1130 1171
f 1287 1169 1168
f 1174 1133 1132
f 1133 1128 1129
f 1254 1148 1157
f 1208 1177 1176
f 1182 1181 1199
f 1210 1183 1191
f 1189 1218 1186
f 1188 1182 1200
f 1198 1187 1188
f 1218 1215 1186
f 1184 1193 1187
f 1210 1195 1183
f 1185 1192 1193
f 1195 1199 1181
f 1215 1216 1196
f 1212 1197 1195
f 1188 1200 1201
f 1175 1205 1178
f 1180 1176 1206
f 1197 1175 1199
f 1205 1207 1194
f 1209 1179 1197
f 1175 1178 1201
f 1203 1194 1208
f 1201 1178 1194
f 1202 1185 1184
f 1196 1212 1210
f 1186 1210 1211
f 1214 1209 1213
f 1202 1180 1204
f 1217 1214 1180
f 1185 1202 1216
f 1192 1185 1218
f 1202 1204 1216
f 1192 1211 1219
f 1211 1191 1219
f 1191 1181 1219
f 1219 1187 1192
f 1219 1190 1187
f 1219 1181 1182
f 1176 1184 1198
f 1216 1204 1196
f 1202 1184 1176
f 1212 1213 1197
f 1201 1199 1175
f 1208 1198 1203
f 1196 1204 1213
f 896 1224 1225
f 894 1223 1226
f 885 1220 1231
f 943 887 1221
f 933 1228 889
f 906 907 1227
f 937 925 1230
f 892 1226 933
f 887 1228 1221
f 935 1222 1220
f 935 1225 1222
f 943 1221 1230
f 907 963 1227
f 962 1227 963
f 941 1229 1231
f 978 1233 1234
f 976 977 1235
f 1015 1012 1237
f 1009 1236 1238
f 1234 968 971
f 1012 1232 1237
f 1235 1232 969
f 994 988 1041
f 994 986 1236
f 1018 1009 1238
f 1043 1091 1246
f 1090 1048 1047
f 1062 1243 1246
f 1077 1244 1066
f 1242 1240 1049
f 1088 1240 1091
f 1089 1047 1048
f 1117 1250 1251
f 1110 1247 1254
f 1158 1156 1253
f 1116 1251 1248
f 1149 1140 1254
f 1147 1130 1141
f 1249 1252 1119
f 1156 1114 1253
f 1110 1248 1247
f 945 1262 1256
f 950 1261 927
f 949 927 905
f 951 1263 1261
f 946 1257 1262
f 1256 1263 951
f 898 1260 1258
f 960 1264 938
f 1258 960 900
f 932 938 1265
f 1027 1272 1021
f 1026 1003 1025
f 1028 1271 1030
f 1267 1010 1024
f 1027 1266 1272
f 1010 1266 1022
f 1021 1271 1029
f 982 1274 1269
f 1270 1274 982
f 989 1002 1275
f 984 1268 1273
f 1269 1268 983
f 1041 993 1042
f 1002 1016 1273
f 1277 1276 1093
f 1368 1060 1095
f 1098 1280 1097
f 1060 1277 1099
f 1057 1279 1278
f 1064 1078 1281
f 1058 1278 1282
f 1059 1282 1283
f 1069 1068 1109
f 1098 1100 1276
f 1078 1059 1283
f 1167 1289 1143
f 1163 1143 1128
f 1166 1284 1165
f 1160 1284 1290
f 1125 1288 1287
f 1286 1291 1154
f 1126 1287 1286
f 1164 1290 1289
f 1142 1154 1291
f 1297 1295 999
f 1224 1292 893
f 1293 1257 947
f 1288 1300 1138
f 1023 999 1295
f 1293 947 922
f 1299 1161 1138
f 1257 1293 901
f 1298 1094 1074
f 1249 1120 1121
f 959 1294 922
f 1072 1055 1320
f 1602 1298 1074
f 1603 1308 1307
f 1121 1336 1331
f 1296 1295 1603
f 1604 1313 1311
f 1294 1304 1303
f 1314 1550 1313
f 1304 1326 1323
f 1313 1328 1311
f 1337 1344 1350
f 1332 1342 1315
f 1365 1338 1345 1363
f 1306 1363 1345
f 1551 1346 1351
f 1363 1301 1365
f 1361 1321 1364
f 1350 1351 1320
f 1365 1301 1316
f 823 1373 1379 837
f 1330 1310 1346
f 901 902 1257
f 1259 959 956
f 895 1259 1260
f 982 973 977
f 978 985 1267
f 1053 1107 1105
f 1094 1095 1075
f 999 1000 1039
f 1023 1267 1367
f 1090 1241 1050
f 999 1023 1367
f 1138 1161 1285
f 978 972 985
f 1094 1368 1095
f 1051 1241 1090
f 1049 1054 1242
f 1074 1075 1105
f 1119 1120 1249
f 1288 1138 1139
f 1118 1121 1125
f 1377 1375 840 827
f 841 840 1375
f 838 843 1376
f 1372 834 833 1371
f 1378 1377 827 836
f 846 1378 836
f 1373 823 834 1372
f 1369 839 835 1374
f 1370 832 839 1369
f 1386 1385 1377 1378
f 1387 1628 1626 844
f 1388 1387 844 845
f 1374 838 1380
f 1383 1384 842 841
f 1376 842 1384
f 1388 845 1379
f 1378 846 1389 1386
f 1375 1377 1385
f 1371 1381 1372
f 1391 1370 1369 1390
f 1395 1394 1385 1386
f 1396 1379 1382
f 1380 1376 1393
f 1375 1385 1394
f 1397 1395 1386
f 1407 1406 1387 1388
f 1372 1392 1382
f 1402 1403 1384 1383
f 1393 1384 1403
f 1407 1388 1396
f 1401 1402 1383 1375
f 1404 1401 1375 1394
f 1395 1397 1408 1405
f 1381 1399 1392
f 1406 1629 1628 1387
f 1394 1395 1405
f 1416 1630 1629 1406
f 1382 1413 1417 1396
f 1400 1380 1409
f 1400 1410 1390
f 1390 1410 1398
f 1412 1392 1399 1411
f 1401 1404 1414
f 1405 1408 1595 1415
f 1415 1414 1404 1405
f 1413 1382 1392 1412
f 1421 1422 1402 1401
f 1403 1402 1422
f 1424 1421 1401 1414
f 1409 1393 1423
f 1425 1424 1414 1415
f 1417 1436 1435 1407
f 1412 1419 1413
f 1400 1420 1410
f 1413 1431 1436 1417
f 1430 1419 1411 1429
f 1426 1409 1423
f 1421 1424 1433
f 1431 1413 1419 1430
f 1407 1435 1434 1416
f 1428 1418 1410 1427
f 1423 1403 1432
f 1431 1440 1446 1436
f 1442 1443 1422 1421
f 1444 1442 1421 1433
f 1439 1430 1429 1438
f 1425 1437 1447 1445
f 1445 1444 1433 1425
f 1440 1431 1430 1439
f 1423 1453 1448 1426
f 1632 1631 1434
f 1441 1420 1426
f 1420 1441 1427
f 1432 1422 1443
f 1434 1455 1633 1632
f 1442 1444 1454
f 1450 1428 1427 1449
f 1455 1434 1435
f 1453 1423 1432
f 1456 1449 1441 1460
f 1455 1435 1446
f 1432 1443 1452
f 1454 1445 1463
f 1439 1459 1451
f 1633 1455 1464
f 1460 1441 1448
f 1457 1450 1449 1456
f 1453 1432 1462
f 1446 1466 1465 1455
f 1459 1439 1438 1458
f 1466 1446 1451
f 1452 1442 1461
f 1451 1468 1472 1466
f 1465 1466 1472
f 1462 1452 1483
f 1470 1469 1461 1454
f 1452 1461 1469
f 1467 1448 1453
f 1471 1470 1454 1463
f 1473 1471 1463
f 1479 1480 1453 1462
f 1475 1457 1456 1474
f 1477 1459 1458 1476
f 1474 1456 1460 1478
f 1459 1477 1468
f 1478 1460 1467
f 1472 1487 1486 1465
f 1468 1482 1487 1472
f 1479 1483 1484
f 1485 1635 1634 1464
f 1486 1485 1464 1465
f 1471 1481 1493 1492
f 1488 1467 1480
f 1492 1491 1470 1471
f 1502 1488 1480 1479
f 1490 1478 1467
f 1478 1490 1474
f 1482 1498 1506 1487
f 1500 1483 1491
f 1507 1504 1492
f 1490 1499 1494
f 1483 1500 1501 1484
f 1556 1609 1347 1610
f 1309 1320 1352
f 975 1363 1306
f 1352 1320 1351
f 1233 978 895
f 1135 1366 1330
f 977 976 1320
f 1310 1330 1366
f 1315 1120 1332
f 1117 1053 1241
f 1508 1511 1495
f 1499 1508 1494
f 1179 1513 1514
f 1206 1177 1515
f 1217 1180 1516
f 1205 1175 1514
f 1209 1520 1513
f 1516 1206 1519
f 1520 1209 1214
f 1517 1518 1214
f 1515 1207 1522
f 1522 1207 1205
f 1521 1205 1514
f 1517 1523 1518
f 1523 1517 1516
f 1525 1515 1522
f 1519 1515 1525
f 1523 1519 1524
f 1520 1527 1513
f 1523 1531 1526
f 1531 1523 1524
f 1529 1525 1522
f 1528 1524 1525
f 1522 1521 1533
f 1521 1514 1319
f 1520 1537 1527
f 1536 1530 1528
f 1527 1319 1514
f 1537 1520 1526
f 1531 1538 1532
f 1538 1531 1530
f 1535 1529 1522
f 1534 1528 1529
f 1319 1318 1533
f 1542 1541 1340
f 1541 1540 1333
f 1540 1539 1339
f 1544 1543 1541
f 1547 1324 1358 1612
f 1335 1553 1355 1364
f 977 1054 1368
f 1259 895 978
f 1023 959 1259
f 1023 1296 1294
f 1326 1341 1608
f 1334 1333 1527
f 981 1368 1094
f 1053 1117 1127
f 1161 1299 1107
f 1604 1107 1299
f 1328 1327 1308
f 1312 1308 1603
f 1297 1039 1094
f 1124 1331 1550
f 1316 917 1292
f 1350 1305 1306
f 1336 1121 1315
f 1551 1351 1321 1354
f 1353 1349 1551
f 1321 1361 1354
f 1613 1615 1546 1547
f 1331 1317 1550
f 1360 1535 1522 1554
f 1343 1334 1532
f 1538 1536 1605
f 1325 1605 1536
f 1325 1534 1535
f 1610 1347 1318 1510
f 1609 1556 1356
f 1552 1357 1362
f 1317 1336 1552
f 304 303 327 390
f 1501 1551 1354
f 1496 1476 1583
f 682 327 303
f 226 1566 1565 214
f 311 450 451
f 287 389 308
f 287 385 286
f 2459 385 380
f 1564 202 214
f 224 1566 1567 236
f 249 236 1567 251
f 597 588 1573 591
f 251 262 261
f 248 237 235
f 211 213 194
f 169 138 144
f 141 144 137
f 140 141 136
f 588 579 581 1573
f 579 569 572 581
f 569 564 1574 572
f 565 1574 629 1575
f 607 1576 1577 634
f 1576 607 803
f 813 617 1578 1579
f 812 832 1580 1579
f 1566 224 212 1565
f 1580 1581 833
f 1581 1371 833
f 1503 1504 1601
f 327 319 390
f 319 322 390
f 308 389 311
f 381 286 385
f 94 115 93
f 2408 115 95
f 142 144 140
f 170 175 145
f 183 191 1564
f 189 1564 1565
f 1566 226 238 1567
f 237 1568 223 235
f 250 248 261
f 211 1568 225 213
f 591 683 685 597
f 190 176 1569
f 169 175 176
f 128 129 125
f 84 87 275
f 1571 68 271
f 71 73 76
f 1576 606 616 1577
f 581 591 1573
f 78 80 272 271
f 606 1576 1575
f 1578 617 634 1577
f 1579 1578 624 812
f 1579 1580 833 813
f 808 754 1588 1592
f 832 1370 1581
f 1553 1508 1355
f 1512 1354 1361
f 1500 1503 1353
f 1489 1495 1584
f 1475 1489 1583
f 724 1587 719
f 805 808 1592 1589
f 807 806 1590 1591
f 1589 1590 806
f 831 807 1591 1593
f 1594 846 831 1593
f 1598 1473 1463 1597
f 1397 1594 1408
f 1425 1595 1437
f 1447 1596 1597
f 1599 1493 1481 1598
f 1601 1359 1353 1503
f 1554 1522 1533 1318
f 1312 1602 1604
f 1618 1293 1303
f 1310 1052 1309
f 1314 1604 1300
f 1293 922 1303
f 1320 976 1350
f 1305 1350 976
f 1305 976 996
f 1296 1603 1307
f 1363 1223 1301
f 1301 1223 894
f 1301 894 917
f 896 1302 1224
f 1304 1294 1296
f 1298 1602 1603
f 1554 1347 1348 1360
f 1606 1607 1605
f 1606 1325 1360
f 1553 1335 1348
f 1627 1359 1601
f 1357 1627 1638 1560
f 1335 1338 1322 1348
f 1322 1338 1316
f 1560 1558 1549 1357
f 1322 1606 1348
f 1322 1302 1606
f 1338 1335 1364
f 1324 1317 1555
f 1555 1362 1358
f 1585 1510 1557 1562
f 1548 1549 1558
f 1548 1559 1561
f 1545 1561 1562
f 1563 1610 1510 1585
f 1318 1339 1539 1510
f 1556 1610 1563
f 1611 1362 1357
f 1364 1321 1337 1345
f 1548 1611 1549
f 1362 1611 1612
f 1543 1546 1615
f 1616 1541 1543
f 1613 1612 1611
f 1548 1614 1615
f 1614 1616 1615
f 1557 1617 1614
f 1541 1616 1540
f 1616 1617 1539
f 1617 1557 1510
f 1324 1547 1329 1550
f 1330 1346 1349
f 1342 1330 1349
f 1324 1550 1317
f 729 728 734 1619
f 1546 1544 1327
f 1544 1542 1327
f 1326 1327 1542
f 1302 1618 1607
f 719 720 1586
f 728 729 1587
f 734 737 738 1619
f 1592 1588 1620 1624
f 741 738 737
f 1590 1589 1622 1623
f 1624 1621 1589
f 1621 1622 1589
f 1629 1408 1594 1628
f 1637 1620 1588
f 1623 1625 1591
f 1593 1625 1626
f 1552 1359 1627
f 1594 1626 1628
f 1630 1595 1408 1629
f 1632 1596 1437 1631
f 1595 1630 1631
f 1633 1597 1596 1632
f 1634 1598 1597 1633
f 1511 1356 1556 1509
f 1598 1634 1635
f 1599 1635 1636
f 1359 1552 1336 1315
f 1356 1511 1508
f 1458 1438 1639 1582
f 1428 1450 1639 1640
f 1418 1428 1640 1641
f 1411 1399 1642 1641
f 1582 1639 1450 1457
f 1643 1642 1399
f 1641 1640 1429 1411
f 1642 1643 1391 1398
f 1398 1418 1641
f 1371 1581 1643 1381
f 1583 1582 1475
f 1361 1488 1502 1512
f 1370 1643 1581
f 1457 1475 1582
f 1348 1347 1609
f 1605 1607 1608
f 1341 1334 1343
f 1341 1340 1334
f 1333 1339 1319
f 1347 1554 1318
f 1645 1496 1584
f 1644 1497 1496
f 1498 1562 1561
f 1505 1561 1559
f 1636 1560 1600
f 1646 1584 1495
f 1476 1496 1497
f 1491 1492 1504
f 1477 1497 1498
f 1499 1490 1488
f 1474 1494 1489
f 1505 1486 1506
f 1507 1599 1600
f 1560 1638 1507
f 1499 1488 1361
f 1562 1498 1644
f 1509 1646 1511
f 1585 1644 1645
f 1636 1485 1559
f 1502 1354 1512
f 1647 613 639 1649
f 1638 1601 1504
f 1563 1645 1646
f 1323 1608 1607
f 731 1652 726
f 1649 639 622 1648
f 1648 622 776 1654
f 717 721 1651 1650
f 1662 1652 739 1663
f 1658 1649 1648 1657
f 757 1655 1667 1664
f 1659 1651 726 1660
f 766 757 1664 1665
f 1660 726 1652 1661
f 1654 766 1665 1666
f 1656 1647 1649 1658
f 1652 1662 1661
f 1657 1648 1654 1666
f 1669 1657 1666 1673
f 1677 1658 1669 1676
f 1657 1669 1658
f 1653 1672 1663
f 1659 1670 1650
f 1661 1671 1660
f 1665 1673 1666
f 1670 1659 1679 1678
f 1659 1660 1680 1679
f 1674 1682 1664
f 1665 1664 1682 1683
f 1675 1668 1658 1677
f 1662 1681 1671
f 1685 1676 1673 1691
f 1686 1677 1676 1685
f 1679 1680 1688 1687
f 1680 1671 1689 1688
f 1689 1671 1681 1690
f 1683 1691 1673
f 1684 1675 1677 1686
f 1683 1682 1699 1700
f 1687 1694 1678
f 1692 1699 1682
f 1688 1689 1696 1695
f 1691 1683 1700 1701
f 1689 1690 1697 1696
f 1697 1690 1698 1706
f 1686 1693 1684
f 1701 1703 1685
f 1693 1703 1708 1709
f 1695 1704 1687
f 1697 1705 1696
f 1693 1709 1702
f 1701 1708 1703
f 1695 1696 1712 1711
f 1704 1710 1694
f 1699 1714 1700
f 1712 1705 1731 1730
f 1709 1716 1715
f 1706 1719 1713
f 1711 1718 1704
f 1725 1708 1722 1732
f 713 744 709 708
f 1713 1731 1705
f 1708 1725 1716
f 613 1733 879 633
f 1734 1733 1656 1668
f 871 879 1733
f 1647 1656 1733
f 1745 1750 1758 1759
f 1758 1735 1684 1702
f 1735 1758 1750 1754
f 1735 1736 1675 1684
f 1754 1756 1735
f 1736 1735 1756 878
f 877 1744 1740
f 1742 1751 1747 1746
f 1751 1742 1739
f 1748 1740 1744 1749
f 1736 1734 1668 1675
f 1743 1757 875 1747
f 1738 1752 884 1743
f 1734 1736 878 871
f 1749 1753 1748
f 1756 1754 1744 877
f 874 1757 884
f 878 1756 877
f 1754 1750 1749 1744
f 1753 1749 1750 1745
f 1741 1745 1759 1760
f 1745 1741 1753
f 1748 1755 1717 1746
f 876 1740 875
f 1746 1747 1748
f 1767 1763 1764 1768
f 1707 1761 1699
f 1765 1766 1769 1768
f 1720 1763 1762 1737
f 1771 1770 1767
f 1773 1726 1717 1772
f 1753 1774 1755
f 1773 1763 1720 1726
f 1715 1724 1760
f 1778 1760 1724 1775
f 1774 1772 1755
f 1721 1776 1732
f 1760 1778 1741
f 1764 1763 1773 1777
f 1772 1777 1773
f 1710 1718 1728 1727
f 1714 1722 1701
f 1718 1711 1729 1728
f 1739 1742 1720 1737
f 1712 1729 1711
f 1742 1726 1720
f 1726 1742 1746 1717
f 1781 1716 1725 1782
f 1702 1715 1759
f 1761 1721 1714
f 1777 1772 1780 1779
f 1764 1777 1779 1765
f 1772 1774 1783 1780
f 1784 1785 1776 1721
f 1716 1781 1775
f 1727 1728 1788 1787
f 1721 1761 1784
f 1723 1784 1761
f 1789 1713 1719 1790
f 1730 1788 1729
f 1794 1731 1789 1795
f 1787 1788 1792 1791
f 1730 1731 1794 1793
f 1788 1730 1793 1792
f 1785 1784 1723 1801
f 1790 1795 1789
f 1786 1785 1801 1802
f 1973 1800 1809 1808
f 1974 1975 1805 1804
f 1805 1975 1976 1806
f 1976 1977 1807 1806
f 1803 1786 1802 1810
f 1977 1973 1808 1807
f 1811 1803 1810 1812
f 1813 1814 1821 1820
f 1814 1815 1822 1821
f 1816 1817 1824 1823
f 1815 1823 1822
f 1817 1818 1825 1824
f 1820 1821 1829 1828
f 1821 1822 1830 1829
f 1827 1819 1826 1834
f 1822 1823 1831 1830
f 1823 1824 1832 1831
f 1824 1825 1833 1832
f 1828 1829 1837 1836
f 1833 1841 1832
f 1829 1830 1838 1837
f 1835 1827 1834 1842
f 1830 1831 1839 1838
f 1831 1832 1841 1840
f 1840 1839 1831
f 1841 1833 1850 1849
f 1836 1837 1845 1844
f 1837 1838 1846 1845
f 1843 1835 1842 1851
f 1838 1839 1847 1846
f 1839 1840 1848 1847
f 1845 1846 1855 1854
f 1849 1848 1840
f 1852 1843 1851 1859
f 1846 1847 1856 1855
f 1844 1845 1854 1853
f 1857 1856 1847
f 1858 1857 1848
f 1850 1858 1849
f 1853 1854 1862 1861
f 1860 1852 1859 1866
f 1869 1781 1782 1870
f 1864 1863 1857
f 1850 1865 1864
f 1873 1867 1868 1878
f 1781 1869 1871
f 1875 1870 1867 1873
f 1877 1872 1871 1876
f 1874 1869 1870 1875
f 1876 1871 1869 1874
f 1884 1878 1879 1885
f 1887 1881 1878 1884
f 1886 1880 1881 1887
f 1882 1888 1889
f 1884 1885 1891 1890
f 1880 1886 1888
f 1887 1884 1890 1893
f 1886 1887 1893 1892
f 1894 1895 1889
f 1890 1891 1897 1896
f 1892 1894 1888
f 1895 1894 1899 1900
f 1894 1892 1898 1899
f 1893 1898 1892
f 1896 1897 1902 1901
f 1893 1896 1901 1903
f 1878 1868 1803 1811
f 1899 1904 1900
f 1985 1992 1984
f 1786 1803 1868
f 1879 1819 1827 1885
f 1885 1827 1835 1891
f 1891 1835 1843 1897
f 1897 1843 1852 1902
f 1902 1852 1860 1905
f 1945 1909 1914 1946
f 1952 1951 1911 1910
f 1953 1957 1910 1909
f 1911 1951 1956 1908
f 1916 1911 1908 1913
f 1917 1910 1911 1916
f 1917 1915 1910
f 1907 1945 1946 1912
f 1909 1910 1915 1914
f 1927 1922 1919 1924
f 1926 1921 1923 1928
f 1928 1923 1922 1927
f 1920 1921 1926 1925
f 1933 1927 1924 1930
f 1934 1928 1927 1933
f 1928 1934 1932
f 1918 1948 1949 1929
f 1925 1926 1932 1931
f 1933 1930 1936 1939
f 1938 1932 1934 1940
f 1940 1934 1933 1939
f 1929 1949 1950 1935
f 1937 1931 1932 1938
f 1939 1936 1941 1943
f 1944 1940 1939 1943
f 1947 1920 1925 1948
f 1948 1925 1931 1949
f 1949 1931 1937 1950
f 1966 1961 1959 1965
f 1961 1960 1958
f 1909 1945 1954 1953
f 1965 1969 1970
f 1955 1954 1945 1907
f 1791 1796 1975 1974
f 1800 1973 1799
f 1796 1797 1976 1975
f 752 748 744 713
f 1797 1798 1977 1976
f 1798 1799 1973 1977
f 1924 1889 1895 1930
f 1913 1908 1872 1877
f 1908 1956 1978 1872
f 1936 1900 1904 1941
f 1930 1895 1900 1936
f 1883 1889 1924
f 753 752 713 714
f 764 753 714 715
f 715 1586 754 764
f 1637 1586 716 810
f 1637 754 1586
f 810 716 717 809
f 1650 1655 809 717
f 1667 1650 1670 1674
f 1650 1667 1655
f 1707 1710 1727 1723
f 1678 1692 1674
f 1694 1707 1692
f 1723 1727 1787 1801
f 1801 1787 1791 1802
f 1802 1791 1974 1810
f 1810 1974 1804 1812
f 1826 1813 1820 1834
f 1834 1820 1828 1842
f 1842 1828 1836 1851
f 1851 1836 1844 1859
f 1853 1866 1859 1844
f 1942 1938 1940 1944
f 1901 1905 1981 1980
f 1903 1901 1980
f 1943 1982 1906 1944
f 1860 1981 1905
f 1983 1942 1944 1906
f 1941 1904 1985 1984
f 1984 1982 1943 1941
f 1866 1853 1861 1979
f 1969 1986 1987 1970
f 1992 1990 1982 1984
f 1986 1993 1994 1987
f 1987 1994 2945 2944
f 1993 1997 1998 1994
f 1904 1899 2001 1985
f 1985 2001 2002
f 1855 1856 1863 1972
f 1854 1855 1972 2003
f 1862 1854 2003 2004
f 2005 1862 2004 2015
f 2946 2945 1998
f 1861 2008 1979
f 2008 2007 1860 1979
f 2012 1991 1906 2006
f 1898 1903 2010 2009
f 2011 2006 1906 1990
f 1862 2005 1861
f 2016 1861 2005 2017
f 2010 1980 2020
f 1980 1981 2021 2020
f 2024 1998 2014
f 2011 1992 2023
f 2013 2002 2025
f 2022 2012 2006 2018
f 1981 2007 2019 2021
f 2009 2025 2002
f 2036 2028 3082 2054
f 2013 2023 1992
f 2054 2057 2039 2036
f 2058 2948 2947 3073
f 2040 2059 3074 2041
f 2026 2027 2045 3075
f 2045 2027 2043
f 2026 3075 3076 2030
f 2047 3077 3076 2048
f 2032 2029 3077 3078
f 2089 2090 2058 2074
f 2063 2078 2044
f 2083 2068 2069 2084
f 2072 2087 2085 2070
f 2076 2092 2088 2073
f 2090 2949 2948 2058
f 2086 2071 2064 2079
f 2092 2076 2068 2083
f 2067 2065 2080 2082
f 2087 2072 2073 2088
f 2081 2048 2044 2078
f 2048 2081 2080 2065
f 2070 2085 2079 2064
f 2101 2087 2088 2102
f 2085 2099 2096 2079
f 2093 2095 2063
f 2078 2094 2081
f 2066 2097 2098 2084
f 2094 2078 2063 2095
f 2087 2101 2099 2085
f 2090 2089 2103
f 2084 2098 2083
f 2092 2106 2102 2088
f 2100 2086 2079 2096
f 2082 2097 2066
f 2099 2112 2107 2096
f 2115 2116 2090 2103
f 2101 2114 2112 2099
f 2116 2951 2950 2090
f 2113 2100 2096 2107
f 2082 2080 2108 2110
f 2083 2111 2106
f 2109 2108 2080 2081
f 2093 2118 2095
f 2128 2114 2102 2129
f 2111 2133 2106
f 2120 2095 2118 2134
f 2109 2094 2119 2123
f 2123 2122 2108 2109
f 2112 2126 2121 2107
f 2124 2125 2098 2097
f 2094 2095 2120 2119
f 2128 2126 2112 2114
f 2106 2133 2129 2102
f 2130 2952 2951 2116
f 2127 2113 2107 2121
f 2110 2124 2097
f 2126 2144 2137 2121
f 2140 2143 2125 2124
f 2119 2120 2136 2135
f 2148 2149 2130 2115
f 2111 2125 2143 2142
f 2146 2144 2126 2128
f 2152 2147 2129 2133
f 2124 2110 2141 2140
f 2145 2127 2121 2137
f 2133 2111 2142 2152
f 2110 2122 2138 2141
f 2128 2129 2147 2146
f 2136 2120 2134 2153
f 2123 2119 2135 2139
f 2139 2138 2122 2123
f 2162 2145 2137 2156
f 2146 2147 2164 2163
f 2142 2164 2152
f 2157 2160 2141
f 2136 2153 2169 2155
f 2139 2135 2154 2158
f 2144 2161 2156 2137
f 2138 2139 2158
f 2154 2135 2136 2155
f 2143 2140 2159
f 2165 2166 2149 2148
f 2146 2163 2161 2144
f 2166 2953 2952 2149
f 2147 2152 2164
f 2140 2141 2160 2159
f 2161 2178 2172 2156
f 2182 2183 2166 2165
f 2177 2143 2159
f 2171 2170 2154
f 2176 2142 2143 2177
f 2163 2180 2178 2161
f 2183 2954 2953 2166
f 2179 2162 2156 2172
f 2160 2173 2175
f 2180 2163 2164 2181
f 2155 2169 2186 2171
f 2158 2154 2170 2174
f 2176 2194 2198 2181
f 2157 2158 2174
f 2200 2955 2954 2183
f 2192 2175 2173 2193
f 2179 2172 2189 2196
f 2197 2180 2181 2198
f 2173 2190 2193
f 2171 2186 2203 2188
f 2191 2174 2170 2187
f 2174 2191 2190 2173
f 2195 2189 2172 2178
f 2187 2170 2171 2188
f 2199 2200 2183 2182
f 2180 2197 2195 2178
f 2191 2208 2207 2190
f 2204 2187 2188 2205
f 2215 2216 2200 2199
f 2194 2211 2214 2198
f 2195 2197 2213
f 2216 2956 2955 2200
f 2209 2192 2193 2210
f 2196 2189 2206 2212
f 2210 2193 2190 2207
f 2197 2198 2214 2213
f 2205 2188 2203 2218
f 2208 2191 2187 2204
f 2234 2229 2214 2211
f 2231 2957 2956 2216
f 2224 2209 2210 2225
f 2212 2206 2221 2228
f 2225 2210 2207 2222
f 2220 2205 2218 2233
f 2223 2208 2204 2219
f 2208 2223 2222 2207
f 2227 2221 2206 2195
f 2209 2224 2226 2177
f 2219 2204 2205 2220
f 2230 2231 2216 2215
f 2236 2220 2233 2247
f 2177 2226 2211
f 2238 2223 2219 2235
f 2223 2238 2237 2222
f 2239 2242 2226 2224
f 2221 2227 2243
f 2235 2219 2220 2236
f 2211 2226 2242 2241
f 2244 2243 2227 2213
f 2248 2245 2229 2234
f 2239 2224 2225 2240
f 2248 2234 2211 2241
f 2240 2225 2222 2237
f 2213 2229 2245 2244
f 2241 2242 2257 2256
f 2264 2260 2245 2248
f 2243 2244 2259
f 2246 2261 2958 2957
f 2254 2239 2240 2255
f 2228 2221 2251 2258
f 2248 2241 2256 2264
f 2255 2240 2237 2252
f 2244 2245 2260 2259
f 2253 2238 2235 2249
f 2238 2253 2252 2237
f 2254 2257 2242 2239
f 2249 2235 2236 2250
f 2258 2261 2246 2230
f 2269 2253 2249 2265
f 2250 2281 2266
f 2253 2269 2268 2252
f 2274 2267 2251 2243
f 2270 2273 2257 2254
f 2265 2249 2250 2266
f 2258 2277 2278 2261
f 2256 2257 2273 2272
f 2280 2276 2260 2264
f 2261 2278 2959 2958
f 2254 2255 2271 2270
f 2258 2251 2267 2275
f 2264 2256 2272 2280
f 2255 2252 2268 2271
f 2272 2273 2290 2289
f 2293 2278 2277
f 2278 2293 2960 2959
f 2274 2259 2291
f 2270 2271 2288 2287
f 2271 2268 2285 2288
f 2259 2276 2292 2291
f 2283 2266 2281 2295
f 2286 2269 2265 2282
f 2269 2286 2285 2268
f 2287 2290 2273 2270
f 2282 2265 2266 2283
f 2838 2970 2932 2942
f 2303 2335 2325 2300
f 2289 2290 2300 2325
f 2290 2309 2301 2300
f 2324 2301 2309 2310
f 2302 2301 2324 2927
f 2304 2305 2319 2318
f 2292 2312 2291
f 2320 2306 2312
f 2313 2326 2328 2314
f 2302 2303 2300 2301
f 2328 2961 2314
f 2326 2313 2306 2320
f 2331 2292 2311 2325
f 2324 2310 2307 2321
f 2305 2317 2332 2319
f 2308 2304 2318 2322
f 2322 2321 2307 2308
f 2338 2331 2325 2334
f 2320 2333 2337
f 2892 2890 2889 2891
f 2874 2302 2927
f 2832 2841 2826
f 2325 2335 2334
f 2336 2320 2327
f 3 1 4
f 9 5 7
f 8 7 28
f 20 21 34
f 2375 2341 2351
f 2374 2340 2349
f 2352 2380 2363
f 2348 2339 2369
f 2367 2365 2370
f 2355 2354 2377
f 2358 2375 2376
f 2797 2360 2350
f 2352 2347 2380
f 2350 2360 2379
f 2405 2403 2384
f 2404 2406 2396
f 2397 2382 2395
f 90 365 274 1570
f 2403 2407 2384
f 2391 2390 2402
f 2392 2403 2405
f 2389 2385 2406
f 2410 2409 2442
f 116 2408 2412
f 3124 48 60
f 2409 38 2415
f 101 124 110
f 76 1572 77
f 101 2419 124
f 108 109 117
f 104 93 92
f 93 104 94
f 135 127 128
f 3083 16 15
f 27 15 2414
f 58 57 66
f 98 59 47
f 271 272 1571
f 89 2416 2417
f 55 2410 2442
f 15 26 2442
f 506 2418 527
f 539 542 560
f 545 541 557
f 272 273 72
f 281 277 276
f 100 93 115
f 276 154 280
f 2429 280 154
f 94 104 103
f 2412 54 2411
f 2422 127 2413
f 275 72 273
f 2427 2438 2439
f 2444 281 2428
f 2443 2432 2433
f 2431 2432 2443
f 2445 2431 2430
f 2439 89 2427
f 2462 2441 2439
f 86 65 2440
f 2440 2437 86
f 82 76 77
f 270 76 82
f 2439 88 2416 89
f 1570 275 90
f 83 428 427 82
f 25 2442 26
f 2435 2444 2428
f 280 2443 2428
f 2430 2443 2429
f 2409 59 38
f 2411 54 2410
f 2427 89 282
f 282 89 2446
f 2457 2456 2449 2448
f 2446 382 381
f 2431 2459 384
f 2421 2423 129
f 2423 2434 129
f 59 48 38
f 280 2428 276
f 72 275 87
f 2450 2451 2549 2548
f 282 2446 283 2460
f 391 2454 2453
f 2450 2449 2456
f 2448 2447 2457
f 2452 377 2453
f 2456 2457 443
f 2452 2451 2455
f 127 2421 128
f 2423 2421 2436
f 2432 384 279
f 2432 279 386
f 2445 2460 2459
f 283 385 2460
f 2426 2458 2425
f 2460 2458 282
f 2410 56 2411
f 2426 2425 2461 2462
f 2442 2415 2414
f 2436 2421 2425
f 88 2441 274
f 559 546 536
f 544 520 535
f 464 465 475
f 560 558 539
f 537 541 545
f 55 56 2410
f 24 55 25
f 550 552 553
f 552 550 548
f 549 552 548
f 535 526 540
f 526 535 508
f 508 509 526
f 498 499 509
f 485 486 499
f 476 486 485
f 476 475 465
f 13 24 25
f 210 217 205 201
f 2421 2422 2424
f 2421 2424 2461
f 2464 122 123
f 135 2419 127
f 157 3221 161
f 148 137 151
f 148 146 136
f 135 136 146
f 2413 2411 2422
f 2461 2424 67
f 67 2462 2461
f 122 2464 2419
f 139 164 151
f 2419 134 122
f 134 146 147
f 139 174 178
f 174 182 185
f 182 195 197
f 222 234 241
f 234 253 2465
f 2419 135 134
f 266 265 268
f 269 267 268
f 234 247 253
f 222 217 210
f 2440 84 1570 2441
f 174 139 138
f 2462 67 2437
f 2441 2462 2437
f 2469 408 407 413
f 72 62 1571
f 73 74 1572
f 2470 411 442 2471
f 430 424 435 2474
f 407 412 413
f 406 434 433
f 457 2471 442
f 2591 366 406
f 406 367 2591
f 436 429 422 425
f 2596 365 91
f 2596 2475 365
f 431 2476 2477
f 2474 435 366
f 368 393 2592
f 2584 2483 2482
f 284 364 2593
f 2594 2454 2477
f 359 2475 2595
f 2490 2487 2595
f 2486 2480 2585
f 2494 2493 2589
f 2490 2489 2501
f 2503 2504 2494
f 2496 2501 2489
f 2483 2500 2498
f 2484 2493 2499
f 2502 2503 2492
f 2504 2499 2493
f 2479 2482 2497
f 2494 2492 2503
f 2495 2497 2508
f 2490 2501 2513
f 2522 2485 2480
f 2478 2487 2512
f 2507 2513 2501
f 2500 2511 2509
f 2485 2522 2514
f 2497 2498 2509
f 2511 2500 2499
f 2514 2515 2503
f 2528 2527 2568
f 2570 2559 2521
f 2561 2520 2521
f 2571 2526 2562
f 2517 2520 2561
f 2528 2525 2578
f 2578 2522 2518
f 2540 2533 2538
f 2563 2534 2543
f 2537 2544 2541
f 2545 2579 2530
f 2536 2535 2546
f 2552 2541 2538
f 2505 2512 2529
f 81 422 429
f 81 430 91
f 2447 2448 447 397
f 2454 393 2453
f 69 2550 2551
f 69 2551 426
f 2549 2452 394 395
f 395 396 2548
f 2474 366 2597 2596
f 2453 394 2452
f 430 2474 91
f 2474 2596 91
f 2515 2510 2504
f 2536 2512 2513
f 2545 2544 2537
f 2541 2552 2539
f 2505 2516 2523
f 2577 2560 2539
f 2556 2535 2524
f 2578 2579 2560
f 2523 2557 2530
f 2527 2539 2552
f 2528 2568 2515
f 2510 2515 2568
f 2528 2514 2525
f 2566 2531 2547
f 2568 2526 2510
f 2510 2526 2571
f 2570 2509 2511
f 2509 2570 2520
f 2508 2520 2517
f 2565 2540 2541
f 2542 2546 2564
f 2576 2563 2543
f 2572 2564 2546
f 2547 2531 2554
f 2564 2574 2573
f 2546 2566 2572
f 2576 2564 2573
f 2566 2546 2531
f 2572 2574 2564
f 2572 2566 2567
f 2567 2569 2574
f 2567 2540 2569
f 2573 2569 2565
f 2565 2575 2573
f 2555 2516 2529
f 2557 2523 2516
f 2577 2578 2560
f 2536 2524 2535
f 2519 2554 2556
f 2527 2562 2526
f 2536 2542 2512
f 2555 2529 2543
f 2555 2543 2534
f 2537 2560 2579
f 2538 2562 2552
f 2559 2562 2533
f 2532 2558 2559
f 2558 2532 2547
f 2531 2535 2556
f 2479 2582 2581
f 2580 2583 2484
f 2486 2593 2478
f 2586 2585 2480
f 2478 2595 2487
f 2488 2489 2596
f 2586 2491 2600
f 2517 2519 2507
f 2583 2589 2493
f 2600 2491 2492
f 2580 2584 367
f 2482 2581 2584
f 2587 2589 2599
f 2582 2597 2591
f 2590 2592 2583
f 2593 359 2478
f 2598 2593 2585
f 2567 2566 2533
f 2519 2517 2561
f 2454 2594 2599
f 406 433 398 368
f 284 2598 2600
f 2554 2561 2547
f 2476 2600 2594
f 406 2590 367
f 393 2599 2592
f 2511 2571 2570
f 2500 2483 2484
f 2580 2484 2483
f 406 368 2590
f 401 398 433 407
f 423 363 362 424
f 2496 2495 2506
f 2495 2496 2481
f 2582 2479 2481
f 2582 2488 2597
f 362 435 424
f 369 2466 363 423
f 372 360 2466 369
f 370 361 360 372
f 370 445 2468 361
f 445 371 2467 2468
f 446 2473 411 405
f 403 409 404
f 409 2472 404
f 446 404 2472
f 2655 2923 2924 2651
f 2802 2801 2601
f 2339 2601 2608
f 2609 2605 2616
f 2621 2617 2606
f 2612 2604 2615
f 2607 2618 2611
f 2620 2614 2603
f 2619 2608 2601
f 2407 2630 2624
f 2924 2893 2649 2651
f 2893 2897 2822 2649
f 2635 2637 2633
f 2638 2624 2630
f 2631 2625 2639
f 2631 2634 2627
f 2633 2623 2628
f 2886 2893 2924 2919
f 2827 2822 2897
f 2622 2632 2636
f 2822 2894 2895
f 2629 2648 2622
f 2630 2407 2626
f 2965 2824 2901
f 2647 2639 2650
f 2659 2645 2640
f 2660 2646 2642
f 2649 2895 2906
f 2891 2889 2913
f 2661 2657 2643
f 2661 2647 2650
f 2658 2653 2641
f 2646 2660 2654
f 2670 2688 2667
f 2686 2665 2682
f 2671 2668 2678
f 2668 2698 2683
f 2669 2687 2685
f 2674 2688 2670
f 2680 2673 2663
f 2695 2690 2681
f 2699 2701 2690
f 2698 2703 2694
f 2698 2692 2702
f 2696 2682 2689
f 2713 2709 2704
f 2720 2710 2707
f 2721 2718 2712
f 2711 2702 2716
f 2719 2714 2705
f 2720 2715 2706
f 2741 2724 2727
f 2746 2734 2732
f 2724 2745 2735
f 2746 2739 2734
f 2730 2742 2744
f 2733 2736 2745
f 2736 2729 2725
f 2730 2738 2742
f 2746 2755 2751
f 2752 2747 2770
f 2754 2748 2771
f 2756 2759 2747
f 2755 2746 2737
f 2754 2738 2750
f 2777 2767 2760
f 2721 2768 2764
f 2776 2773 2761
f 2721 2716 2762
f 2779 2783 2793
f 2788 2784 2780
f 2789 2779 2790
f 2788 2787 2778
f 2394 2396 2392
f 2747 2995 2994
f 2399 3003 3007
f 2615 2654 2660
f 2660 2656 2617
f 2398 2386 2387
f 2652 2640 3006
f 2661 2650 2715
f 2721 2774 2718
f 2720 2717 2657
f 2777 2787 2788
f 2775 2763 2788
f 2906 2895 2899 2909
f 2665 2669 2794
f 2829 2828 2834 2840
f 2323 2874 2927 2837
f 2323 2970 2303 2874
f 2833 2931 2940 2835
f 2334 2335 2970 2840
f 2931 2337 2333
f 2334 2840 2930 2338
f 2851 2964 2854 2852
f 2836 2323 2837 2910
f 2852 2854 2853
f 2851 2848 2882 2877
f 2877 2882 2878 2299
f 2299 2879 2880 2875
f 2875 2880 2881 2876
f 2861 2866 2864 2863
f 2866 2865 2862 2864
f 2817 2820 2810 2813
f 2810 2820 2809
f 2858 2862 2974 2872
f 2881 2975 2876
f 2975 2881 2872
f 2862 2858 2860 2864
f 2812 2830 2861 2863
f 2859 2863 2864
f 2972 2884 2883
f 2818 2817 2806 2807
f 2814 2821 2816 2805
f 2807 2805 2818
f 2816 2818 2805
f 2886 2887 2897 2893
f 2884 2885 2899
f 2900 2883 2884
f 2903 2906 2909
f 2842 2841 2832 2823
f 2821 2814 2803
f 2804 2815 2803
f 2847 2902 2901 2824
f 2896 2897 2887
f 2804 2843 2847
f 2337 2938 2937
f 2894 2898 2899
f 2827 2900 2898
f 2885 2910 2907 2909
f 2328 2926 2968
f 2921 2905 2904
f 2966 2939 2937 2841
f 2938 2826 2841
f 2919 2924 2923 2920
f 2925 2917 2918 2922
f 2318 2319 2928 2929
f 2332 2928 2319
f 2315 2329 2330 2316
f 2321 2935 2927 2324
f 2972 2973 2866
f 2904 2837 2927 2935
f 2904 2905 2907 2837
f 2322 2929 2934 2935
f 2939 2968 2926 2937
f 2928 2934 2929
f 2323 2836 2932 2970
f 2934 2928 2925 2921
f 2928 2941 2917 2925
f 2655 2903 2905 2921
f 2936 2932 2836
f 2935 2934 2921 2904
f 2971 2936 2836
f 2926 2328 2326 2337
f 2853 2913 2914 2902
f 2336 2940 2931
f 2840 2834 2930
f 2292 2331 2327 2312
f 2811 2839 2830 2812
f 2914 2965 2902
f 2912 2966 2965 2914
f 2402 2381 3007
f 2839 2811 2819
f 2911 2943 1961 1966
f 2939 2966 2912
f 2943 2967 1960
f 2842 2824 2965 2966
f 1966 1970 2944
f 2910 2885 2971 2836
f 2939 2908 2968
f 2942 2969 2829 2838
f 2819 2942 2839
f 2922 2655 2921
f 2962 2866 2973
f 2972 2971 2885
f 2830 2963 2861
f 2328 2968 2908 2329
f 2866 2861 2963
f 2969 2809 2820 2829
f 2853 2902 2847
f 2848 2849 2846 2845
f 2848 2845 2873 2882
f 2867 2878 2882 2873
f 2820 2817 2829
f 2828 2829 2817
f 2767 2777 2763
f 2817 2818 2828
f 2878 2867 2868 2879
f 2903 2655 2651 2906
f 2383 3003 2990
f 2942 2819 2969
f 2915 2912 2914 2916
f 2726 2771 2752
f 2753 2749 2737
f 2757 2758 2749
f 2722 2725 2723
f 2771 2726 2742
f 2771 2748 2752
f 2758 2767 2763
f 2755 2749 2763
f 2939 2912 2915 2933
f 2908 2939 2933 2330
f 2839 2942 2936 2971
f 2816 2825 2831 2818
f 2831 2828 2818
f 2879 2868 2869 2880
f 2816 2826 2825
f 2880 2870 2871 2881
f 2880 2869 2870
f 2821 2832 2826 2816
f 2299 2298 2976 2877
f 2875 2297 2298 2299
f 2975 2977 2296 2876
f 2974 2865 2977 2975
f 2296 2875 2876
f 2875 2296 2297
f 2877 2976 2964 2851
f 2977 2986 2983 2984
f 2978 2827 2896
f 2892 2964 2980
f 2900 2827 2978
f 2981 2896 2888
f 2883 2900 2982
f 2982 2986 2987
f 2988 2298 2297
f 2296 2984 2297
f 2977 2987 2986
f 2983 2986 2978 2981
f 2298 2988 2980
f 2982 2978 2986
f 2962 2987 2865
f 2982 2962 2883
f 2962 2982 2987
f 2979 2984 2983
f 2985 2890 2892 2980
f 2824 2823 2815 2804
f 2890 2985 2979
f 2336 2327 2331 2338
f 2364 2354 2795
f 2604 2350 2369
f 2797 2350 2604
f 2798 2802 2339
f 2350 2347 2373
f 2366 2362 2355
f 2367 2371 2366
f 2347 2350 2379
f 2379 2360 2363
f 2341 2368 2374
f 2610 2606 2797
f 2607 2603 2614
f 2617 2605 2606
f 2375 2353 2605
f 2609 2603 2341
f 2797 2353 2358
f 2363 2356 2359
f 2356 2363 2358
f 2401 2398 2648
f 2397 2395 2391
f 3007 2397 2391
f 2383 2397 3007
f 3003 2399 2990
f 2385 2401 2629
f 2406 2385 2625
f 2631 2627 2396
f 3002 2622 2648
f 3002 3001 2632
f 3001 3000 2632
f 2626 2642 2646
f 2642 2626 2634
f 2647 2643 2634
f 3006 2641 2653
f 2360 2797 2358
f 2857 2860 2858
f 2833 2825 2826
f 2931 2833 2826
f 2338 2930 2940 2336
f 2940 2930 2834 2835
f 2844 2849 2852 2850
f 2851 2852 2849 2848
f 2859 2860 2855 2863
f 2294 2295 2263 2279
f 2863 2855 2812
f 2353 2797 2606
f 2365 2367 2366
f 2996 2705 2714
f 2708 2705 2701
f 2794 2999 2689
f 2794 2689 2682
f 2691 2695 2685
f 2684 2662 2666
f 2664 2677 2680
f 2991 2672 2673
f 2684 2680 2663
f 2670 2667 2685
f 2691 2667 2688
f 2674 2693 2697
f 2683 2694 2693
f 2691 2699 2695
f 2706 2708 2699
f 2706 2691 2697
f 2693 2707 2710
f 2715 2719 2708
f 2659 2719 2715
f 2645 2659 2650
f 2632 2640 2645
f 2626 2392 2396
f 2392 2626 2407
f 2624 2384 2407
f 2401 2385 2389
f 2384 2624 2628
f 2623 2387 2400
f 2648 2398 2989
f 2638 2644 2635
f 2644 2641 2637
f 2640 2632 3000
f 2654 2658 2644
f 2619 2658 2654
f 2615 2604 2608
f 2603 2607 2368
f 2602 2340 2368
f 2373 2369 2350
f 2376 2351 2346
f 2351 2374 2372
f 2698 2694 2683
f 2668 2692 2698
f 2686 2696 2692
f 2700 2702 2692
f 2709 2713 2716
f 2716 2776 2766
f 2755 2765 2751
f 2997 2761 2773
f 2750 2764 2768
f 2762 2748 2754
f 2994 2995 2757
f 2994 2757 2769
f 2741 2753 2737
f 3009 2727 2724
f 3009 2735 2722
f 2736 2735 2745
f 2734 2730 2731
f 2752 2770 2728
f 2727 2769 2753
f 3009 2728 2770
f 2992 2750 2738
f 2992 3012 2750
f 2756 2748 2762
f 2766 2761 2759
f 2995 2759 2761
f 3013 3012 2765
f 3013 2765 2775
f 2678 2674 2675
f 2700 2709 2702
f 2689 2704 2709
f 2999 2701 2705
f 2712 2707 2703
f 2355 2365 2366
f 2263 2247 2232 2262
f 2275 2277 2258
f 2215 2212 2228 2230
f 2233 2218 2217 2232
f 2217 2218 2202 2201
f 2199 2196 2212 2215
f 2182 2179 2196 2199
f 2185 2184 2201 2202
f 2165 2162 2179 2182
f 2168 2167 2184
f 2148 2145 2162 2165
f 2115 2127 2145 2148
f 2150 2167 2168 2151
f 2131 2150 2151 2132
f 2117 2131 2132 2105
f 2075 2104 2105 2091
f 2115 2103 2100 2113
f 2113 2127 2115
f 2089 2086 2100 2103
f 2071 2086 2089 2074
f 2031 2032 3078 3079
f 2052 2034 3079 2049
f 2033 2051 2061 2042
f 2051 2033 2034
f 2014 1997 1991 2012
f 2012 2022 2014
f 1997 1993 1983 1991
f 1993 1986 1942 1983
f 1986 1969 1938 1942
f 1969 1965 1937 1938
f 1965 1959 1950 1937
f 1935 1950 1959 1958
f 1995 1999 2000 1996
f 1988 1995 1996 1989
f 1971 1988 1989 1972
f 1968 1964 1963 1967
f 1967 1971 1972
f 2613 3059 3060 2653
f 2340 2802 2798
f 2613 2601 2801
f 2340 2602 2801
f 2627 2626 2396
f 2633 3001 3002
f 2637 3000 3001
f 2634 2626 2627
f 2656 2642 2643
f 2679 2991 2673
f 2736 2733 2729
f 2713 2704 2996
f 2717 2707 2712
f 2681 2690 2794
f 2999 2996 2704
f 2739 2751 2992
f 2774 2764 3013
f 2751 3012 2992
f 2690 2999 2794
f 2770 2747 2994
f 2751 2765 3012
f 3009 2994 2769
f 2772 2760 2997
f 2738 2730 2734
f 2758 2995 2997
f 3052 3011 2780
f 2713 2773 2776
f 2652 2714 2719
f 2619 2613 2653
f 3055 2618 2614
f 3057 2808 2811
f 2843 2611 2618
f 3059 2613 2800
f 2805 2807 3062 3061
f 3060 2652 3006
f 3061 3060 2805
f 2616 2617 3066 3065
f 3062 2813 2772
f 3056 2812 2855
f 3054 2614 2620
f 3064 3065 2873
f 2870 3068 3071 2871
f 3067 2868 2867
f 3068 2869 2868
f 3063 2860 2857
f 3063 2857 2856
f 3070 2774 2998
f 3070 2872 2871
f 2809 3057 3072 2810
f 3068 2656 3008
f 2388 2400 2399
f 2405 2388 2381
f 2402 2390 2393
f 3040 3017 3021
f 3039 3016 3019
f 2394 2393 2390
f 3026 3033 3028
f 2390 2395 2394
f 3020 3030 3032
f 2394 2395 2382
f 2382 2389 2404
f 2383 2401 2389
f 3025 3024 3040
f 3040 2784 3017
f 3018 3042 3045
f 3040 3036 3043
f 3038 3041 3035
f 3035 3041 3048
f 2799 2342 2349
f 2372 2349 2342
f 2346 2372 2370
f 3018 3016 3039
f 3017 3038 3032
f 3039 3034 3042
f 2378 2346 2343
f 2377 2354 2359
f 3017 3032 3030
f 3024 3036 3040
f 3051 3035 3034
f 3050 3019 3016
f 2796 2359 2354
f 2354 2364 2361
f 3031 3014 3016
f 2352 2361 2364
f 3025 3047 3024
f 3038 3035 3020
f 3019 3034 3039
f 3051 3020 3035
f 3052 3043 3036
f 3038 2782 3041
f 3048 3041 2782
f 3027 3049 3023
f 3028 3037 3047
f 3019 3050 3051
f 3028 3047 3025
f 3015 3031 3023
f 2371 2373 2352
f 2345 2348 2373
f 2348 2345 2799
f 3048 3010 3046
f 3010 2783 3046
f 2782 3038 2778
f 2784 2778 3038
f 3044 2780 2784
f 2783 2779 3046
f 3042 3046 2779
f 2785 2781 3045
f 3037 3045 2781
f 3053 2793 2783
f 2792 3053 3010
f 3058 2800 2611 2843
f 3057 2809 2808
f 3011 3052 3037
f 2786 2780 3011
f 3072 3057 3053
f 2846 2844 3055
f 3060 3061 2714 2652
f 2804 2803 3059
f 2814 3060 3059
f 3006 2653 3060
f 3062 2713 2714 3061
f 3069 2998 2775 3063
f 2807 2806 2813
f 2811 2812 3056
f 2845 2846 3054
f 2616 3065 3064
f 2873 3065 3066
f 2617 2656 3068
f 2786 3004 2775
f 3068 3008 2717 3071
f 2872 3070 3069
f 2774 3070 3071
f 2813 3072 2792 2772
f 2772 2792 2787
f 3063 3004 2791 2855
f 2790 2793 3057
f 2789 2790 2811
f 2855 2791 2789
f 2791 3004 3005
f 2985 2988 2297 2984
f 2889 2886 2919 2913
f 2980 2988 2985
f 2888 2887 2889
f 2913 2919 2920 2916
f 2918 2915 2916 2920
f 2917 2941 2933 2915
f 2915 2918 2917
f 2330 2933 2941 2332
f 2316 2330 2332 2317
f 2329 2315 2961 2328
f 2294 2279 2959 2960
f 2279 2262 2958 2959
f 2295 2281 2263
f 2281 2250 2263
f 2232 2957 2958 2262
f 2202 2203 2186 2185
f 2169 2168 2185 2186
f 2151 2168 2169 2153
f 2132 2151 2153 2134
f 2105 2132 2134 2118
f 2060 2091 2093 2077
f 2037 2038 3080 2055
f 2042 2038 2013 2025
f 2023 2013 2038 2037
f 2004 2003 1996 2000
f 2015 2004 2000
f 1967 1963 2943 2911
f 1989 1996 2003
f 1968 1972 1863
f 1964 1968 1863
f 1964 1864 1865
f 1963 1962 2967
f 2944 2945 1995 1988
f 2911 2944 1971
f 1988 1971 2944
f 2037 2035 2011 2023
f 1999 1995 2945
f 2945 2946 1999
f 2035 2028 2018 2011
f 2053 2046 3082 3081
f 2950 2104 2075 2949
f 2117 2104 2950 2951
f 2951 2952 2131 2117
f 2952 2953 2167 2150
f 2167 2953 2954 2184
f 2184 2954 2955 2201
f 2201 2955 2956 2217
f 2217 2956 2957 2232
f 2025 2009 2033 2042
f 2687 2669 2662
f 2670 2687 2684
f 2670 2663 2672
f 2679 2676 2675
f 2666 2686 2671
f 2722 2728 3009
f 2745 2724 2741
f 2743 2732 2733
f 2731 2729 2733
f 2729 2731 2744
f 2744 2726 2723
f 2726 2740 2722
f 3030 3020 3014
f 3022 3025 3021
f 3025 3022 3049
f 3029 3026 3025
f 3026 3029 3027
f 3027 3018 3026
f 2009 2010 2034 2033
f 2031 2034 2010 2020
f 2020 2021 2032 2031
f 2021 2019 2029 2032
f 2030 2029 2019 2008
f 2016 2026 2030 2008
f 2017 2027 2026 2016
f 2015 2043 2027 2017
f 2043 2015 2000 2041
f 1999 2040 2041 2000
f 2040 1999 2946 2947
f 2022 2036 2039 2014
f 2014 2039 2024
f 2022 2018 2028 2036
f 2064 2046 2053 2070
f 2070 2053 2055 2072
f 2056 2073 2072 2055
f 2073 2056 2061 2076
f 2051 2068 2076 2061
f 2052 2069 2068 2051
f 2066 2069 2052 2049
f 2049 2050 2067 2066
f 2050 2047 2065 2067
f 2045 2062 2077 2063
f 2054 2071 2074 2057
f 2077 2062 2060
f 2060 2059 2075
f 2058 2057 2074
f 2046 2064 2071 2054
f 2057 3073 2024 2039
f 3074 2060 2062 2043
f 2947 2024 3073
f 2060 3074 2059
f 3075 2044 2048 3076
f 2045 2044 3075
f 3076 3077 2029 2030
f 3078 3077 2047 2050
f 3078 2050 2049 3079
f 3080 2038 2042 2061
f 2034 2031 3079
f 2055 3081 2035 2037
f 3081 3082 2028 2035
f 3432 3395 3394 3431
f 19 469 3083
f 460 1 461
f 464 463 10
f 466 17 467
f 465 464 12
f 470 467 17
f 3085 3114 3084
f 3087 3085 3086
f 3088 3112 3087
f 3106 3105 3092
f 3096 3097 3095
f 3100 3099 3084
f 3099 3472 3084
f 3099 3101 3472
f 3095 3109 3108
f 3111 3087 3112
f 5290 3085 3087
f 3099 3117 3116
f 3120 3118 3117
f 3118 3119 3117
f 3119 3123 5404
f 3121 3123 3124
f 3122 3125 3119
f 3124 3123 3119
f 43 42 3125
f 41 3124 3125
f 3106 3126 3105
f 3113 3129 3090
f 3129 3112 3090
f 3128 3111 3112
f 3117 3100 3115
f 3117 3115 3120
f 3118 3132 3122
f 3133 5290 3131
f 3133 3134 3114
f 3139 3129 3113
f 3136 3128 3129
f 3128 3136 3131
f 3145 3144 3133
f 3144 3143 3133
f 3143 3150 3134
f 3154 74 3146
f 3146 49 3132
f 3153 3144 3145
f 3153 3152 3143
f 3160 3155 3157
f 3147 3163 3139
f 3163 3136 3139
f 3145 3136 3164
f 5380 3169 3158
f 5371 5361 3135 5365
f 3180 3179 103
f 5367 3130 3174
f 3140 3179 3174
f 3188 3177 3185
f 3182 3181 104
f 3183 3184 3194
f 3193 3175 3194
f 3194 3191 3183
f 3175 3191 3194
f 3177 3186 3189
f 3186 3177 3187
f 3185 3189 3176
f 3280 3270 3267 3281
f 118 3184 106
f 3171 3201 3190
f 3183 3191 3201
f 3171 3190 3187
f 2463 5366 117
f 3189 3202 3176
f 3202 3186 3190
f 3186 3202 3189
f 3203 3191 3202
f 3203 3201 3191
f 3198 3196 3317
f 3213 3211 3212
f 3216 3214 3225
f 3215 3205 3204
f 149 3216 3225
f 3215 3204 3192
f 123 150 3215
f 3198 3212 3218
f 3220 3217 3211
f 3223 3224 3218
f 3219 3218 3224
f 3225 3214 3205
f 149 3225 3215
f 3211 3217 3212
f 3222 3223 3217
f 3214 3216 3226
f 3216 3227 3226
f 3214 3226 3206
f 3220 3231 3232
f 3220 3211 3213
f 168 159 3222
f 3232 3222 3220
f 3231 3220 3213
f 3210 3206 3228
f 3227 180 3244
f 3243 3237 3231
f 3243 3242 3237
f 3240 3231 3235
f 3253 3243 3240
f 3248 3234 3239
f 3244 180 193
f 3245 3239 3238
f 3238 3241 3245
f 246 3299 259
f 3245 3241 3247
f 233 221 3270
f 209 3260 3270
f 3246 193 3251
f 3260 209 188
f 3251 199 208
f 3260 3242 3253
f 3245 3247 3255
f 3252 3251 3259
f 3261 3253 3250
f 3267 3261 3258
f 3242 188 181
f 3265 3248 3256
f 181 168 3232
f 3259 208 220
f 3270 3260 3261
f 3267 3258 3257
f 3255 3263 3262
f 3287 3290 3280 3281
f 3265 3264 3272 3273
f 245 3288 3277 232
f 3268 220 232
f 3276 3267 3266
f 3271 3274 3262
f 3262 3263 3271
f 3223 3222 159
f 3269 3268 3277
f 3279 3280 3290 246
f 3276 3275 3286 3287
f 3273 3272 3284 3285
f 3278 3277 3288
f 3290 3287 3300
f 3290 3300 3299 246
f 3291 3294 3282
f 3282 3283 3291
f 3296 3300 3287
f 3292 3293 3285
f 3288 3301 3297
f 3288 245 3301
f 3286 3295 3296 3287
f 3316 3315 305 3342
f 3305 3296 3295
f 3308 269 259
f 3302 3294 3291
f 3305 3300 3296
f 3301 267 3306
f 3300 3309 3308
f 3314 3219 3221
f 3319 3317 3196
f 3403 4569 3323 3322
f 3336 3337 3327 3326
f 3337 3328 3329 3327
f 3332 3331 3333 3334
f 3330 3329 3328
f 3331 3332 3330
f 3348 3346 312 316
f 3336 3325 3335
f 3339 3328 3338
f 3340 3331 3339
f 3340 3333 3331
f 3342 305 307
f 3342 307 3344
f 3344 312 3346
f 3352 3348 316 318
f 3351 3347 3352
f 3353 3352 318 324
f 326 3349 3353 324
f 3351 3352 3353
f 3349 3354 3351 3353
f 3350 3462 3347
f 3356 3355 3326 3327
f 3338 3341 3339
f 3410 3323 4569
f 3328 3339 3330
f 3330 3339 3331
f 3362 3361 3355 3356
f 3334 3360 3359
f 3330 3332 3359
f 3329 3330 3358
f 3327 3329 3357
f 3368 3367 3361 3362
f 3359 3360 3366
f 3356 3357 3363
f 3357 3358 3364
f 3358 3359 3365
f 3369 3368 3362 3363
f 3365 3366 3371
f 3373 3372 3367 3368
f 3363 3364 3369
f 3364 3365 3370
f 3374 3373 3368 3369
f 3370 3371 3376
f 3375 3374 3369 3370
f 3378 3377 3374 3375
f 3375 3376 3378
f 3373 3374 3377
f 3380 3379 3373 3377
f 3372 3373 3379
f 3381 3380 3377 3378
f 355 354 3450 3451
f 356 355 3451 3460
f 358 3449 672
f 5412 3385 3430 3453
f 3384 5410 3429 3430
f 3453 5411 5412
f 3386 3383 3427 3428
f 5419 3166 3167 3382
f 3428 3429 3386
f 3435 3393 3395 3432
f 3166 5419 3389
f 3167 3388 3382
f 3413 3417 3416
f 3436 3438 3393 3435
f 3398 3355 3361 3399
f 3417 3413 3414
f 3355 3398 3326
f 3361 3367 3400 3399
f 3400 3367 3372 3401
f 3409 3324 3407 3406
f 3372 3402 3401
f 3111 3131 5290
f 5391 3403 3321
f 3326 3444 3445 3325
f 4570 3407 3324
f 3351 3350 3347
f 3343 3409 3408
f 3461 3335 3410
f 3326 3398 3397 3444
f 3410 3335 3323
f 3445 3321 3322
f 3322 3335 3325
f 2467 5411 3453 416
f 5413 3424 3425 3426
f 3321 3387 3388
f 3456 3457 397 405
f 5400 3400 3401
f 5400 3399 3400
f 3430 3429 5413 3426
f 3417 3421 3416
f 3421 3423 3422
f 5416 3426 3425
f 416 3453 5414 2470
f 3423 5413 3429
f 373 374 3459 3454
f 3428 3423 3429
f 3431 3396 3433 3432
f 3440 3160 3157 3437
f 3169 3170 3434 3158
f 3158 3434 3437 3157
f 3455 3454 3431 3394
f 3415 3418 3417 3414
f 3419 3415 3464 3457
f 3436 3441 3443 3439
f 3435 3442 3441 3436
f 3399 5400 5398 3398
f 3321 3445 3444
f 3397 3321 3444
f 371 373 3454 3455
f 3433 3447 3442
f 5501 2550 438
f 3448 3396 3459 3452
f 5398 3420 3412
f 3447 3433 3396 3448
f 3432 3433 3442 3435
f 437 3452 3459 374
f 3465 5416 5417 411
f 3342 3409 3406 3316
f 3134 3150 3154
f 3337 3336 3461 3462
f 3344 3408 3409
f 3315 2435 278
f 3335 3461 3336
f 3462 3345 3408 3347
f 3460 3451 3379 3380
f 3408 3346 3347
f 3346 3408 3344
f 3462 3350 3338
f 3422 3428 3446
f 3450 392 3463
f 3457 3456 3419
f 3430 3426 3465 3453
f 358 357 3380 3381
f 5416 3465 3426
f 3454 3459 3396 3431
f 3388 3168 5391 3321
f 6021 3091 3089
f 3468 6021 3088
f 3471 3098 3096
f 3467 3084 3472
f 3470 3093 3092
f 3476 3477 3091
f 3466 3475 3468
f 3479 3480 3098
f 3481 3472 3473
f 3475 3476 6021
f 3466 3467 3474
f 3482 3473 6022
f 3474 3467 3472
f 3489 3490 3479
f 3487 3488 3478
f 3486 3477 3476
f 3484 3475 3466
f 3493 3492 3481
f 3482 3494 3493
f 3490 3491 3480
f 3485 3476 3475
f 3492 3483 3474
f 3491 3494 3482
f 3505 3496 3483
f 3491 3507 3494
f 3506 3505 3492
f 3502 3488 3487
f 3495 3497 3484
f 3506 3492 3493
f 3503 3504 3490
f 3499 3500 3486
f 3497 3498 3484
f 3498 3499 3485
f 3509 3500 3499
f 3517 3516 3506
f 3515 3491 3504
f 3509 3510 3500
f 3508 3499 3498
f 3518 3507 3491
f 3511 3502 3501
f 3495 3496 3520
f 3521 3497 3495
f 3515 3504 3514
f 3510 3522 3501
f 3524 3517 3518
f 3520 3496 3505
f 3526 3508 3498
f 3508 3526 3509
f 3530 3532 3518
f 3529 3527 3514
f 3514 3527 3515
f 3536 3523 3516
f 3505 3531 3520
f 3521 3533 3525
f 3520 3544 3519
f 3509 3539 3510
f 3525 3538 3526
f 3531 3523 3543
f 3536 3524 3532
f 3527 3540 3535
f 3523 3536 3537
f 3531 3543 3544
f 3534 3522 3547
f 3536 3532 3545
f 3539 3526 3546
f 3537 3536 3545
f 3539 3546 3541
f 3519 3544 3533
f 3559 3553 3552
f 3550 3549 3562
f 3551 3558 3555
f 3556 3560 3552
f 3556 3552 3550
f 3551 3554 3557
f 3559 3533 3544
f 3561 3548 3540
f 3543 3537 3557
f 3559 3538 3533
f 3548 3561 3555
f 3537 3545 3557
f 3556 3562 3541
f 3558 3557 3545
f 3544 3553 3559
f 3542 3562 3561
f 3582 3643 3644 3591
f 3126 3113 3105
f 3573 3642 3643 3582
f 3564 3641 3642 3573
f 3628 3647 3641 3564
f 3590 3591 3600 3599
f 3645 3603 3613
f 3646 3613 3622
f 3581 3582 3591 3590
f 3572 3573 3582 3581
f 3565 3564 3573 3572
f 3628 3564 3565 3629
f 3613 3603 3604 3614
f 3622 3613 3614 3623
f 3585 3584 3593 3594
f 3576 3575 3584 3585
f 3567 3566 3575 3576
f 3630 3566 3567 3631
f 3606 3605 3793 3792
f 3635 3605 3606 3636
f 3615 3635 3636 3616
f 3624 3615 3616 3625
f 3586 3585 3594 3595
f 3577 3576 3585 3586
f 3568 3567 3576 3577
f 3631 3567 3568 3632
f 3625 3616 3617 3626
f 3791 3607 3606
f 3607 3637 3636
f 3587 3586 3595 3596
f 3578 3577 3586 3587
f 3569 3568 3577 3578
f 3632 3568 3569 3633
f 3637 3607 3608 3638
f 3790 3608 3607
f 3770 3776 3617 3777
f 3608 3790 3794 3609
f 3596 3597 3587
f 3578 3579 3569
f 3638 3608 3609 3639
f 3618 3638 3639 3619
f 3595 3594 3655 3691
f 3580 3579 3587 3588
f 3570 3569 3579 3580
f 3633 3569 3570 3634
f 3639 3609 3610 3640
f 3794 3610 3609
f 3589 3588 3597 3598
f 3644 3592 3601 3600
f 3588 3589 3580
f 3640 3620 3619
f 602 656 3656
f 601 602 3656
f 3643 3583 3592 3644
f 3642 3574 3583 3643
f 3641 3563 3574 3642
f 3647 3627 3563 3641
f 3677 3676 3672 601
f 3612 3645 3646
f 3655 3594 3602 3657
f 3334 3333 3675 3674
f 601 3656 3686
f 3678 3648 3349
f 3648 3679 3354
f 3670 3376 3371
f 3666 3371 3366
f 3671 3366 3360
f 3378 3667 3669 3381
f 3360 3334 3674 3673
f 3376 3670 3667 3378
f 3673 3674 3661 3664
f 3674 3675 3663 3661
f 3652 3669 3667
f 3673 3664 3665 3671
f 3654 3670 3666
f 3668 3449 3669
f 3664 3660 3659 3665
f 3669 3652 3668
f 3653 3667 3654
f 3660 3664 3661
f 3665 3659 3658 3666
f 3648 3678 3685 3681
f 3682 3683 3649
f 3679 3648 3681 3680
f 3683 3682 3599 3600
f 3683 3684 3650
f 3684 3663 3675 3650
f 3684 3683 3600 3601
f 3601 3662 3663 3684
f 3650 3649 3683
f 3657 3602 3681
f 3672 3685 689 600
f 687 689 3685
f 3677 3686 3687 3690
f 3690 3687 3688 3689
f 687 3678 3349 326
f 3676 3657 3685 3672
f 3596 3595 3691 3677
f 3597 3690 3689 3598
f 3668 3693 697 651
f 3677 3597 3596
f 3661 3699 3698 3660
f 3692 3651 3652 3694
f 3660 3698 3697 3659
f 3651 3692 3693 3668
f 3658 3697 3696 3654
f 3697 3658 3659
f 3654 3696 3695 3653
f 3653 3695 3694 3652
f 3661 3662 3700 3699
f 3697 3704 3703 3696
f 3696 3703 3702 3695
f 3695 3702 3701 3694
f 3700 3708 3707 3699
f 3699 3707 3706 3698
f 3698 3706 3705 3697
f 3710 3719 3718 3714
f 3714 3709 3710
f 3716 3712 3713
f 3721 3725 3724 3720
f 3721 3716 3717
f 3719 3710 3715
f 3720 4589 3716
f 3722 3718 3719
f 3723 3729 3728 3722
f 3730 3725 3726
f 3732 3731 3728 3729
f 4591 4590 3724
f 3727 3728 3731
f 741 740 3731 3732
f 4591 3724 3733
f 3733 3724 3730
f 743 742 3733 3730
f 3704 3709 3714 3703
f 3703 3714 3718 3702
f 3701 3702 3718 3722
f 3701 3727 3731 3693
f 3701 3722 3727
f 3700 3592 3583 3708
f 3662 3601 3592 3700
f 3708 3737 3736 3707
f 3707 3736 3735 3706
f 3706 3735 3734 3705
f 3795 3762 3767 3796
f 3737 3741 3740 3736
f 3799 3800 3745 3746
f 3736 3740 3739 3735
f 3735 3739 3738 3734
f 3746 3747 3799
f 3798 3784 3762 3795
f 3755 3745 3783 3785
f 3745 4620 4624 3783
f 3741 3751 3750 3740
f 3740 3750 3749 3739
f 3747 3746 3755 3756
f 3739 3749 3748 3738
f 3738 3748 3752 3742
f 3742 3752 3753 3743
f 3783 4624 4621 3785
f 3751 3760 3786 3750
f 3750 3786 3787 3749
f 3749 3787 3788 3748
f 3748 3788 3789 3752
f 3752 3789 3784 3753
f 3618 3764 3782 3777
f 3761 3767 3762
f 4622 3768 3785
f 3768 3769 3763
f 3768 4622 4623 3775
f 3769 3770 3782
f 3766 3757 3758
f 3769 3768 3775 3776
f 3760 3773 3772 3759
f 3759 3772 3771 3758
f 3777 3617 3616 3636
f 3617 3776 3781 3626
f 3774 3761 3766
f 3774 3779 3767
f 3775 3780 3776
f 3780 3781 3776
f 3638 3618 3777 3637
f 3778 3766 3771
f 3619 3765 3764
f 3777 3782 3770
f 3744 3753 3784 3798
f 3764 3618 3619
f 3786 3759 3758 3787
f 3759 3786 3760
f 3787 3758 3757 3788
f 3763 3782 3764
f 3788 3757 3761 3789
f 3784 3789 3761 3762
f 3603 3645 3647 3628
f 3633 3794 3790
f 3632 3791 3792
f 3603 3628 3629 3604
f 3627 3647 3645
f 3633 3790 3791
f 3583 3574 3737 3708
f 3631 3792 3793
f 3634 3611 3794
f 3574 3563 3741 3737
f 3751 3741 3563 3627
f 3796 3767 3779 3797
f 3760 3751 3627
f 3627 3612 3760
f 3773 3760 3612
f 3612 3621 3773
f 3800 4637 4620 3745
f 3744 3754 3743 3753
f 3765 3756 3755
f 3765 3619 3620
f 3775 4623 4625 3807
f 3804 3771 3772
f 3623 3801 3622
f 3806 3774 3778
f 3805 3773 3621
f 3780 3807 3817 3818
f 3626 3802 3625
f 3772 3814 3813 3804
f 3814 3772 3805
f 3804 3813 3812 3778
f 3781 3811 3802
f 3778 3812 3815 3806
f 3810 3809 3624 3625
f 3816 3819 3797 3779
f 3806 3815 3816 3779
f 3810 3625 3802 3811
f 3820 3823 3803 3622
f 4625 3817 3807
f 3803 3808 3621
f 3818 3825 3781
f 3809 3810 3822
f 3824 3816 3815
f 3821 3820 3622 3801
f 3813 3830 3829 3812
f 3808 3826 3832 3805
f 3834 3818 3817 3833
f 3826 3808 3823
f 3805 3832 3831 3814
f 3814 3831 3830 3813
f 3820 3821 3827
f 3856 3844 3855 3866
f 3840 3835 3836
f 3836 3853 3837
f 3838 3839 3835
f 3835 3839 3842
f 3841 3839 3838
f 3842 3849 3850
f 3850 3851 3843
f 3851 3852 3843
f 3872 3846 3847
f 3845 3846 3872
f 3841 3844 3856 3857
f 3846 3845 3858 3859
f 3851 3863 3852
f 3846 3859 3860
f 3863 3864 3852
f 3846 3860 3861
f 3862 3848 3847 3861
f 3854 3853 3864 3865
f 3866 3855 3854 3865
f 3848 3862 3849
f 3851 3850 3869 3870
f 3849 3869 3850
f 3868 3861 3860 3867
f 3851 3870 3863
f 3857 3689 3845
f 3855 3840 3837 3854
f 3864 4729 3871
f 3861 3868 3862
f 3864 3871 3865
f 3855 3844 3838 3840
f 3589 3856 3866 3580
f 3844 3841 3838
f 3839 3872 3847
f 3839 3847 3848
f 3841 3872 3839
f 3580 3866 3865 3571
f 3598 3857 3856 3589
f 3867 881 882 3874
f 3689 3857 3598
f 3874 3868 3867
f 881 3867 3873
f 3688 3656 3873 3858
f 656 3873 3656
f 3634 3571 3865 3871
f 3981 3982 3961 3954
f 4729 4649 3611
f 3882 3885 4220
f 3921 3878 4216
f 3903 3880 3919
f 3923 3890 3876
f 3891 3875 3886
f 3921 3911 3917
f 3914 3918 4255
f 3901 3892 3894
f 3913 3912 3895
f 3911 3893 3898
f 3897 3917 3898
f 3893 3906 3898
f 3905 3904 3883
f 3925 3902 3878
f 3896 3915 3942
f 3892 3901 3906
f 3940 3928 3916
f 4225 3922 3897
f 3918 3892 4224
f 3916 3926 3937
f 3888 3882 3881
f 4221 4219 3920
f 3883 3920 3905
f 3941 3908 3910
f 3877 3880 3903
f 3938 3907 3908
f 3876 3881 4218
f 3902 3903 3879
f 3920 3879 3903
f 3922 3925 3917
f 3878 3879 4216
f 4253 4256 3887
f 3905 3903 3919
f 4218 3881 3882
f 3925 3922 3877
f 3887 3924 3927
f 3937 3926 3907
f 4257 3924 3887
f 3923 3876 3912
f 3942 3915 3928
f 3934 3935 3928
f 3933 3934 3915
f 3908 3931 3932
f 3908 3907 3930
f 3926 3936 3930
f 3889 3939 3941
f 4371 3888 3941
f 4258 3937 3946
f 3929 3940 3944
f 3889 3938 3939
f 3913 3942 3940
f 4259 3944 3937
f 3948 3896 3943
f 3898 3947 3900
f 3896 3948 3933
f 3933 3948 3949
f 3899 4223 3949
f 3949 4223 3900
f 3949 3906 3901
f 3918 3924 4257
f 3935 3936 3916
f 3960 3962 3982
f 4230 3959 3963
f 3997 3951 4232
f 4003 3998 3952
f 3958 3970 3994
f 3987 3991 4269
f 4005 3987 4233
f 3992 4000 3976
f 3989 3988 4231
f 3980 3977 3974
f 3993 3971 3976
f 3976 3978 3979
f 4003 3995 3953
f 4027 3974 3990
f 3972 3987 4269
f 3973 4231 3980
f 4022 4006 4001
f 3987 4005 3991
f 3998 3992 4234
f 3967 3959 3956
f 3958 3994 3996
f 3952 3955 3995
f 4355 4356 4320 4364
f 4020 4025 3983
f 4232 3951 3956
f 3996 3965 3950
f 4262 4261 3965
f 4262 3996 3994
f 3981 3955 3960
f 4226 3956 3959
f 4023 4021 3984
f 3953 3995 3981
f 3968 3956 3951
f 3965 3991 4005
f 4025 4019 4004
f 4270 3991 3965
f 4018 4001 4004
f 4233 3993 4002
f 4000 4003 4002
f 3999 3997 3988
f 4024 3990 4006
f 3986 4011 4373
f 4013 4017 4006
f 3977 4012 3974
f 4012 4013 3990
f 4017 4015 4001
f 3984 3983 4008
f 3984 4009 4011
f 3984 4014 4009
f 4004 4016 4008
f 4004 4001 4016
f 4268 4266 4021
f 4267 4268 4023
f 3973 4027 4024
f 4266 4020 4021
f 4265 4271 4019
f 4265 4025 4020
f 3989 4024 4022
f 4271 4018 4019
f 3972 3977 3978
f 3978 3971 3972
f 4271 4022 4018
f 4037 4039 4062
f 4036 4040 4236
f 4242 4070 4029
f 4060 4076 4030
f 4277 4272 4043
f 4046 4029 4070
f 4042 4043 4028
f 4048 4035 4041
f 4242 4076 4054
f 4075 4050 4060
f 4051 4069 4276
f 4071 4049 4240
f 4052 4066 4058
f 4057 4051 4083
f 4056 4053 4096
f 4091 4090 4063
f 4032 4061 4073
f 4049 4071 4051
f 4054 4060 4055
f 4045 4044 4072
f 4035 4048 4042
f 4239 4072 4036
f 4061 4030 4033
f 4043 4069 4071
f 4235 4078 4032
f 4038 4032 4073
f 4238 4235 4032
f 4046 4045 4029
f 4030 4029 4034
f 4031 4060 4061
f 4045 4072 4034
f 4277 4042 4048
f 4073 4033 4037
f 4079 4035 4042
f 4093 4091 4074
f 4045 4034 4029
f 4090 4089 4077
f 4243 4075 4031
f 4046 4070 4066
f 4063 4080 4086
f 4084 4088 4068
f 4056 4083 4053
f 4083 4084 4067
f 4088 4085 4068
f 4077 4085 4087
f 4074 4086 4082
f 4077 4087 4080
f 4275 4273 4091
f 4273 4279 4090
f 4278 4067 4092
f 4059 4055 4097
f 4057 4240 4049
f 4094 4058 4098
f 4097 4241 4059
f 4092 4068 4077
f 4280 4092 4089
f 4125 4108 4109
f 4143 4101 4244
f 4251 4144 4104
f 4282 4281 4112
f 4145 4104 4144
f 4114 4113 4107
f 4133 4137 4285
f 4140 4118 4117
f 4120 4139 4119
f 4139 4132 4122
f 4132 4131 4117
f 4146 4142 4101
f 4163 4121 4134
f 4118 4140 4133
f 4150 4135 4164
f 4136 4141 4131
f 4251 4100 4132
f 4143 4141 4136
f 4164 4135 4127
f 4154 4286 4116
f 4114 4107 4104
f 4105 4106 4116
f 4145 4144 4139
f 4149 4137 4148
f 4102 4124 4126
f 4160 4159 4127
f 4248 4245 4102
f 4100 4146 4136
f 4142 4147 4103
f 4142 4100 4147
f 4140 4148 4137
f 4286 4112 4116
f 4124 4103 4108
f 4103 4104 4107
f 4165 4160 4128
f 4101 4102 4245
f 4142 4124 4102
f 4112 4149 4148
f 4134 4150 4161
f 4156 4158 4150
f 4155 4156 4134
f 4158 4157 4135
f 4128 4127 4151
f 4130 4128 4286
f 4284 4283 4160
f 4287 4164 4159
f 4120 4163 4162
f 4283 4287 4159
f 4120 4162 4161
f 4121 4166 4167
f 4166 4119 4167
f 4117 4118 4167
f 4148 4140 4250
f 4204 4203 4169
f 4186 4204 4170
f 4194 4193 4189
f 4195 4174 4175
f 4178 4188 4177
f 4184 4176 4207
f 4188 4189 4180
f 4196 4175 4181
f 4180 4181 4183
f 4214 4173 4187
f 4176 4190 4207
f 4174 4195 4190
f 4190 4205 4209
f 4197 4196 4181
f 4193 4199 4181
f 4171 4201 4168
f 4195 4168 4205
f 4186 4202 4201
f 4198 4173 4203
f 4172 4205 4168
f 4211 4200 4187
f 4206 4210 4205
f 4197 4171 4168
f 4197 4199 4186
f 4192 4194 4188
f 4213 4179 4191
f 4207 4209 4191
f 4208 4207 4179
f 4187 4200 4210
f 4178 4213 4212
f 4185 4182 4213
f 4173 4198 4211
f 4185 4177 4180
f 4185 4180 4215
f 4175 4174 4215
f 4203 4204 4193
f 4191 4200 4211
f 4203 4194 4198
f 4168 4195 4197
f 4191 4209 4210
f 4212 4211 4198
f 4222 4220 3884
f 3927 4216 3875
f 3877 4225 4217
f 3895 3897 4223
f 3912 4225 3897
f 3884 3919 4222
f 4217 4218 3877
f 4216 4219 3875
f 3927 4224 3921
f 4229 4228 3964
f 4230 4227 3962
f 4005 4002 3950
f 3998 4234 4232
f 3997 4234 3975
f 4233 3971 3993
f 3957 3954 4229
f 4232 4226 3955
f 3955 4226 4230
f 3957 3950 3954
f 4005 4233 4002
f 3980 4231 3979
f 3980 3979 3978
f 4238 4237 4041
f 4243 4031 4028
f 4076 4242 4030
f 4035 4079 4235
f 4033 4034 4072
f 4070 4242 4066
f 4243 4240 4050
f 4058 4054 4241
f 4031 4235 4079
f 4033 4030 4034
f 4037 4033 4072
f 4058 4241 4097
f 4248 4247 4110
f 4250 4244 4099
f 4100 4251 4249
f 4250 4131 4141
f 4144 4251 4139
f 4106 4105 4245
f 4244 4245 4099
f 4167 4119 4122
f 3914 4255 3935
f 3894 3914 3934
f 3931 3930 4256
f 3936 4257 4252
f 3899 3943 3913
f 3923 4258 3946
f 3890 3946 4260
f 3923 4259 4258
f 4255 4257 3936
f 4012 4269 4013
f 4269 4270 4015
f 4011 3994 4264
f 4016 4015 4270
f 4014 4008 4261
f 4009 4262 3994
f 4009 4014 4262
f 4016 4270 4261
f 3967 3968 4266
f 3966 3967 4268
f 3969 4265 4266
f 4080 4272 4277
f 4082 4048 4047
f 4084 4276 4088
f 4085 4276 4272
f 4086 4277 4048
f 4044 4045 4273
f 4052 4096 4278
f 4052 4278 4280
f 4045 4046 4279
f 4058 4094 4096
f 4280 4279 4046
f 4151 4281 4282
f 4152 4282 4286
f 4133 4285 4158
f 4118 4133 4156
f 4152 4151 4282
f 4151 4157 4281
f 4114 4115 4283
f 4138 4161 4287
f 4115 4145 4287
f 4119 4163 4120
f 4285 4281 4157
f 3985 4293 4294
f 3883 4288 4221
f 4297 3909 3932
f 4293 3985 4010
f 4253 3891 4289
f 3904 4288 3883
f 3886 4289 3891
f 4295 4107 4113
f 4246 4107 4295
f 3945 3909 4290
f 3884 4319 3904
f 4304 4293 4303
f 4607 4298 4129
f 4606 4290 4301
f 4236 4370 4039
f 4302 4301 4321
f 4318 4237 4038
f 4366 4344 4333
f 4361 4358 4348
f 4356 4331 4368
f 4369 4345 4334 4319
f 3811 3825 4382 4376
f 4227 4363 3962
f 4320 4356 4368
f 4318 4352 4366
f 4335 4343 4308
f 3888 4371 3882
f 4372 3910 3909
f 4254 4371 4372
f 3967 3966 3959
f 4264 3970 3964
f 4274 4275 4093
f 4065 4082 4081
f 4023 3986 3985
f 4373 4264 4263
f 3985 3986 4373
f 4129 4130 4154
f 3970 3958 3964
f 4082 4047 4081
f 4040 4044 4275
f 4239 4236 4037
f 4093 4065 4064
f 4126 4125 4111
f 4113 4114 4284
f 3829 4378 4380 3815
f 4378 3829 3830
f 4379 3832 3826
f 4383 3819 3824 4381
f 3828 3822 4375
f 3815 4380 4381 3824
f 4376 4375 3822 3811
f 4374 4377 3823 3820
f 4380 4389 4390 4381
f 3834 4382 3825
f 4626 4628 4391 3833
f 3833 4391 4392 3834
f 4384 3826 4377
f 4382 3834 4392 4393
f 4388 3831 4379
f 4374 3827 4385
f 3831 4388 4387 3830
f 4394 4383 4381 4390
f 4389 4380 4378
f 4395 4399 4377 4374
f 4396 4395 4374 4385
f 4376 4393 4403 4398
f 4392 4403 4393
f 4389 4401 4402 4390
f 4400 4379 4384
f 4401 4389 4378
f 4386 4375 4397
f 4390 4402 4404
f 4398 4397 4375 4376
f 4391 4411 4412 4392
f 4403 4392 4412 4413
f 4408 4388 4400
f 4388 4408 4407 4387
f 4387 4407 4406 4378
f 4378 4406 4409 4401
f 4414 4404 4402 4410
f 4628 4629 4411 4391
f 4410 4402 4401
f 4629 4630 4424 4411
f 4399 4421 4415 4384
f 4421 4399 4395 4416
f 4417 4416 4395 4396
f 4419 4418 4405 4397
f 4413 4420 4398
f 4422 4409 4406
f 4425 4414 4410 4423
f 4409 4422 4423 4410
f 4420 4419 4397 4398
f 4407 4430 4429 4406
f 4412 4434 4413
f 4430 4407 4408
f 4406 4429 4432 4422
f 4431 4400 4415
f 4422 4432 4433 4423
f 4418 4419 4427
f 4426 4428 4421 4416
f 4438 4437 4418 4427
f 4434 4439 4420
f 4441 4432 4429
f 4439 4438 4427 4420
f 4424 4630 4631 4442
f 4412 4424 4442 4443
f 4428 4435 4415
f 4439 4434 4456 4449
f 4440 4408 4431
f 4426 4417 4436
f 4430 4452 4451 4429
f 4429 4451 4454 4441
f 4435 4453 4431
f 4448 4447 4437 4438
f 4457 4444 4433 4455
f 4441 4454 4455 4433
f 4449 4448 4438 4439
f 4445 4450 4428 4426
f 4446 4445 4426 4436
f 4442 4632 4633 4464
f 4443 4456 4434
f 4452 4430 4440
f 4463 4454 4451
f 4443 4442 4464 4465
f 4450 4458 4435
f 4450 4445 4459
f 4460 4459 4445 4446
f 4453 4471 4470 4440
f 4462 4452 4440
f 4472 4455 4463
f 4633 4634 4482 4464
f 4459 4460 4466
f 4465 4473 4456
f 4469 4451 4462
f 4458 4471 4453
f 4462 4479 4478 4469
f 4468 4474 4458
f 4468 4459 4475
f 4479 4462 4470
f 4473 4477 4449
f 4469 4478 4480 4463
f 4463 4480 4481 4472
f 4467 4448 4476
f 4472 4481 4483
f 4477 4476 4448 4449
f 4471 4488 4487 4470
f 4489 4465 4482
f 4465 4489 4490 4473
f 4475 4466 4484
f 4494 4493 4476 4477
f 4474 4488 4471
f 4495 4479 4487
f 4490 4494 4477
f 4485 4476 4493
f 4634 4635 4496 4482
f 4503 4491 4481 4502
f 4486 4475 4492
f 4479 4501 4480
f 4480 4501 4502 4481
f 4474 4486 4500 4497
f 4517 4509 4500 4644
f 4512 4487 4488
f 4492 4484 4498
f 4502 4501 4516
f 4507 4494 4508
f 4513 4496 4635
f 4479 4495 4511 4510
f 4644 4498 4505
f 4489 4515 4490
f 4512 4511 4495
f 4560 4613 4346 4612
f 4345 4369 4314
f 4314 4350 4366
f 4353 4318 4305
f 4314 4369 3961
f 4352 4318 4353
f 4125 4109 4309
f 4220 4319 3884
f 4228 4220 3885
f 4125 4329 4308
f 4227 3963 4041
f 4353 4305 4039
f 4227 4237 4318
f 4343 4370 4308
f 4308 4247 4111
f 4247 4308 4370
f 4236 4040 4110
f 4172 4168 4523
f 4206 4522 4187
f 4187 4522 4214
f 4524 4170 4169
f 4525 4173 4214
f 4523 4168 4201
f 4526 4201 4202
f 4527 4169 4525
f 4530 4202 4524
f 4529 4527 4525
f 4214 4531 4525
f 4533 4524 4529
f 4532 4523 4526
f 4523 4532 4172
f 4172 4536 4540
f 4538 4529 4531
f 4540 4535 4522
f 4534 4522 4535
f 4534 4539 4531
f 4537 4526 4530
f 4544 4541 4538
f 4546 4544 4539
f 4542 4543 4530
f 4541 4542 4533
f 4317 4532 4537
f 4337 4547 4338
f 4549 4548 4550
f 4551 4550 4553
f 4360 4322 4556 4614
f 4304 4325 4327 4307
f 4047 4041 3963
f 4254 4263 3964
f 4254 3945 4010
f 4010 3945 4291
f 4611 4339 4324
f 4302 4324 4326
f 4330 4545 4536
f 4081 4047 3966
f 4081 4267 4026
f 4116 4110 4040
f 4613 4519 4336 4346
f 4349 4306 4307
f 4294 4064 4081
f 4300 4312 4288
f 4292 3962 4350
f 4309 4295 4340
f 4341 4535 4545
f 4356 4351 4331
f 4351 4357 4558
f 4320 4344 4364
f 4354 4355 4364
f 4553 4616 4554
f 4342 4546 4535
f 4546 4342 4608
f 4323 4541 4544
f 4542 4541 4323
f 4357 4560 4612
f 4332 4559 4365
f 4309 4340 4332
f 3340 4568 3679 3649
f 4521 4355 4512
f 4585 4485 4499
f 4584 4467 4485
f 4572 4573 3275 3266
f 4568 3340 3341
f 3462 3461 3345
f 3410 3324 3343
f 4569 4570 3324
f 103 105 3180
f 3209 3212 3208
f 3266 3257 4571
f 4574 4573 3273 3285
f 3264 3262 3274 3272
f 4574 3285 3293
f 3302 3305 3304
f 3304 3292 3294
f 3294 3292 3284
f 3649 3679 3680 3682
f 3229 3228 3238
f 3208 3207 3210
f 3208 4575 3207
f 3572 3575 3566 3565
f 4576 3590 3599
f 3575 3572 3581
f 4578 4577 3793 3605
f 3566 3630 3629
f 4579 4578 3605 3635
f 3809 4582 4581 3624
f 3615 3624 4580
f 3828 4583 4582 3809
f 4582 3821 3801
f 3265 3273 4573 4572
f 3351 4568 3350
f 3345 3410 3343
f 3324 3410 4569
f 3172 3171 3187
f 5367 3188 3130
f 3198 3317 3200
f 4575 3212 3198
f 3230 3234 3235
f 4572 4571 3248
f 3286 3275 4573 4574
f 3295 3286 4574 3293
f 3264 3256 3254 3262
f 3295 3293 3304
f 3272 3274 3284
f 3599 3602 3593 4576
f 3256 3239 3245
f 3228 3229 3209
f 3207 4575 3195
f 4575 3200 3404
f 3682 3680 3599
f 4576 3593 3584 3581
f 3630 3793 4577 3629
f 3565 3566 3629
f 3614 3604 4578 4579
f 4577 4578 3604
f 3635 3615 4580 4579
f 4581 3801 3623 4580
f 4583 3827 3821 4582
f 3801 4581 4582
f 4521 4504 4356 4355
f 4504 4351 4356
f 4588 4589 3715 3711
f 4485 4585 4584
f 4510 4511 4354
f 4510 4354 4358
f 4591 3729 3723 4590
f 3719 3715 4589
f 4592 3744 3798 4596
f 3729 4591 3732
f 4596 3798 3795 4593
f 4594 3796 3797 4595
f 3796 4594 4593
f 4597 3754 3744 4592
f 4595 3797 3819 4598
f 4472 4483 4602 4601
f 4414 4599 4404
f 4444 4425 4433
f 4601 4600 4457
f 4491 4503 4603 4602
f 4304 4306 4064 4294
f 4564 4604 4516
f 4619 4301 4290
f 4318 4038 4305
f 4311 4310 4298
f 4303 4293 4606
f 4095 4064 4306
f 4298 4310 4113
f 4369 4228 3961
f 4228 4369 4319
f 4298 4165 4129
f 3904 4300 4288
f 4312 4299 3886
f 4299 4619 4289
f 4302 4303 4606
f 4306 4311 4607
f 4347 4346 4543 4362
f 4543 4316 4537
f 4609 4323 4608
f 4362 4323 4609
f 4347 4331 4558
f 4627 4645 4605
f 4645 4627 4359 4564
f 4347 4312 4300 4331
f 4300 4334 4368 4331
f 4347 4609 4312
f 4564 4359 4557 4562
f 4559 4315 4322
f 4559 4322 4360
f 4562 4557 4555 4563
f 4561 4519 4587 4566
f 4565 4563 4555
f 4566 4565 4552
f 4519 4613 4567 4587
f 4336 4519 4547 4337
f 4560 4518 4567
f 4359 4365 4557
f 4616 4553 4550 4617
f 4365 4360 4614
f 4368 4345 4333 4320
f 4554 4555 4557
f 4555 4554 4616
f 4616 4617 4615
f 4615 4618 4561
f 4550 4548 4338
f 4617 4338 4547
f 4519 4561 4618
f 4340 4310 4315
f 4367 4335 4328 4348
f 4320 4333 4344
f 4335 4367 4364
f 4322 4311 4313 4556
f 4315 4311 4322
f 4620 4592 4596 4624
f 4556 4313 4327
f 4327 4553 4556
f 4553 4327 4325
f 4326 4324 4339
f 4299 4609 4610
f 4589 4588 3712
f 4590 3719 3720
f 3732 3733 741
f 4622 4593 4594 4623
f 4593 4621 4624
f 4593 4622 4621
f 4637 4597 4592 4620
f 4627 4361 4332 4359
f 4595 4625 4623
f 4598 4599 4626
f 4599 4414 4629 4628
f 4628 4626 4599
f 4414 4425 4630 4629
f 4425 4444 4631 4630
f 4444 4600 4632 4631
f 4600 4601 4633 4632
f 4601 4602 4634 4633
f 4560 4357 4520 4518
f 4635 4634 4602
f 4636 4635 4603
f 4467 4584 4638 4461
f 4517 4520 4357
f 4361 4309 4332
f 4446 4639 4638 4460
f 4447 4639 4640 4437
f 4417 4641 4640 4436
f 4584 4466 4460 4638
f 4642 4405 4418
f 4643 4386 4405
f 4639 4447 4461 4638
f 4639 4446 4436 4640
f 4641 4418 4437 4640
f 4641 4417 4396 4642
f 4643 4583 3828 4386
f 4396 4643 4642
f 4385 3827 4583 4643
f 4497 4500 4509 4504
f 4611 4610 4608
f 4342 4341 4339
f 4339 4341 4330
f 4549 4330 4536
f 4338 4536 4317
f 4317 4316 4336
f 4316 4543 4346
f 4586 4506 4647
f 4506 4507 4646
f 4565 4566 4508
f 4563 4565 4514
f 4562 4636 4604
f 4505 4586 4648
f 4510 4605 4501
f 4499 4493 4507
f 4653 4654 3726 3721
f 4500 4492 4644
f 4513 4514 4489
f 4515 4508 4494
f 4586 4499 4506
f 4498 4585 4586
f 4604 4603 4516
f 4646 4508 4566
f 4520 4648 4518
f 4647 4646 4587
f 4636 4562 4563
f 4504 4521 4488
f 4648 4647 4567
f 4610 4611 4321
f 3730 3726 4654
f 4649 4651 3640 3611
f 4651 4650 3620 3640
f 3756 3765 4656
f 4650 4656 3765 3620
f 1653 743 3730 4655
f 4660 4659 4650 4651
f 3713 4652 3717
f 4655 4654 4663
f 4667 4657 3747 4664
f 4661 4662 4653 3717
f 4664 3747 3756 4665
f 4665 3756 4656 4666
f 4654 4653 4662
f 4658 4660 4651 4649
f 4659 4666 4656 4650
f 4669 4673 4666 4659
f 4668 4669 4659 4660
f 4672 1672 1653 4655
f 4676 4684 4673 4669
f 4652 4670 4661
f 4666 4673 4665
f 4663 4654 4671
f 4660 4658 4668
f 4677 4676 4669 4668
f 4672 4663 4681
f 4679 4661 4670 4678
f 4680 4662 4661 4679
f 4664 4682 4674
f 4682 4664 4665 4683
f 4683 4665 4673 4684
f 4671 4662 4680
f 4691 4692 4672 4681
f 4684 4676 4686
f 4687 4686 4676 4677
f 4689 4680 4679 4688
f 1672 4672 4692
f 4690 4671 4680 4689
f 4690 4691 4681 4671
f 4685 4687 4677 4675
f 4700 4684 4686 4694
f 4698 4682 4683 4699
f 4678 4695 4688
f 4682 4698 4693
f 4697 4690 4689 4696
f 4699 4683 4684 4700
f 4701 4702 4687 4685
f 4690 4697 4691
f 4705 4692 4691 4704
f 4712 4700 4694 4707
f 4687 4702 4694
f 4688 4703 4696
f 4704 4697 4710
f 4710 4697 4696 4709
f 4695 4708 4703
f 4699 4711 4698
f 4711 4699 4700 4712
f 4718 4711 4712 4719
f 3709 3704 3705 3734
f 4707 4763 4714
f 4703 4716 4709
f 4710 4727 4704
f 4714 4713 4721
f 4719 4707 4722
f 3871 4729 3611 3634
f 4730 4668 4658 4729
f 4749 4701 4685 4748
f 3863 4730 4729
f 4749 4739 4736
f 4739 4748 4731 4747
f 4685 4731 4748
f 4734 4735 3869 3849
f 4733 4737 4738 4740
f 4731 3870 4747
f 4740 1751 1739
f 4740 4738 4743 4744
f 4744 1738 4740
f 1738 1751 4740
f 4731 4675 4668 4730
f 4741 4742 4735 4734
f 3874 1752 1738
f 4744 3874 1738
f 4730 3863 3870 4731
f 4744 4743 3862 3868
f 4747 3869 4735 4739
f 3869 4747 3870
f 4739 4735 4742 4736
f 4732 4750 4749 4736
f 4746 4732 4736
f 4734 4738 4737 4741
f 4713 4749 4750
f 4741 4737 4764 4745
f 1769 1766 4754 4755
f 4751 4698 4711
f 1762 1767 4752
f 1762 4752 4717 1737
f 4755 4752 1770
f 1769 4755 1770
f 4756 4758 4746 4745
f 4745 4715 4756
f 4757 4756 4715 4723
f 4732 4746 4758
f 4757 4723 4717 4752
f 4760 4759 4718 4719
f 4761 4756 4757 4762
f 4753 4762 4757 4752
f 4713 4763 4702 4701
f 4725 4716 4708 4724
f 4707 4702 4763
f 1719 4705 4728
f 4726 4709 4716 4725
f 4717 4723 4733 1739
f 4709 4726 4710
f 4723 4764 4737 4733
f 1739 1737 4717
f 4745 4746 4742 4741
f 4770 4769 4721 4750
f 4720 4706 4751
f 4771 4765 4732 4758
f 4767 4761 4762 4766
f 4766 4762 4753 4754
f 4771 4758 4756 4767
f 4765 4770 4750 4732
f 1766 1765 1954 1955
f 4714 4721 4769
f 4760 4722 4768
f 1779 1953 1954 1765
f 1957 1953 1779 1780
f 1951 1952 1780 1783
f 1956 1951 1783 1741
f 1956 1741 1778 1978
f 1978 1778 1775 1871
f 1808 1809 1818 1817
f 1871 1775 1781
f 4775 4725 4724 4774
f 4759 4773 4772
f 4772 4751 4718
f 4751 4772 4720
f 4704 4776 4728
f 4778 4775 4774 4777
f 4726 4775 4727
f 4779 4727 4775 4778
f 4727 4779 4776
f 1867 1732 1776 1868
f 4728 4780 1790
f 1792 1793 1797 1796
f 1868 1776 1786
f 1793 1794 1798 1797
f 1798 1794 1795 1799
f 1795 1790 1800 1799
f 1800 1790 4780 4785
f 4784 4785 4780 4776
f 4773 4787 4786 4772
f 4779 4783 4784 4776
f 1809 1800 4941 4793
f 4790 4943 4942 4789
f 4790 4791 4944 4943
f 4792 4945 4944 4791
f 4793 4941 4945 4792
f 1818 1809 4793 4801
f 4795 4796 4794 4788
f 4792 4800 4801 4793
f 1807 1808 1817 1816
f 1806 1807 1816 1815
f 1813 1804 1805 1814
f 1805 1815 1814
f 1812 1804 1813 1826
f 1812 1826 1819 1811
f 1879 1878 1811 1819
f 1880 1874 1875 1881
f 1881 1875 1873
f 4804 4798 4797 4803
f 4805 4799 4798 4804
f 1874 1880 1882 1876
f 4807 4800 4799 4806
f 4808 4801 4800 4807
f 1825 1818 4801 4808
f 4812 4804 4803 4811
f 4813 4805 4804 4812
f 4810 4816 4809 4802
f 4814 4806 4805 4813
f 4815 4808 4807 4814
f 1833 1825 4808 4815
f 4819 4812 4811 4818
f 4815 4822 1833
f 4820 4813 4812 4819
f 4817 4823 4816 4810
f 4822 4815 4814 4821
f 4814 4820 4821
f 1850 1833 4822 4830
f 4826 4819 4818 4825
f 4827 4820 4819 4826
f 4824 4831 4823 4817
f 4829 4821 4820 4828
f 4820 4827 4828
f 4834 4827 4826 4833
f 4821 4829 4830
f 4832 4837 4831 4824
f 4835 4828 4827 4834
f 4838 4844 4837 4832
f 4829 4835 4836
f 4830 4836 1850
f 4833 4839 4840
f 4848 4845 4760 4768
f 4835 4841 4842
f 4835 4842 4843
f 1850 4836 4843
f 4850 4849 4769 4946
f 4851 4856 4846 4845
f 4847 4769 4849
f 4846 4760 4845
f 4853 4851 4845 4848
f 4855 4854 4849 4850
f 4852 4853 4848 4847
f 4854 4852 4847 4849
f 1919 1913 1877 1883
f 1876 1882 1883
f 1913 1919 1922 1916
f 1916 1922 1923 1917
f 1917 1923 1921 1915
f 1915 1921 1920 1914
f 1920 1947 1946 1914
f 1912 1946 1947 1918
f 4898 4893 1912 4922
f 4862 4863 4857 4856
f 4865 4862 4856 4859
f 4864 4865 4859 4858
f 4860 4861 4867
f 4869 4863 4862 4868
f 4858 4860 4866
f 4868 4862 4865 4871
f 4871 4865 4864 4870
f 4867 4873 4872
f 4875 4869 4868 4874
f 4866 4872 4870
f 4877 4872 4873 4878
f 4876 4870 4872 4877
f 4870 4876 4871
f 4880 4875 4874 4879
f 4879 4874 4871 4881
f 4958 4885 4886 4918
f 4878 4882 4877
f 4856 4795 4788 4846
f 4876 4884 4881
f 4951 4959 4952
f 4894 4893 4898 4899
f 4896 4894 4899 4901
f 4810 4802 4857 4863
f 4817 4810 4863 4869
f 4824 4817 4869 4875
f 4832 4824 4875 4880
f 4838 4832 4880 4883
f 4893 4888 4921 1912
f 4891 4926 4930 4889
f 4926 4891 4890
f 4889 4930 4927 4888
f 4887 4929 4926 4890
f 4895 4892 4887 4890
f 4896 4891 4889 4894
f 4896 4895 4890 4891
f 4894 4889 4888 4893
f 4895 4896 4901 4900
f 4892 4895 4900 4897
f 4855 4892 4897 4861
f 4852 4854 4860 4858
f 4854 4855 4861
f 4858 4859 4853 4852
f 4857 4802 4795 4856
f 4859 4856 4851
f 4796 4795 4802 4809
f 4905 4902 4897 4900
f 4904 4906 4901 4899
f 4906 4905 4900 4901
f 4904 4899 4898 4903
f 4910 4907 4902 4905
f 4911 4910 4905 4906
f 4906 4904 4909
f 4924 4923 1918 1929
f 4909 4904 4903 4908
f 4912 4907 4910 4915
f 4914 4916 4911 4909
f 4916 4915 4910 4911
f 4925 4924 1929 1935
f 4913 4914 4909 4908
f 4917 4912 4915 4919
f 4920 4919 4915 4916
f 4797 4789 4796 4809
f 4903 4898 4922 4923
f 4908 4903 4923 4924
f 4913 4908 4924 4925
f 4778 4782 4783 4779
f 4773 4759 4846 4788
f 4781 4778 4777
f 5889 4934 4931 4932
f 1958 1960 4932
f 4888 4927 4928 4921
f 4934 5889 4938
f 1955 1907 4921 4928
f 4943 4781 4777 4942
f 4785 4941 1800
f 4944 4783 4782 4943
f 3742 3709 3734 3738
f 4945 4784 4783 4944
f 4941 4785 4784 4945
f 4768 4714 4847
f 4929 4946 4770 4765
f 4769 4847 4714
f 4769 4770 4946
f 4929 4765 4771 4926
f 4873 4867 4902 4907
f 4767 4930 4926
f 4789 4797 4798 4790
f 4892 4855 4850 4887
f 4887 4850 4946 4929
f 4882 4878 4912 4917
f 4930 4767 4766 4927
f 4878 4873 4907 4912
f 4861 4897 4902
f 3743 3710 3709 3742
f 3754 3711 3710 3743
f 3711 3754 4597 4588
f 4588 4597 4637 3712
f 3713 3712 3800 3799
f 4637 3800 3712
f 3799 4657 4652 3713
f 4670 4652 4667 4674
f 4657 4667 4652
f 4724 4708 4706 4720
f 4674 4693 4678
f 4693 4706 4695
f 4774 4724 4720 4786
f 4777 4774 4786 4787
f 4766 4754 4928 4927
f 1766 1955 4928 4754
f 4942 4777 4787 4794
f 4789 4942 4794 4796
f 4791 4799 4800 4792
f 4791 4790 4799
f 4803 4797 4809 4816
f 4811 4803 4816 4823
f 4818 4811 4823 4831
f 4825 4818 4831 4837
f 4837 4844 4833 4825
f 4916 4914 4918 4920
f 4949 4883 4879 4948
f 4948 4879 4881
f 4919 4920 4886 4950
f 4883 4949 4838
f 4952 4882 4917 4951
f 4838 4947 4844
f 4919 4950 4951 4917
f 4839 4833 4844 4947
f 4937 4938 4954 4953
f 5890 4954 4938
f 4950 4957 4959 4951
f 4950 4886 4885 4957
f 4954 5890 5891 4960
f 4953 4960 4964 4963
f 4882 4952 4967 4877
f 5891 4964 4960
f 4884 4876 4877 4967
f 4833 4968 4841 4834
f 4841 4835 4834
f 4840 4969 4968 4833
f 4970 4978 4969 4840
f 4975 4971 4885 4958
f 4974 4881 4884 4973
f 4971 4980 4982 4957
f 4964 4977 4963
f 4977 4964 4986 4985
f 4981 4948 4974
f 4970 4839 4979
f 4957 4982 4984 4959
f 4983 4980 4971 4975
f 4989 4967 4976
f 5892 4986 4964
f 4948 4981 4949
f 4998 6010 6020 4992
f 4967 4989 4973
f 4959 4984 4976
f 4985 5016 6010 4998
f 5017 6011 5893 5894
f 6011 5017 5016
f 5894 5893 6012 5018
f 4987 4988 5019 6012
f 6013 5003 4990 4994
f 5002 5019 4988
f 6013 6014 5006 5007
f 4995 6015 6014 4993
f 5030 5045 5043 5027
f 5017 5051 5050 5035
f 5033 5031 5046 5048
f 5037 5034 5049 5053
f 5894 5895 5051 5017
f 5044 5028 5027 5043
f 5047 5040 5024 5032
f 5041 5025 5028 5044
f 5029 5037 5053
f 5048 5049 5034 5033
f 5054 5038 5023 5039
f 5026 5025 5041 5042
f 5022 5026 5042
f 5031 5024 5040 5046
f 5066 5058 5029 5053
f 5062 5063 5049 5048
f 5046 5040 5056 5060
f 5043 5045 5059 5057
f 5051 5065 5064 5050
f 5039 5022 5055
f 5058 5059 5045 5029
f 5048 5046 5060 5062
f 5053 5049 5063 5066
f 5895 5896 5065 5051
f 5061 5056 5040 5047
f 5043 5057 5044
f 5060 5056 5068 5073
f 5062 5060 5073 5075
f 5059 5058 5072
f 5074 5068 5056 5061
f 5069 5041 5044 5071
f 5075 5076 5063 5062
f 5067 5079 5054 5039
f 5041 5069 5070 5042
f 5055 5042 5070
f 5090 5076 5075 5089
f 5080 5095 5079 5067
f 5080 5055 5070 5083
f 5069 5082 5083 5070
f 5073 5068 5081 5087
f 5059 5086 5084 5057
f 5065 5092 5091 5064
f 5067 5055 5080
f 5075 5073 5087 5089
f 5072 5085 5086
f 5076 5090 5085 5066
f 5897 5898 5092 5065
f 5088 5081 5068 5074
f 5057 5084 5071
f 5087 5081 5098 5104
f 5092 5108 5107 5091
f 5101 5084 5086
f 5080 5096 5097
f 5090 5106 5103 5085
f 5085 5103 5086
f 5092 5898 5899 5108
f 5102 5071 5084 5101
f 5105 5098 5081 5088
f 5099 5082 5071 5102
f 5097 5111 5095 5080
f 5096 5080 5083 5100
f 5082 5099 5100 5083
f 5122 5114 5098 5105
f 5124 5106 5089 5123
f 5103 5124 5119
f 5102 5118 5115
f 5129 5111 5097 5113
f 5112 5096 5100 5116
f 5104 5098 5114 5121
f 5116 5100 5099
f 5113 5097 5096 5112
f 5117 5101 5086
f 5108 5126 5125 5107
f 5120 5086 5103 5119
f 5089 5104 5121 5123
f 5899 5900 5126 5108
f 5124 5103 5106
f 5118 5102 5101 5117
f 5121 5114 5132 5138
f 5126 5142 5141 5125
f 5137 5135 5117
f 5112 5130 5131
f 5136 5137 5120 5119
f 5900 5901 5142 5126
f 5139 5132 5114 5122
f 5118 5117 5135
f 5138 5140 5124 5123
f 5119 5124 5136
f 5115 5118 5133
f 5136 5140 5154 5150
f 5113 5131 5145
f 5116 5134 5130
f 5134 5116 5115
f 5901 5902 5155 5142
f 5148 5132 5139 5152
f 5153 5154 5140 5138
f 5158 5145 5131 5147
f 5132 5148 5151 5138
f 5146 5147 5131 5130
f 5134 5149 5162 5163
f 5137 5136 5150
f 5151 5153 5138
f 5135 5137 5167 5164
f 5159 5160 5147 5146
f 5166 5167 5137 5150
f 5171 5142 5155
f 5150 5154 5170 5166
f 5169 5153 5151
f 5902 5903 5172 5155
f 5164 5165 5149 5135
f 5161 5148 5152 5168
f 5170 5154 5153 5169
f 5160 5174 5158 5147
f 5163 5159 5146 5134
f 5170 5184 5189 5166
f 5903 5904 5186 5172
f 5180 5181 5165 5164
f 5177 5161 5168 5183
f 5181 5178 5162 5165
f 5176 5190 5174 5160
f 5179 5175 5159 5163
f 5163 5162 5178 5179
f 5161 5177 5182 5151
f 5175 5176 5160 5159
f 5167 5180 5164
f 5172 5186 5185 5171
f 5192 5203 5190 5176
f 5194 5191 5175 5179
f 5179 5178 5193 5194
f 5167 5198 5195 5180
f 5199 5182 5177
f 5191 5192 5176 5175
f 5198 5167 5166 5197
f 5182 5199 5200 5169
f 5184 5201 5204 5189
f 5195 5196 5181 5180
f 5904 5202 5186
f 5204 5197 5166 5189
f 5196 5193 5178 5181
f 5201 5184 5169 5200
f 5213 5198 5197 5212
f 5201 5216 5220 5204
f 5215 5200 5199
f 5202 5904 5905 5217
f 5210 5211 5196 5195
f 5207 5177 5183 5214
f 5212 5197 5204 5220
f 5211 5208 5193 5196
f 5216 5201 5200 5215
f 5206 5221 5203 5192
f 5209 5205 5191 5194
f 5194 5193 5208 5209
f 5198 5213 5210 5195
f 5205 5206 5192 5191
f 5202 5217 5214 5185
f 5222 5236 5221 5206
f 5209 5208 5224 5225
f 5205 5209 5225
f 5207 5223 5230 5199
f 5213 5229 5226 5210
f 5214 5217 5234 5233
f 5229 5213 5212 5228
f 5216 5232 5235 5220
f 5217 5905 5906 5234
f 5227 5211 5210 5226
f 5223 5207 5214 5231
f 5228 5212 5220 5235
f 5224 5208 5211 5227
f 5244 5229 5228 5243
f 5242 5227 5226 5241
f 5246 5215 5230
f 5239 5224 5227 5242
f 5223 5231 5245
f 5247 5232 5215 5246
f 5238 5250 5236 5222
f 5240 5237 5205 5225
f 5225 5224 5239 5240
f 5229 5244 5241 5226
f 5237 5238 5222 5205
f 2287 2288 2310 2309
f 2288 2285 2307 2310
f 2286 2308 2307 2285
f 2308 2286 2282 2304
f 2282 2283 2305 2304
f 2283 2295 2317 2305
f 2315 2316 2295 2294
f 2295 2316 2317
f 2960 2961 2315 2294
f 2293 2314 2961 2960
f 2277 2313 2314 2293
f 5887 5915 5882 5880
f 2313 2277 2284
f 2284 2306 2313
f 5779 5887 5880 5275
f 5275 5257 5286 5779
f 5257 5254 5278 5286
f 5243 5278 5254 5244
f 5255 5262 5244 5254
f 5262 5255 5276 5263
f 5276 5255 5256 5872
f 2274 2312 2306 2284
f 5230 5223 5259 5265
f 2312 2274 2291
f 5266 5259 5223 5245
f 5233 5234 5267 5266
f 5245 5233 5266
f 5907 5248 5268 5267
f 5268 5248 5249 5269
f 5249 5250 5270 5269
f 5238 5258 5270 5250
f 5265 5259 5273 5279
f 5272 5258 5237 5271
f 5277 5278 5243 5264
f 5254 5257 5256 5255
f 5908 5281 5267
f 5280 5273 5259 5266
f 5276 5274 5260 5263
f 5264 5247 5277
f 5283 5270 5258 5272
f 5279 5273 5284 5287
f 5273 5280 5288
f 5872 5256 5815
f 5770 5763 5774 5782
f 5285 5286 5278 5277
f 5834 5833 5831 5832
f 5287 5289 5279
f 3091 3090 3089
f 3469 3090 3091
f 3098 3103 3096
f 3109 3095 3097
f 3110 3104 3102
f 3105 3113 3090
f 3114 3115 3100
f 5298 5295 5330
f 5326 5328 5305
f 5329 5313 5315
f 5314 5316 5296
f 5312 5332 5311
f 5291 5324 5319
f 5323 5320 5294
f 5320 5322 5294
f 5331 5327 5308
f 5306 5309 5326
f 5296 5299 5314
f 5353 5352 5336
f 5830 5831 5833
f 5356 5347 5349
f 5383 5382 5379 5384
f 5258 5238 5237
f 5357 5355 5345
f 5342 5356 5358
f 5345 5355 5359
f 5358 5360 5340
f 5364 5363 5361
f 3140 3121 3124
f 3123 3121 3405
f 3124 3179 3140
f 3124 60 3179
f 3185 3193 3178
f 3150 3156 3159
f 3156 3150 3152
f 5368 3193 3194
f 3181 3172 105
f 105 104 3181
f 3092 3090 3469
f 3127 3109 3110
f 3147 3139 3113
f 3174 3173 5367
f 3486 3487 3477
f 3500 3487 3486
f 3557 3553 3543
f 3560 3546 3538
f 3562 3542 3547
f 3558 3545 3548
f 3318 281 2444
f 3109 5364 3137
f 3173 3174 3179
f 277 3318 3314
f 5362 3178 5365
f 3319 3196 3314
f 3177 5367 3173
f 5367 3177 3188
f 3130 3142 3135
f 5365 3404 5408
f 3164 5380 3311
f 5380 3164 3312
f 5402 5389 4570 3320
f 5384 5379 5373
f 3162 3156 3161 3151
f 5386 5387 5375
f 5405 5373 5379
f 3121 3141 3405
f 5406 5379 3313
f 5381 3167 3166
f 5378 3148 3149
f 3162 83 77
f 3162 3159 3156
f 3169 5380 3312
f 3167 5381 5382
f 3168 5382 5383
f 5386 3318 5387
f 3319 5386 5377
f 3135 5361 5363
f 5402 5390 5376
f 3161 3156 3160
f 3312 3389 3169
f 4569 3403 5391 3320
f 3151 428 3162
f 5394 3415 3414 5395
f 5389 5388 3407
f 3127 5404 5364
f 3200 5370 5369
f 5363 3130 3135
f 3130 5363 3405
f 3314 5386 3319
f 5386 3314 3318
f 3458 5392 2447
f 3415 5394 5393
f 3401 5395 5396 5400
f 5398 5400 5397
f 392 5392 5393
f 5395 3401 5401
f 5401 3402 3463 5393
f 5399 3397 3398 5398
f 5384 5390 5402 5383
f 5390 5370 5385
f 5388 5374 3316
f 5374 5375 3315
f 5389 5402 5376
f 5403 5390 5372
f 5383 5402 3320 5391
f 5390 5384 5372
f 3263 3269 3278 3271
f 5403 5369 5390
f 3126 3138 3149
f 3106 3107 3137
f 3093 3094 3107
f 5379 5382 5381
f 3542 3528 3534
f 3511 3534 3528
f 3502 3489 3488
f 3488 3489 3478
f 3478 3471 3470
f 3157 3310 3311
f 3155 3152 3310
f 3538 3559 3560
f 3551 3550 3552
f 3540 3529 3528
f 3529 3513 3512
f 3513 3503 3502
f 3479 3478 3489
f 3471 3478 3479
f 3480 3482 6022
f 5373 5405 5403
f 5403 5371 5369
f 3192 3204 5409
f 161 3221 3219
f 3178 3197 5365
f 3149 5371 5403
f 5403 5405 3149
f 3192 5366 2463
f 3206 3226 3236
f 3241 3246 3252
f 3247 3252 3259
f 3255 3259 3269
f 3283 3289 3298
f 3298 3307 3303
f 3305 3302 3307
f 3309 3307 267
f 3310 3153 3145 3311
f 3241 3238 3233
f 3236 3233 3228
f 3207 3214 3206
f 5378 3149 5405
f 5406 3147 5378
f 5407 3165 3147
f 3165 5407 3312
f 3165 3312 3164
f 3311 3145 3164
f 3464 5393 5392 3458
f 3153 3310 3152
f 3154 3159 1572
f 3423 3424 5413
f 411 5414 3465
f 3391 3392 5415
f 3413 3416 3420
f 3443 5418 3439
f 3170 3389 5420
f 3389 5419 5420
f 5421 3411 3321
f 3170 3169 3389
f 5537 3387 3411
f 5539 5419 3382
f 5527 5531 5428
f 5532 5425 5432
f 5530 5440 5441
f 5450 5436 5437
f 5442 5434 5423
f 5441 5454 5452
f 5436 5450 5444
f 5448 5442 5423
f 5431 5438 5451
f 5453 5440 5429
f 5439 5452 5451
f 5428 5433 5445
f 5440 5453 5454
f 5445 5427 5424
f 5434 5442 5449
f 5452 5439 5441
f 5444 5464 5458
f 5459 5445 5443
f 5464 5450 5434
f 5463 5457 5425
f 5448 5455 5442
f 5431 5451 5463
f 5462 5461 5447
f 5461 5465 5453
f 5446 5445 5460
f 5448 5425 5457
f 5448 5457 5469
f 5464 5475 5470
f 5512 5465 5478
f 5467 5480 5479
f 5525 5476 5478
f 5496 5518 5499
f 5497 5498 5517
f 5503 5487 5514
f 5500 5493 5483
f 5484 5489 5496
f 5499 5494 5480
f 5490 5491 5495
f 5496 5499 5481
f 5514 5487 5488
f 5495 5496 5490
f 5480 5494 5486
f 5502 5483 5493
f 3434 3441 3442 3437
f 3170 3443 3441 3434
f 3437 3442 3447 3440
f 2550 5501 3452 437
f 3448 5501 3151 3161
f 5398 3412 5399
f 3440 3448 3161
f 438 3151 5501
f 5397 3413 3420 5398
f 3413 5396 3414
f 3413 5397 5396
f 3416 3422 3446 3420
f 3170 5420 5418
f 5454 5465 5466
f 5485 5481 5499
f 5478 5526 5491
f 5475 5487 5506
f 5474 5469 5481
f 5477 5509 5502
f 5473 5469 5457
f 5466 5512 5476
f 5474 5467 5455
f 5510 5509 5477
f 5471 5472 5520
f 5462 5460 5520
f 5471 5520 5460
f 5513 5471 5459
f 5495 5493 5515
f 5518 5496 5515
f 5515 5496 5495
f 5519 5515 5493
f 5521 5517 5514
f 5518 5523 5494
f 5503 5514 5517
f 5522 5524 5511
f 5516 5521 5524
f 5523 5518 5522
f 5523 5486 5494
f 5516 5517 5521
f 5515 5519 5522
f 5485 5480 5467
f 5508 5471 5468
f 5505 5525 5478
f 5487 5475 5488
f 5489 5481 5469
f 5465 5526 5478
f 5470 5475 5506
f 5479 5480 5507
f 5449 5492 5488
f 5486 5507 5480
f 5502 5509 5483
f 5510 5497 5483
f 5503 5504 5506
f 5424 5427 5528
f 5429 5530 5527
f 3392 3391 5531
f 5425 5532 5533
f 5434 5539 5423
f 5420 5436 5435
f 5543 5438 5533
f 5458 5470 5468
f 5543 5538 5439
f 3392 5531 5527
f 5427 5433 5531
f 5537 5532 5432
f 5536 5530 5534
f 5529 5528 3391
f 5530 5536 5535
f 5423 3382 5537
f 5532 5537 5541
f 5534 5439 5538
f 5422 5399 5542
f 3390 5420 5540
f 3411 5421 5543
f 5421 5422 5538
f 5500 5497 5517
f 5482 5497 5510
f 5461 5520 5472
f 5447 5446 5462
f 5446 5447 5430
f 5535 3412 5415
f 5415 3412 3420
f 3420 3446 5415
f 3386 5410 3393 3438
f 3422 3416 3421
f 5456 5443 5444
f 5426 5444 5443
f 5529 5435 5426
f 5540 5435 5529
f 3383 3439 3390
f 3438 3439 3386
f 5410 3384 3395 3393
f 3384 3385 3394 3395
f 3394 3385 5412 3455
f 3455 5411 2467 371
f 3418 3425 3424 3417
f 3419 5416 3425 3418
f 411 5417 3456 405
f 5867 5866 5595 5589
f 5741 5291 5544
f 5319 5544 5291
f 5292 5551 5549
f 5557 5546 5549
f 5547 5558 5553
f 5556 5293 5553
f 5548 5545 5555
f 5560 5554 5544
f 5587 5835 5867 5589
f 5761 5839 5835 5587
f 5576 5568 5572
f 5570 5564 5577
f 5360 5575 5565
f 5575 5360 5567
f 5570 5573 5566
f 5568 5563 5572
f 5764 5838 5839 5761
f 5240 5239 5260 5261
f 5574 5571 5562
f 5764 5761 5836
f 5761 5587 5837
f 5562 5586 5569
f 5237 5240 5261
f 5843 5772 5912
f 5858 5830 5854 5855
f 5598 5591 5579
f 5599 5558 5581
f 5587 5589 5847
f 5833 5854 5830
f 5582 5596 5600
f 5600 5594 5578
f 5588 5592 5597
f 5584 5580 5593
f 5624 5604 5606
f 5621 5604 5626
f 5611 5616 5618
f 5625 5627 5609
f 5610 5628 5614
f 5605 5619 5603
f 5613 5620 5602
f 5651 5630 5635
f 5639 5635 5630
f 5629 5621 5636
f 5660 5657 5646
f 5647 5658 5661
f 5656 5645 5650
f 5643 5654 5659
f 5644 5655 5660
f 5673 5675 5685
f 5675 5678 5685
f 5670 5666 5663
f 5684 5683 5671
f 5671 5683 5686
f 5677 5678 5692
f 5710 5688 5693
f 5695 5689 5700
f 5696 5693 5688
f 5694 5687 5709
f 5706 5711 5708
f 5717 5713 5702
f 5661 5715 5705
f 5711 5716 5708
f 5703 5714 5712
f 5700 5656 5661
f 5719 5731 5727
f 5728 5726 5720
f 5729 5721 5732
f 5731 5719 5729
f 5718 5730 5728
f 5242 5263 5260 5239
f 5563 5351 5931
f 5934 5935 5688
f 5338 5334 5945
f 5563 5931 5941
f 5599 5593 5556
f 5599 5553 5558
f 5591 5996 5588
f 5600 5660 5655
f 5660 5600 5596
f 5728 5730 5717
f 5708 5726 5728
f 5867 5835 5827 5861
f 5590 5576 5940
f 5336 5931 5341
f 5775 5765 5767 5781
f 5734 5609 5604
f 5841 5837 5847
f 5872 5815 5275 5778
f 5769 5776 5773 5755
f 5257 5815 5256
f 5275 5815 5257
f 5850 5888 5851 5848
f 5773 5776 5885
f 5284 5288 5879
f 5878 5781 5285 5289
f 5772 5762 5771
f 5792 5793 5911 5795
f 5778 5275 5777 5888
f 5793 5791 5794
f 5792 5818 5824 5789
f 5751 5805 5768
f 5818 5253 5819 5824
f 5253 5816 5820 5819
f 5822 5821 5816 5817
f 5802 5806 5807 5804
f 5805 5803 5804
f 5749 5748 5757 5758
f 5865 5866 5862 5863
f 5749 5758 5759
f 5798 5800 5802 5804
f 5755 5744 5747 5756
f 5804 5803 5801
f 5825 5826 5919
f 5756 5747 5746
f 5755 5763 5753 5745
f 5745 5744 5755
f 5917 5851 5888 5777
f 5763 5760 5753
f 5842 5840 5826
f 5844 5848 5841 5847
f 5839 5828 5827 5835
f 5783 5771 5770 5782
f 5742 5753 5760
f 5742 5754 5743
f 5288 5871 5883 5884
f 5828 5839 5838
f 5787 5772 5843 5794
f 5836 5837 5841
f 5764 5836 5840
f 5845 5846 5864 5870
f 5848 5851 5826 5841
f 5861 5862 5866 5867
f 5782 5774 5884
f 5913 5782 5883
f 5863 5860 5868 5865
f 5869 5868 5860 5859
f 5870 5864 5868 5869
f 5271 5874 5875 5272
f 5874 5271 5261
f 5241 5262 5263 5242
f 5872 5877 5274 5276
f 5269 5282 5268
f 5845 5873 5850 5846
f 5877 5873 5845
f 5874 5261 5274 5877
f 5289 5287 5885 5878
f 5913 5883 5871
f 5880 5777 5275
f 5869 5875 5870
f 5875 5869 5859 5886
f 5844 5846 5850 5848
f 5777 5880 5882 5917
f 5595 5864 5846 5844
f 5872 5778 5873 5877
f 5779 5286 5781
f 5871 5288 5281
f 5879 5885 5287
f 5247 5265 5279 5277
f 5854 5794 5855
f 5281 5280 5266
f 5768 5780 5750 5751
f 5794 5912 5855
f 5780 5766 5757 5750
f 5912 5914 5856 5855
f 5856 5914 5913 5853
f 5852 5889 4932 2967
f 4932 1960 2967
f 5914 5783 5782 5913
f 5912 5772 5783 5914
f 5871 5849 5853 5913
f 5873 5778 5888 5850
f 5865 5868 5864 5595
f 5917 5768 5805 5919
f 5788 5784 5991
f 5766 5918 5758 5757
f 5767 5918 5887 5779
f 5919 5805 5807 5910
f 5910 5807 5806 5909
f 5908 5282 5849 5871
f 5790 5786 5784
f 5789 5785 5786 5790
f 5794 5854 5911
f 5794 5791 5787
f 5918 5767 5758
f 5722 5733 5730
f 5723 5727 5948
f 5789 5824 5814 5785
f 5759 5767 5765 5746
f 5824 5819 5808 5814
f 5805 5751 5803
f 5765 5756 5746
f 5809 5808 5819 5820
f 5918 5766 5915 5887
f 5336 5942 5337
f 5589 5595 5844 5847
f 5920 5806 5802 5916
f 5667 5680 5693
f 5677 5690 5694
f 5698 5707 5702
f 5663 5666 5679
f 5686 5667 5689
f 5689 5693 5696
f 5698 5690 5704
f 5697 5708 5704
f 5857 5858 5855 5856
f 5881 5853 5849 5876
f 5856 5853 5857
f 5853 5881 5857
f 5876 5849 5282 5269
f 5882 5915 5780 5917
f 5810 5809 5820 5821
f 5756 5769 5755
f 5821 5822 5811 5810
f 5812 5811 5822 5823
f 5253 5818 5922 5252
f 5763 5770 5771
f 5818 5792 5795 5922
f 5816 5253 5252
f 5252 5251 5816
f 5921 5920 5817
f 5251 5921 5817
f 5817 5816 5251
f 5922 5795 5834 5925
f 5923 5764 5842
f 5838 5924 5829
f 5920 5921 5928 5929
f 5929 5928 5909
f 5251 5252 5930 5927
f 5928 5923 5842 5909
f 5834 5795 5833
f 5920 5929 5909 5806
f 5924 5838 5926 5927
f 5926 5838 5923 5928
f 5754 5762 5772 5743
f 5832 5925 5834
f 5832 5829 5924
f 5762 5754 5760
f 5916 5800 5797 5813
f 5823 5916 5813
f 5763 5755 5773 5774
f 5555 5545 5740
f 5312 5550 5293
f 5741 5302 5291
f 5304 5324 5325
f 5738 5294 5317
f 5299 5298 5307
f 5295 5298 5322
f 5320 5323 5300
f 5332 5304 5301
f 5332 5329 5315
f 5323 5318 5292
f 5547 5312 5306
f 5313 5735 5736
f 5737 5558 5547
f 5326 5549 5546
f 5549 5326 5292
f 5327 5328 5309
f 5310 5308 5736
f 5311 5736 5308
f 5570 5577 5580
f 5353 5569 5586
f 5344 5343 5348
f 5945 5354 5344
f 5337 5350 5335
f 5945 5350 5337
f 5333 5338 5942
f 5931 5351 5341
f 5569 5353 5340
f 5586 5562 5941
f 5941 5562 5571
f 5584 5581 5573
f 5581 5582 5567
f 5585 5575 5567
f 5311 5309 5312
f 5309 5306 5312
f 5800 5798 5799
f 5743 5772 5787
f 5791 5788 5787
f 5788 5791 5793 5790
f 5879 5884 5774
f 5884 5879 5288
f 5280 5281 5288
f 5277 5279 5289
f 5878 5776 5775
f 5792 5789 5790 5793
f 5796 5798 5801 5803
f 5219 5249 5248 5218
f 5751 5796 5803
f 5322 5298 5299
f 5654 5643 5936
f 5648 5639 5641
f 5621 5629 5734
f 5625 5635 5631
f 5605 5620 5613
f 5613 5612 5932
f 5602 5620 5623
f 5610 5627 5625
f 5628 5607 5631
f 5637 5633 5622
f 5635 5639 5631
f 5639 5648 5644
f 5637 5631 5644
f 5637 5646 5633
f 5648 5659 5655
f 5598 5594 5655
f 5583 5578 5594
f 5575 5585 5578
f 5578 5583 5574
f 5583 5579 5571
f 5574 5565 5578
f 5349 5345 5566
f 5359 5566 5345
f 5359 5339 5564
f 5342 5340 5353
f 5339 5341 5568
f 5341 5351 5563
f 5931 5352 5586
f 5568 5576 5577
f 5576 5590 5580
f 5940 5571 5579
f 5590 5597 5593
f 5560 5556 5593
f 5556 5560 5552
f 5318 5303 5545
f 5324 5304 5293
f 5328 5327 5300
f 5305 5300 5323
f 5626 5611 5608
f 5638 5632 5608
f 5626 5608 5632
f 5650 5638 5634
f 5638 5650 5645
f 5649 5645 5656
f 5656 5712 5653
f 5708 5697 5692
f 5714 5703 5937
f 5933 5691 5705
f 5701 5705 5691
f 5935 5687 5698
f 5709 5687 5934
f 5677 5685 5678
f 5677 5694 5681
f 5947 5662 5679
f 5682 5664 5676
f 5693 5680 5662
f 5694 5709 5669
f 5939 5934 5710
f 5935 5937 5703
f 5635 5625 5609
f 5645 5649 5640
f 5649 5642 5629
f 5938 5936 5643
f 5233 5245 5231
f 5219 5218 5187 5203
f 5214 5233 5231
f 5183 5168 5171 5185
f 5187 5188 5203
f 5188 5187 5173 5174
f 5157 5174 5173 5156
f 5168 5152 5142 5171
f 5152 5139 5141 5142
f 5156 5143 5144 5157
f 5139 5122 5125 5141
f 5143 5127 5128
f 5122 5105 5107 5125
f 5105 5088 5091 5107
f 5109 5110 5128 5127
f 5093 5094 5110 5109
f 5077 5078 5094 5093
f 5036 5052 5078 5077
f 5091 5088 5074 5064
f 5061 5047 5050 5064
f 5032 5035 5050 5047
f 4981 6016 6015 4995
f 6016 4997 5011 5008
f 5020 5010 4996 5001
f 4997 4996 5010
f 4985 4983 4975 4977
f 4977 4975 4958 4963
f 4963 4958 4918 4953
f 4953 4918 4914 4937
f 4937 4914 4913 4934
f 4934 4913 4925 4931
f 1935 1958 4931 4925
f 4988 4987 4965 4966
f 4961 4962 4966 4965
f 4955 4956 4962 4961
f 4939 4940 4956 4955
f 4936 4935 4933 4843
f 4935 4936 4940
f 5991 5990 5551 5559
f 5738 5317 5297
f 5554 5739 5740
f 5303 5741 5740
f 5738 5741 5303
f 5622 5633 5634
f 5941 5940 5572
f 5945 5344 5350
f 5566 5573 5567
f 5558 5946 5582
f 5947 5939 5662
f 5653 5654 5936
f 5657 5658 5647
f 5642 5936 5938
f 5605 5606 5623
f 5605 5613 5617
f 5715 5716 5711
f 5613 5932 5617
f 5634 5633 5646
f 5734 5938 5630
f 5692 5933 5705
f 5709 5934 5939
f 5666 5682 5676
f 5984 5981 5720
f 5691 5678 5671
f 5698 5702 5937
f 5988 5984 5720
f 5712 5714 5653
f 5659 5654 5591
f 5560 5597 5592
f 5996 5995 5554 5592
f 5750 5748 5993
f 5559 5555 5991
f 5994 5743 5991
f 5739 5554 5995
f 5745 5996 5997 5744
f 5714 5998 5997 5653
f 5997 5747 5744
f 6007 6005 5811 5812
f 5998 5714 5713
f 5796 5751 5992
f 5561 5551 5990
f 6001 5785 5814
f 6003 5737 5557
f 5808 5809 6004
f 5809 5810 6005
f 5799 5798 6000
f 5797 5799 6000
f 5716 5715 5813
f 5946 5658 5657
f 5555 5739 5994 5991
f 5946 5558 6005
f 5968 5956 5953
f 5341 5338 5333
f 5961 5951 5960
f 5339 5334 5338
f 5357 5354 5334
f 5354 5357 5346
f 5958 5954 5971
f 5347 5348 5343
f 5959 5964 5965
f 5335 5348 5347
f 5356 5342 5335
f 5342 5353 5337
f 5963 5958 5971
f 5972 5965 5975
f 5967 5973 5976
f 5954 5724 5971
f 5982 5980 5955
f 5982 5972 5975
f 5971 5981 5974
f 5981 5971 5724
f 5974 5962 5971
f 5952 5968 5969
f 5300 5295 5320
f 5968 5959 5955
f 5977 5968 5955
f 5970 5976 5954
f 5977 5955 5980
f 5951 5961 5950
f 5331 5330 5295
f 5330 5331 5310
f 5957 5970 5954
f 5988 5974 5984
f 5981 5984 5974
f 5967 5957 5987
f 5953 5956 5987
f 5735 5316 5307
f 5316 5735 5313
f 5986 5961 5960
f 5329 5296 5316
f 5329 5301 5296
f 5976 5970 5967
f 5985 5962 5974
f 5976 5718 5724
f 5718 5976 5979
f 5961 5986 5952
f 5967 5987 5956
f 5975 5985 5988
f 5978 5948 5979
f 5963 5985 5965
f 5301 5325 5321
f 5325 5302 5297
f 5738 5297 5302
f 5969 5953 5950
f 5724 5720 5981
f 5980 5725 5719
f 5725 5980 5982
f 5975 5949 5721
f 5948 5989 5733
f 6008 5749 5752
f 5748 5749 5993
f 5726 5944 5949
f 5989 5993 6008
f 5786 5990 5991
f 5996 5591 5654 5997
f 5743 5994 5995
f 5995 5996 5753
f 6004 5558 5737 6003
f 5747 5997 5998
f 5746 5998 5999
f 5785 6001 5990
f 6001 6002 5557
f 6003 6002 5814
f 5658 5946 6005 6007
f 5558 6004 6005
f 5726 5708 5716
f 6006 6000 5716
f 6007 5813 5715
f 5733 6008 5999 5713
f 5730 5733 5713
f 5796 5992 5729 5732
f 5731 5750 5993
f 5729 5992 5750
f 5732 5943 6000 5796
f 5726 5943 5944
f 5944 5943 5732
f 6009 5930 5925 5832
f 5927 6009 5832
f 5927 5930 6009
f 5831 5828 5829 5832
f 5827 5828 5831 5830
f 5862 5861 5830 5858
f 5858 5857 5860 5863
f 5859 5857 5881 5886
f 5859 5860 5857
f 5876 5283 5886 5881
f 5282 5908 5267 5268
f 5283 5876 5269
f 5248 5907 5906 5218
f 5244 5262 5241
f 5243 5235 5264
f 5247 5264 5235
f 5219 5236 5250 5249
f 5905 5904 5187 5218
f 5145 5158 5157 5144
f 5221 5219 5203
f 5190 5188 5174
f 5157 5158 5174
f 5144 5128 5129 5145
f 5111 5129 5128 5110
f 5094 5095 5111 5110
f 5078 5079 5095 5094
f 5079 5078 5052 5054
f 5019 5038 5054 5052
f 4999 6018 6017 5000
f 5001 4989 4976 5000
f 4984 4999 5000 4976
f 4969 4966 4962 4968
f 4968 4962 4956 4841
f 4935 5852 2967 4933
f 4841 4956 4940
f 4936 4842 4841
f 5890 4955 4961 5891
f 5852 4935 4939
f 4955 5890 5889
f 5014 6018 6019 5012
f 5892 4965 4987
f 4980 4992 4982
f 5012 6019 6020 5005
f 5077 5897 5896 5036
f 5896 5895 5036
f 5897 5077 5093 5898
f 5109 5899 5898 5093
f 5899 5109 5127 5900
f 5901 5900 5127 5143
f 5902 5901 5143 5156
f 5903 5902 5156 5173
f 5904 5903 5173 5187
f 4989 5001 4996 4973
f 5609 5601 5604
f 5624 5626 5604
f 5627 5623 5601
f 5610 5602 5623
f 5612 5602 5610
f 5612 5610 5615
f 5616 5932 5612
f 5611 5626 5624
f 5665 5681 5669
f 5664 5668 5681
f 5668 5682 5674
f 5674 5670 5672
f 5684 5672 5670
f 5667 5663 5679
f 5957 5951 5950
f 5958 5960 5951
f 5958 5963 5960
f 5986 5960 5963
f 5963 5964 5966
f 5952 5966 5964
f 5953 5987 5957
f 4973 4996 4997 4974
f 4949 4995 4993 4972
f 4974 4997 4981
f 4995 4949 4981
f 4994 4947 4972 4993
f 4994 4990 4979 4947
f 4990 4991 4970 4979
f 4991 5002 4978 4970
f 4983 4998 4992 4980
f 4987 5893 5892
f 5012 5005 5024 5031
f 5014 5012 5031 5033
f 5033 5034 5015 5014
f 5020 5015 5034 5037
f 5037 5029 5010 5020
f 5029 5030 5011 5010
f 5027 5008 5011 5030
f 5008 5027 5028 5009
f 5009 5028 5025 5006
f 5026 5007 5006 5025
f 5007 5026 5022 5003
f 5003 5022 5023 5004
f 5004 5023 5038 5021
f 5035 5032 5013 5016
f 5019 5021 5038
f 5018 5036 5894
f 5032 5024 5005 5013
f 6010 5013 5005 6020
f 5016 4985 4986 6011
f 5013 6010 5016
f 5004 5021 5002 4991
f 5893 4987 6012
f 5019 5018 6012
f 6013 4994 4993 6014
f 5004 4991 5003
f 5003 6013 5007
f 6015 5009 5006 6014
f 5008 5009 6015 6016
f 5001 5000 6017 5020
f 5014 5015 6017 6018
f 6018 4999 4982 6019
f 6019 4982 4992 6020
f 4705 1706 1698 4692
f 3473 3103 6022
f 3473 3101 3103
f 3473 3472 3101
f 3466 3468 3086
f 3093 3470 3471
f 3095 3094 3471
f 3223 159 162
f 3221 157 277
f 5387 2444 2435
f 3874 882 1752
f 651 672 3668
s 2
f 6026 6025 6044 6045
s 3
f 6497 6479 6080 6098
f 6422 6421 6038 6039
s 2
f 6711 6026 6045 6046
s 3
f 6421 6403 6037 6038
s 2
f 6028 6711 6046 6047
s 3
f 6459 6441 6042 6060
s 2
f 6713 6028 6047 6048
s 3
f 6460 6459 6060 6061
s 2
f 6030 6713 6048 6049
s 3
f 6574 6573 6193 6194
s 2
f 6031 6030 6049 6050
f 6024 6156 6043
s 3
f 6593 6592 6212 6213
s 2
f 6032 6031 6050 6051
f 6025 6024 6043 6044
s 3
f 6479 6478 6079 6080
f 6517 6516 6117 6118
f 6592 6574 6194 6212
s 2
f 6050 6049 6068 6069
f 6043 6156 6062
s 3
f 6611 6593 6213 6231
s 2
f 6051 6050 6069 6070
f 6044 6043 6062 6063
s 3
f 6612 6611 6231 6232
f 6535 6517 6118 6136
s 2
f 6045 6044 6063 6064
s 3
f 6630 6612 6232 6250
f 6536 6056 6535 6137
s 2
f 6046 6045 6064 6065
s 3
f 6554 6536 6137 6174
s 2
f 6047 6046 6065 6066
s 3
f 6555 6554 6174 6175
s 2
f 6048 6047 6066 6067
s 3
f 6573 6555 6175 6193
s 2
f 6049 6048 6067 6068
s 3
f 6687 6669 6289 6307
s 2
f 6069 6068 6087 6088
f 6062 6156 6081
s 3
f 6688 6687 6307 6308
s 2
f 6070 6069 6088 6089
f 6063 6062 6081 6082
s 3
f 6706 6688 6308 6326
f 6631 6630 6250 6251
s 2
f 6064 6063 6082 6083
s 3
f 6707 6706 6326 6327
f 6649 6631 6251 6269
s 2
f 6065 6064 6083 6084
s 3
f 6650 6649 6269 6270
s 2
f 6066 6065 6084 6085
s 3
f 6668 6650 6270 6288
s 2
f 6067 6066 6085 6086
s 3
f 6669 6668 6288 6289
s 2
f 6068 6067 6086 6087
s 3
f 6715 6714 6383 6384
s 2
f 6088 6087 6106 6107
f 6081 6156 6100
s 3
f 6716 6715 6384 6402
s 2
f 6089 6088 6107 6108
f 6082 6081 6100 6101
s 3
f 6718 6716 6402 6403
f 6708 6707 6327 6345
s 2
f 6083 6082 6101 6102
s 3
f 6719 6718 6403 6421
f 6709 6708 6345 6346
s 2
f 6084 6083 6102 6103
s 3
f 6710 6709 6346 6364
s 2
f 6085 6084 6103 6104
s 3
f 6712 6710 6364 6365
s 2
f 6086 6085 6104 6105
s 3
f 6714 6712 6365 6383
s 2
f 6087 6086 6105 6106
s 3
f 6036 6035 6460 6478
s 2
f 6107 6106 6125 6126
f 6100 6156 6119
s 3
f 6040 6036 6478 6479
s 2
f 6108 6107 6126 6127
f 6101 6100 6119 6120
s 3
f 6052 6040 6479 6497
f 6720 6719 6421 6422
s 2
f 6102 6101 6120 6121
s 3
f 6053 6052 6497 6498
f 6724 6720 6422 6440
s 2
f 6103 6102 6121 6122
s 3
f 6725 6724 6440 6441
s 2
f 6104 6103 6122 6123
s 3
f 6034 6725 6441 6459
s 2
f 6105 6104 6123 6124
s 3
f 6035 6034 6459 6460
s 2
f 6106 6105 6124 6125
s 3
f 6059 6058 6554 6555
s 2
f 6126 6125 6144 6145
f 6119 6156 6138
s 3
f 6071 6059 6555 6573
s 2
f 6127 6126 6145 6146
f 6120 6119 6138 6139
s 3
f 6072 6071 6573 6574
f 6054 6053 6498 6516
s 2
f 6121 6120 6139 6140
s 3
f 6073 6072 6574 6592
f 6055 6054 6516 6517
s 2
f 6122 6121 6140 6141
s 3
f 6056 6055 6517 6535
s 2
f 6123 6122 6141 6142
s 3
f 6057 6151 6056 6536
s 2
f 6124 6123 6142 6143
s 3
f 6058 6057 6536 6554
s 2
f 6125 6124 6143 6144
s 3
f 6090 6078 6631 6649
s 2
f 6145 6144 6163 6164
f 6138 6156 6157
s 3
f 6091 6090 6649 6650
s 2
f 6146 6145 6164 6165
f 6139 6138 6157 6158
s 3
f 6092 6091 6650 6668
f 6074 6073 6592 6593
s 2
f 6140 6139 6158 6159
s 3
f 6093 6092 6668 6669
f 6075 6074 6593 6611
s 2
f 6141 6140 6159 6160
s 3
f 6076 6075 6611 6612
s 2
f 6142 6141 6160 6161
s 3
f 6077 6076 6612 6630
s 2
f 6143 6142 6161 6162
s 3
f 6078 6077 6630 6631
s 2
f 6144 6143 6162 6163
s 3
f 6170 6169 6075 6076
s 2
f 6164 6163 6182 6183
f 6157 6156 6176
s 3
f 6171 6170 6076 6077
s 2
f 6165 6164 6183 6184
f 6158 6157 6176 6177
s 3
f 6172 6171 6077 6078
f 6155 6154 6059 6071
s 2
f 6159 6158 6177 6178
s 3
f 6094 6093 6669 6687
f 6166 6155 6071 6072
s 2
f 6160 6159 6178 6179
s 3
f 6167 6166 6072 6073
s 2
f 6161 6160 6179 6180
s 3
f 6168 6167 6073 6074
s 2
f 6162 6161 6180 6181
s 3
f 6169 6168 6074 6075
s 2
f 6163 6162 6181 6182
s 3
f 6189 6188 6094 6095
s 2
f 6183 6182 6201 6202
f 6176 6156 6195
s 3
f 6190 6189 6095 6096
s 2
f 6184 6183 6202 6203
f 6177 6176 6195 6196
s 3
f 6191 6190 6096 6097
f 6173 6172 6078 6090
s 2
f 6178 6177 6196 6197
s 3
f 6095 6094 6687 6688
f 6185 6173 6090 6091
s 2
f 6179 6178 6197 6198
s 3
f 6186 6185 6091 6092
s 2
f 6180 6179 6198 6199
s 3
f 6187 6186 6092 6093
s 2
f 6181 6180 6199 6200
s 3
f 6188 6187 6093 6094
s 2
f 6182 6181 6200 6201
s 3
f 6208 6207 6113 6114
s 2
f 6202 6201 6220 6221
f 6195 6156 6214
s 3
f 6209 6208 6114 6115
s 2
f 6203 6202 6221 6222
f 6196 6195 6214 6215
s 3
f 6210 6209 6115 6116
f 6192 6191 6097 6109
s 2
f 6197 6196 6215 6216
s 3
f 6096 6095 6688 6706
f 6204 6192 6109 6110
s 2
f 6198 6197 6216 6217
s 3
f 6205 6204 6110 6111
s 2
f 6199 6198 6217 6218
s 3
f 6206 6205 6111 6112
s 2
f 6200 6199 6218 6219
s 3
f 6207 6206 6112 6113
s 2
f 6201 6200 6219 6220
s 3
f 6227 6226 6132 6133
s 2
f 6221 6220 6239 6240
f 6214 6156 6233
s 3
f 6228 6227 6133 6134
s 2
f 6222 6221 6240 6241
f 6215 6214 6233 6234
s 3
f 6229 6228 6134 6135
f 6211 6210 6116 6128
s 2
f 6216 6215 6234 6235
s 3
f 6097 6096 6706 6707
f 6223 6211 6128 6129
s 2
f 6217 6216 6235 6236
s 3
f 6224 6223 6129 6130
s 2
f 6218 6217 6236 6237
s 3
f 6225 6224 6130 6131
s 2
f 6219 6218 6237 6238
s 3
f 6226 6225 6131 6132
s 2
f 6220 6219 6238 6239
s 3
f 6246 6340 6245 6152
s 2
f 6240 6239 6258 6259
f 6233 6156 6252
s 3
f 6247 6246 6152 6153
s 2
f 6241 6240 6259 6260
f 6234 6233 6252 6253
s 3
f 6248 6247 6153 6154
f 6230 6229 6135 6147
s 2
f 6235 6234 6253 6254
s 3
f 6109 6097 6707 6708
f 6242 6230 6147 6148
s 2
f 6236 6235 6254 6255
s 3
f 6243 6242 6148 6149
s 2
f 6237 6236 6255 6256
s 3
f 6244 6243 6149 6150
s 2
f 6238 6237 6256 6257
s 3
f 6245 6244 6150 6151
s 2
f 6239 6238 6257 6258
s 3
f 6265 6264 6169 6170
s 2
f 6259 6258 6277 6278
f 6252 6156 6271
s 3
f 6266 6265 6170 6171
s 2
f 6260 6259 6278 6279
f 6253 6252 6271 6272
s 3
f 6267 6266 6171 6172
f 6249 6248 6154 6155
s 2
f 6254 6253 6272 6273
s 3
f 6110 6109 6708 6709
f 6261 6249 6155 6166
s 2
f 6255 6254 6273 6274
s 3
f 6262 6261 6166 6167
s 2
f 6256 6255 6274 6275
s 3
f 6263 6262 6167 6168
s 2
f 6257 6256 6275 6276
s 3
f 6264 6263 6168 6169
s 2
f 6258 6257 6276 6277
s 3
f 6284 6283 6188 6189
s 2
f 6278 6277 6296 6297
f 6271 6156 6290
s 3
f 6285 6284 6189 6190
s 2
f 6279 6278 6297 6298
f 6272 6271 6290 6291
s 3
f 6286 6285 6190 6191
f 6268 6267 6172 6173
s 2
f 6273 6272 6291 6292
s 3
f 6111 6110 6709 6710
f 6280 6268 6173 6185
s 2
f 6274 6273 6292 6293
s 3
f 6281 6280 6185 6186
s 2
f 6275 6274 6293 6294
s 3
f 6282 6281 6186 6187
s 2
f 6276 6275 6294 6295
s 3
f 6283 6282 6187 6188
s 2
f 6277 6276 6295 6296
s 3
f 6303 6302 6207 6208
s 2
f 6297 6296 6315 6316
f 6290 6156 6309
s 3
f 6304 6303 6208 6209
s 2
f 6298 6297 6316 6317
f 6291 6290 6309 6310
s 3
f 6305 6304 6209 6210
f 6287 6286 6191 6192
s 2
f 6292 6291 6310 6311
s 3
f 6112 6111 6710 6712
f 6299 6287 6192 6204
s 2
f 6293 6292 6311 6312
s 3
f 6300 6299 6204 6205
s 2
f 6294 6293 6312 6313
s 3
f 6301 6300 6205 6206
s 2
f 6295 6294 6313 6314
s 3
f 6302 6301 6206 6207
s 2
f 6296 6295 6314 6315
s 3
f 6322 6321 6226 6227
s 2
f 6316 6315 6334 6335
f 6309 6156 6328
s 3
f 6323 6322 6227 6228
s 2
f 6317 6316 6335 6336
f 6310 6309 6328 6329
s 3
f 6324 6323 6228 6229
f 6306 6305 6210 6211
s 2
f 6311 6310 6329 6330
s 3
f 6113 6112 6712 6714
f 6318 6306 6211 6223
s 2
f 6312 6311 6330 6331
s 3
f 6319 6318 6223 6224
s 2
f 6313 6312 6331 6332
s 3
f 6320 6319 6224 6225
s 2
f 6314 6313 6332 6333
s 3
f 6321 6320 6225 6226
s 2
f 6315 6314 6333 6334
s 3
f 6341 6435 6340 6246
s 2
f 6335 6334 6353 6354
f 6328 6156 6347
s 3
f 6342 6341 6246 6247
s 2
f 6336 6335 6354 6355
f 6329 6328 6347 6348
s 3
f 6343 6342 6247 6248
f 6325 6324 6229 6230
s 2
f 6330 6329 6348 6349
s 3
f 6114 6113 6714 6715
f 6337 6325 6230 6242
s 2
f 6331 6330 6349 6350
s 3
f 6338 6337 6242 6243
s 2
f 6332 6331 6350 6351
s 3
f 6339 6338 6243 6244
s 2
f 6333 6332 6351 6352
s 3
f 6340 6339 6244 6245
s 2
f 6334 6333 6352 6353
s 3
f 6360 6359 6264 6265
s 2
f 6354 6353 6372 6373
f 6347 6156 6366
s 3
f 6361 6360 6265 6266
s 2
f 6355 6354 6373 6374
f 6348 6347 6366 6367
s 3
f 6362 6361 6266 6267
f 6344 6343 6248 6249
s 2
f 6349 6348 6367 6368
s 3
f 6115 6114 6715 6716
f 6356 6344 6249 6261
s 2
f 6350 6349 6368 6369
s 3
f 6357 6356 6261 6262
s 2
f 6351 6350 6369 6370
s 3
f 6358 6357 6262 6263
s 2
f 6352 6351 6370 6371
s 3
f 6359 6358 6263 6264
s 2
f 6353 6352 6371 6372
s 3
f 6379 6378 6283 6284
s 2
f 6373 6372 6391 6392
f 6366 6156 6385
s 3
f 6380 6379 6284 6285
s 2
f 6374 6373 6392 6393
f 6367 6366 6385 6386
s 3
f 6381 6380 6285 6286
f 6363 6362 6267 6268
s 2
f 6368 6367 6386 6387
s 3
f 6116 6115 6716 6718
f 6375 6363 6268 6280
s 2
f 6369 6368 6387 6388
s 3
f 6376 6375 6280 6281
s 2
f 6370 6369 6388 6389
s 3
f 6377 6376 6281 6282
s 2
f 6371 6370 6389 6390
s 3
f 6378 6377 6282 6283
s 2
f 6372 6371 6390 6391
s 3
f 6398 6397 6302 6303
s 2
f 6392 6391 6410 6411
f 6385 6156 6404
s 3
f 6399 6398 6303 6304
s 2
f 6393 6392 6411 6412
f 6386 6385 6404 6405
s 3
f 6400 6399 6304 6305
f 6382 6381 6286 6287
s 2
f 6387 6386 6405 6406
s 3
f 6128 6116 6718 6719
f 6394 6382 6287 6299
s 2
f 6388 6387 6406 6407
s 3
f 6395 6394 6299 6300
s 2
f 6389 6388 6407 6408
s 3
f 6396 6395 6300 6301
s 2
f 6390 6389 6408 6409
s 3
f 6397 6396 6301 6302
s 2
f 6391 6390 6409 6410
s 3
f 6417 6416 6321 6322
s 2
f 6411 6410 6429 6430
f 6404 6156 6423
s 3
f 6418 6417 6322 6323
s 2
f 6412 6411 6430 6431
f 6405 6404 6423 6424
s 3
f 6419 6418 6323 6324
f 6401 6400 6305 6306
s 2
f 6406 6405 6424 6425
s 3
f 6129 6128 6719 6720
f 6413 6401 6306 6318
s 2
f 6407 6406 6425 6426
s 3
f 6414 6413 6318 6319
s 2
f 6408 6407 6426 6427
s 3
f 6415 6414 6319 6320
s 2
f 6409 6408 6427 6428
s 3
f 6416 6415 6320 6321
s 2
f 6410 6409 6428 6429
s 3
f 6436 6530 6435 6341
s 2
f 6430 6429 6448 6449
f 6423 6156 6442
s 3
f 6437 6436 6341 6342
s 2
f 6431 6430 6449 6450
f 6424 6423 6442 6443
s 3
f 6438 6437 6342 6343
f 6420 6419 6324 6325
s 2
f 6425 6424 6443 6444
s 3
f 6130 6129 6720 6724
f 6432 6420 6325 6337
s 2
f 6426 6425 6444 6445
s 3
f 6433 6432 6337 6338
s 2
f 6427 6426 6445 6446
s 3
f 6434 6433 6338 6339
s 2
f 6428 6427 6446 6447
s 3
f 6435 6434 6339 6340
s 2
f 6429 6428 6447 6448
s 3
f 6455 6454 6359 6360
s 2
f 6449 6448 6467 6468
f 6442 6156 6461
s 3
f 6456 6455 6360 6361
s 2
f 6450 6449 6468 6469
f 6443 6442 6461 6462
s 3
f 6457 6456 6361 6362
f 6439 6438 6343 6344
s 2
f 6444 6443 6462 6463
s 3
f 6131 6130 6724 6725
f 6451 6439 6344 6356
s 2
f 6445 6444 6463 6464
s 3
f 6452 6451 6356 6357
s 2
f 6446 6445 6464 6465
s 3
f 6453 6452 6357 6358
s 2
f 6447 6446 6465 6466
s 3
f 6454 6453 6358 6359
s 2
f 6448 6447 6466 6467
s 3
f 6474 6473 6378 6379
s 2
f 6468 6467 6486 6487
f 6461 6156 6480
s 3
f 6475 6474 6379 6380
s 2
f 6469 6468 6487 6488
f 6462 6461 6480 6481
s 3
f 6476 6475 6380 6381
f 6458 6457 6362 6363
s 2
f 6463 6462 6481 6482
s 3
f 6132 6131 6725 6034
f 6470 6458 6363 6375
s 2
f 6464 6463 6482 6483
s 3
f 6471 6470 6375 6376
s 2
f 6465 6464 6483 6484
s 3
f 6472 6471 6376 6377
s 2
f 6466 6465 6484 6485
s 3
f 6473 6472 6377 6378
s 2
f 6467 6466 6485 6486
s 3
f 6493 6492 6397 6398
s 2
f 6487 6486 6505 6506
f 6480 6156 6499
s 3
f 6494 6493 6398 6399
s 2
f 6488 6487 6506 6507
f 6481 6480 6499 6500
s 3
f 6495 6494 6399 6400
f 6477 6476 6381 6382
s 2
f 6482 6481 6500 6501
s 3
f 6133 6132 6034 6035
f 6489 6477 6382 6394
s 2
f 6483 6482 6501 6502
s 3
f 6490 6489 6394 6395
s 2
f 6484 6483 6502 6503
s 3
f 6491 6490 6395 6396
s 2
f 6485 6484 6503 6504
s 3
f 6492 6491 6396 6397
s 2
f 6486 6485 6504 6505
s 3
f 6512 6511 6416 6417
s 2
f 6506 6505 6524 6525
f 6499 6156 6518
s 3
f 6513 6512 6417 6418
s 2
f 6507 6506 6525 6526
f 6500 6499 6518 6519
s 3
f 6514 6513 6418 6419
f 6496 6495 6400 6401
s 2
f 6501 6500 6519 6520
s 3
f 6134 6133 6035 6036
f 6508 6496 6401 6413
s 2
f 6502 6501 6520 6521
s 3
f 6509 6508 6413 6414
s 2
f 6503 6502 6521 6522
s 3
f 6510 6509 6414 6415
s 2
f 6504 6503 6522 6523
s 3
f 6511 6510 6415 6416
s 2
f 6505 6504 6523 6524
s 3
f 6531 6625 6530 6436
s 2
f 6525 6524 6543 6544
f 6518 6156 6537
s 3
f 6532 6531 6436 6437
s 2
f 6526 6525 6544 6545
f 6519 6518 6537 6538
s 3
f 6533 6532 6437 6438
f 6515 6514 6419 6420
s 2
f 6520 6519 6538 6539
s 3
f 6135 6134 6036 6040
f 6527 6515 6420 6432
s 2
f 6521 6520 6539 6540
s 3
f 6528 6527 6432 6433
s 2
f 6522 6521 6540 6541
s 3
f 6529 6528 6433 6434
s 2
f 6523 6522 6541 6542
s 3
f 6530 6529 6434 6435
s 2
f 6524 6523 6542 6543
s 3
f 6550 6549 6454 6455
s 2
f 6544 6543 6562 6563
f 6537 6156 6556
s 3
f 6551 6550 6455 6456
s 2
f 6545 6544 6563 6564
f 6538 6537 6556 6557
s 3
f 6552 6551 6456 6457
f 6534 6533 6438 6439
s 2
f 6539 6538 6557 6558
s 3
f 6147 6135 6040 6052
f 6546 6534 6439 6451
s 2
f 6540 6539 6558 6559
s 3
f 6547 6546 6451 6452
s 2
f 6541 6540 6559 6560
s 3
f 6548 6547 6452 6453
s 2
f 6542 6541 6560 6561
s 3
f 6549 6548 6453 6454
s 2
f 6543 6542 6561 6562
s 3
f 6569 6568 6473 6474
s 2
f 6563 6562 6581 6582
f 6556 6156 6575
s 3
f 6570 6569 6474 6475
s 2
f 6564 6563 6582 6583
f 6557 6556 6575 6576
s 3
f 6571 6570 6475 6476
f 6553 6552 6457 6458
s 2
f 6558 6557 6576 6577
s 3
f 6148 6147 6052 6053
f 6565 6553 6458 6470
s 2
f 6559 6558 6577 6578
s 3
f 6566 6565 6470 6471
s 2
f 6560 6559 6578 6579
s 3
f 6567 6566 6471 6472
s 2
f 6561 6560 6579 6580
s 3
f 6568 6567 6472 6473
s 2
f 6562 6561 6580 6581
s 3
f 6588 6587 6492 6493
s 2
f 6582 6581 6600 6601
f 6575 6156 6594
s 3
f 6589 6588 6493 6494
s 2
f 6583 6582 6601 6602
f 6576 6575 6594 6595
s 3
f 6590 6589 6494 6495
f 6572 6571 6476 6477
s 2
f 6577 6576 6595 6596
s 3
f 6149 6148 6053 6054
f 6584 6572 6477 6489
s 2
f 6578 6577 6596 6597
s 3
f 6585 6584 6489 6490
s 2
f 6579 6578 6597 6598
s 3
f 6586 6585 6490 6491
s 2
f 6580 6579 6598 6599
s 3
f 6587 6586 6491 6492
s 2
f 6581 6580 6599 6600
s 3
f 6607 6606 6511 6512
s 2
f 6601 6600 6619 6620
f 6594 6156 6613
s 3
f 6608 6607 6512 6513
s 2
f 6602 6601 6620 6621
f 6595 6594 6613 6614
s 3
f 6609 6608 6513 6514
f 6591 6590 6495 6496
s 2
f 6596 6595 6614 6615
s 3
f 6150 6149 6054 6055
f 6603 6591 6496 6508
s 2
f 6597 6596 6615 6616
s 3
f 6604 6603 6508 6509
s 2
f 6598 6597 6616 6617
s 3
f 6605 6604 6509 6510
s 2
f 6599 6598 6617 6618
s 3
f 6606 6605 6510 6511
s 2
f 6600 6599 6618 6619
s 4
f 6626 6641 6643 6628
s 2
f 6620 6619 6638 6639
f 6613 6156 6632
s 4
f 6642 6627 6629 6644
s 2
f 6621 6620 6639 6640
f 6614 6613 6632 6633
s 4
f 6629 6628 6643 6644
s 3
f 6610 6609 6514 6515
s 2
f 6615 6614 6633 6634
s 3
f 6151 6150 6055 6056
f 6622 6610 6515 6527
s 2
f 6616 6615 6634 6635
s 3
f 6623 6622 6527 6528
s 2
f 6617 6616 6635 6636
s 3
f 6624 6623 6528 6529
s 2
f 6618 6617 6636 6637
s 3
f 6625 6624 6529 6530
s 2
f 6619 6618 6637 6638
s 5
f 6662 6647 6646 6661
s 2
f 6639 6638 6657 6658
f 6632 6156 6651
s 5
f 6663 6648 6647 6662
s 2
f 6640 6639 6658 6659
f 6633 6632 6651 6652
s 5
f 6645 6646 6647 6648
s 4
f 6627 6626 6628 6629
s 2
f 6634 6633 6652 6653
s 3
f 6152 6245 6151 6057
s 4
f 6642 6641 6626 6627
s 2
f 6635 6634 6653 6654
s 4
f 6644 6643 6641 6642
s 2
f 6636 6635 6654 6655
s 5
f 6660 6645 6648 6663
s 2
f 6637 6636 6655 6656
s 5
f 6661 6646 6645 6660
s 2
f 6638 6637 6656 6657
s 6
f 6664 6665 6666 6667
s 2
f 6658 6657 6676 6677
f 6651 6156 6670
s 6
f 6682 6681 6680 6679
s 2
f 6659 6658 6677 6678
f 6652 6651 6670 6671
s 7
f 6698 6683 6686 6701
s 5
f 6663 6662 6661 6660
s 2
f 6653 6652 6671 6672
s 3
f 6153 6152 6057 6058
s 6
f 6679 6664 6667 6682
s 2
f 6654 6653 6672 6673
s 6
f 6680 6665 6664 6679
s 2
f 6655 6654 6673 6674
s 6
f 6681 6666 6665 6680
s 2
f 6656 6655 6674 6675
s 6
f 6682 6667 6666 6681
s 2
f 6657 6656 6675 6676
s 8
f 6717 6702 6705 6723
s 2
f 6677 6676 6695 6696
f 6670 6156 6689
s 8
f 6721 6703 6702 6717
s 2
f 6678 6677 6696 6697
f 6671 6670 6689 6690
s 8
f 6722 6704 6703 6721
s 7
f 6699 6684 6683 6698
s 2
f 6672 6671 6690 6691
s 3
f 6154 6153 6058 6059
s 7
f 6700 6685 6684 6699
s 2
f 6673 6672 6691 6692
s 7
f 6701 6686 6685 6700
s 2
f 6674 6673 6692 6693
s 7
f 6683 6684 6685 6686
s 2
f 6675 6674 6693 6694
s 7
f 6701 6700 6699 6698
s 2
f 6676 6675 6694 6695
s 8
f 6702 6703 6704 6705
s 2
f 6696 6695 6030 6031
f 6689 6156 6024
s 8
f 6723 6722 6721 6717
s 2
f 6697 6696 6031 6032
f 6690 6689 6024 6025
s 3
f 6498 6497 6098 6099
s 8
f 6723 6705 6704 6722
s 2
f 6691 6690 6025 6026
s 3
f 6516 6498 6099 6117
f 6440 6422 6039 6041
s 2
f 6692 6691 6026 6711
s 3
f 6403 6402 6033 6037
s 2
f 6693 6692 6711 6028
s 3
f 6441 6440 6041 6042
s 2
f 6694 6693 6028 6713
s 3
f 6478 6460 6061 6079
s 2
f 6695 6694 6713 6030
s 3
f 6402 6384 6029 6033
f 6384 6383 6027 6029
f 6383 6365 6023 6027
f 6365 6364 6726 6023
f 6364 6346 6727 6726
f 6346 6345 6728 6727
f 6345 6327 6729 6728
f 6327 6326 6730 6729
f 6326 6308 6731 6730
f 6308 6307 6732 6731
f 6307 6289 6733 6732
f 6289 6288 6734 6733
f 6288 6270 6735 6734
f 6270 6269 6736 6735
f 6269 6251 6737 6736
f 6251 6250 6738 6737
f 6250 6232 6739 6738
f 6232 6231 6740 6739
f 6231 6213 6741 6740
f 6213 6212 6742 6741
f 6212 6194 6743 6742
f 6194 6193 6744 6743
f 6193 6175 6745 6744
f 6175 6174 6746 6745
f 6174 6137 6747 6746
f 6137 6535 6136 6747
f 6136 6118 6749 6748
f 6118 6117 6750 6749
f 6117 6099 6751 6750
f 6099 6098 6752 6751
f 6098 6080 6753 6752
f 6080 6079 6754 6753
f 6079 6061 6755 6754
f 6061 6060 6756 6755
f 6060 6042 6757 6756
f 6042 6041 6758 6757
f 6041 6039 6759 6758
f 6039 6038 6760 6759
f 6038 6037 6761 6760
f 6037 6033 6762 6761
f 6033 6029 6763 6762
f 6029 6027 6764 6763
f 6027 6023 6765 6764
f 6023 6726 6766 6765
f 6726 6727 6767 6766
f 6727 6728 6768 6767
f 6728 6729 6769 6768
f 6729 6730 6770 6769
f 6730 6731 6771 6770
f 6731 6732 6772 6771
f 6732 6733 6773 6772
f 6733 6734 6774 6773
f 6734 6735 6775 6774
f 6735 6736 6776 6775
f 6736 6737 6777 6776
f 6737 6738 6778 6777
f 6738 6739 6779 6778
f 6739 6740 6780 6779
f 6740 6741 6781 6780
f 6741 6742 6782 6781
f 6742 6743 6783 6782
f 6743 6744 6784 6783
f 6744 6745 6785 6784
f 6745 6746 6786 6785
f 6746 6747 6787 6786
f 6747 6136 6748 6787
f 6748 6749 6788
f 6749 6750 6788
f 6750 6751 6788
f 6751 6752 6788
f 6752 6753 6788
f 6753 6754 6788
f 6754 6755 6788
f 6755 6756 6788
f 6756 6757 6788
f 6757 6758 6788
f 6758 6759 6788
f 6759 6760 6788
f 6760 6761 6788
f 6761 6762 6788
f 6762 6763 6788
f 6763 6764 6788
f 6764 6765 6788
f 6765 6766 6788
f 6766 6767 6788
f 6767 6768 6788
f 6768 6769 6788
f 6769 6770 6788
f 6770 6771 6788
f 6771 6772 6788
f 6772 6773 6788
f 6773 6774 6788
f 6774 6775 6788
f 6775 6776 6788
f 6776 6777 6788
f 6777 6778 6788
f 6778 6779 6788
f 6779 6780 6788
f 6780 6781 6788
f 6781 6782 6788
f 6782 6783 6788
f 6783 6784 6788
f 6784 6785 6788
f 6785 6786 6788
f 6786 6787 6788
f 6787 6748 6788
s 9
f 6789 6790 6792 6791
f 6791 6792 6796 6795
f 6795 6796 6794 6793
f 6793 6794 6790 6789
f 6791 6795 6793 6789
f 6796 6792 6790 6794
s 10
f 6797 6798 6800 6799
f 6799 6800 6804 6803
f 6803 6804 6802 6801
f 6801 6802 6798 6797
f 6799 6803 6801 6797
f 6804 6800 6798 6802
s 11
f 6831 6834 6817 6814
f 6839 6842 6835 6830
s 12
f 6812 6811 6809 6810
s 11
f 6841 6825 6818 6833
f 6815 6819 6827 6822
f 6823 6826 6843 6838
f 6821 6813 6816 6824
f 6824 6816 6815 6822
f 6814 6817 6820 6816
f 6816 6820 6819 6815
f 6818 6825 6828 6820
f 6820 6828 6827 6819
f 6826 6823 6824 6828
f 6828 6824 6822 6827
f 6837 6821 6824 6840
f 6840 6824 6823 6838
f 6825 6841 6844 6828
f 6828 6844 6843 6826
f 6842 6839 6840 6844
f 6844 6840 6838 6843
f 6829 6837 6840 6832
f 6832 6840 6839 6830
f 6841 6833 6836 6844
f 6844 6836 6835 6842
f 6834 6831 6832 6836
f 6836 6832 6830 6835
f 6813 6829 6832 6816
f 6816 6832 6831 6814
f 6833 6818 6820 6836
f 6836 6820 6817 6834
f 6821 6837 6829 6813
s 13
f 6851 6846 6855 6858
f 6865 6849 6857 6873
f 6875 6871 6863 6866
f 6859 6854 6869 6874
f 6867 6862 6847 6850
f 6853 6870 6872 6856
f 6856 6872 6869 6854
f 6873 6857 6860 6876
f 6876 6860 6859 6874
f 6845 6853 6856 6848
f 6848 6856 6855 6846
f 6846 6851 6852 6848
f 6848 6852 6850 6847
f 6861 6845 6848 6864
f 6864 6848 6847 6862
f 6849 6865 6868 6852
f 6852 6868 6867 6850
f 6865 6873 6876 6868
f 6868 6876 6875 6866
f 6862 6867 6868 6864
f 6864 6868 6866 6863
f 6874 6869 6872 6876
f 6876 6872 6871 6875
f 6870 6861 6864 6872
f 6872 6864 6863 6871
f 6854 6859 6860 6856
f 6856 6860 6858 6855
f 6857 6849 6852 6860
f 6860 6852 6851 6858
f 6845 6861 6870 6853
s 12
f 6810 6809 6805 6806
f 6806 6805 6807 6808
f 6808 6807 6811 6812
f 6810 6806 6808 6812
f 6805 6809 6811 6807
s 14
f 6877 6878 6880 6879
f 6879 6880 6884 6883
f 6883 6884 6882 6881
f 6881 6882 6878 6877
f 6879 6883 6881 6877
f 6884 6880 6878 6882
s 15
f 6885 6886 6888 6887
f 6887 6888 6892 6891
f 6891 6892 6890 6889
f 6889 6890 6886 6885
f 6887 6891 6889 6885
f 6892 6888 6886 6890
s 16
f 6893 6894 6896 6895
f 6895 6896 6900 6899
f 6899 6900 6898 6897
f 6897 6898 6894 6893
f 6895 6899 6897 6893
f 6900 6896 6894 6898
