# Blender 4.2.3 LTS
# www.blender.org
o Human
v -0.035695 1.679695 0.143221
v -0.029499 1.679704 0.144132
v -0.036217 1.680957 0.143648
v -0.030186 1.680855 0.145129
v -0.040917 1.678060 0.139657
v -0.041020 1.680401 0.140898
v -0.043789 1.678248 0.137579
v -0.045594 1.677589 0.134617
v -0.043391 1.675570 0.133636
v -0.042788 1.675113 0.134126
v -0.043942 1.671540 0.133967
v -0.038399 1.671521 0.140461
v -0.034397 1.671414 0.142662
v -0.028806 1.671607 0.143284
v -0.020435 1.668887 0.141443
v -0.023105 1.670903 0.141950
v -0.021899 1.672265 0.141153
v -0.023884 1.680035 0.144254
v -0.021323 1.677455 0.142408
v -0.016772 1.674348 0.140727
v -0.015799 1.672865 0.140853
v -0.046636 1.672546 0.131834
v -0.040072 1.666078 0.135921
v -0.035363 1.665661 0.138602
v -0.029285 1.665266 0.140166
v -0.024660 1.666091 0.140931
v -0.012719 1.672644 0.141186
v -0.043034 1.682745 0.139736
v -0.047099 1.675460 0.131811
v -0.034752 1.683988 0.143845
v -0.028478 1.684760 0.145041
v -0.020250 1.682606 0.144715
v -0.018477 1.678096 0.142824
v -0.011919 1.675197 0.141404
v -0.013903 1.680820 0.143813
v -0.008266 1.679882 0.146626
v -0.006029 1.673329 0.146416
v -0.007795 1.660679 0.152507
v -0.004266 1.678835 0.147649
v -0.007647 1.665123 0.148971
v -0.001839 1.665475 0.151229
v -0.001426 1.672301 0.148550
v 0.000034 1.677123 0.148185
v -0.050587 1.676539 0.130735
v -0.033634 1.685711 0.145513
v -0.050882 1.680880 0.133059
v -0.018439 1.643966 0.145946
v -0.004049 1.654028 0.158467
v 0.000026 1.686734 0.150745
v -0.045681 1.685720 0.140654
v -0.012100 1.685549 0.148636
v -0.037048 1.689343 0.146481
v -0.025059 1.689761 0.149626
v -0.021421 1.649529 0.143931
v -0.033779 1.660182 0.138650
v -0.041293 1.655160 0.137338
v -0.051373 1.673850 0.129460
v -0.048544 1.663291 0.131511
v -0.009707 1.654189 0.153877
v -0.004064 1.644645 0.165246
v -0.029887 1.693936 0.149939
v -0.041683 1.694476 0.144693
v -0.048148 1.692360 0.139718
v -0.015890 1.691644 0.151330
v -0.056518 1.676841 0.124718
v -0.053041 1.668418 0.127583
v -0.048326 1.647219 0.135062
v -0.033283 1.701529 0.147590
v -0.014328 1.756632 0.126097
v -0.007336 1.695196 0.152452
v -0.025571 1.705412 0.149755
v -0.049850 1.700544 0.135213
v -0.015441 1.704219 0.152099
v -0.000841 1.702654 0.152334
v -0.056167 1.712195 0.117128
v -0.017776 1.720186 0.147842
v 0.000045 1.727117 0.146482
v -0.040593 1.734095 0.129770
v -0.030150 1.738455 0.134762
v -0.049596 1.726187 0.123907
v -0.058285 1.731969 0.100463
v -0.018761 1.735620 0.141303
v -0.000421 1.738105 0.141483
v -0.058018 1.684605 0.124324
v -0.052236 1.688920 0.134107
v -0.055500 1.665202 0.125132
v -0.054931 1.694031 0.129653
v -0.066004 1.652611 0.094130
v -0.063722 1.628379 0.085749
v -0.061032 1.709704 0.100948
v -0.062709 1.718366 0.088795
v -0.007221 1.632430 0.162766
v -0.011018 1.634347 0.162003
v -0.007864 1.637393 0.165604
v -0.010983 1.640909 0.162479
v -0.008251 1.646687 0.161752
v -0.013603 1.643905 0.156442
v -0.016539 1.644324 0.148796
v -0.009453 1.632065 0.153727
v -0.017848 1.632291 0.147090
v -0.006746 1.640923 0.165792
v -0.001570 1.639584 0.167975
v -0.001491 1.633448 0.167349
v 0.000781 1.635283 0.168024
v -0.001657 1.628267 0.158902
v -0.001180 1.631000 0.164984
v -0.005283 1.630313 0.158266
v -0.006101 1.627821 0.156344
v -0.015891 1.631703 0.150035
v -0.012070 1.631661 0.152325
v -0.013837 1.632946 0.153393
v -0.006900 1.631831 0.159694
v -0.007641 1.633202 0.155945
v -0.014459 1.636192 0.159394
v -0.018119 1.635954 0.149838
v -0.002756 1.626104 0.157274
v 0.001538 1.626229 0.157587
v -0.012054 1.633512 0.155408
v -0.011753 1.632707 0.153742
v -0.010103 1.632768 0.159588
v -0.007498 1.616456 0.160508
v -0.003011 1.615192 0.161911
v -0.014963 1.629501 0.150327
v -0.025350 1.604594 0.146691
v -0.017495 1.595568 0.150644
v -0.026454 1.619075 0.146814
v -0.026215 1.612609 0.147711
v -0.028827 1.601992 0.144102
v -0.008545 1.634202 0.157737
v -0.009371 1.634552 0.154802
v -0.026961 1.594115 0.143242
v -0.024782 1.601836 0.146690
v -0.013344 1.614111 0.158044
v -0.018787 1.611692 0.153844
v -0.024001 1.606597 0.147911
v -0.020297 1.605719 0.147259
v -0.019576 1.607765 0.145527
v -0.014767 1.606092 0.149923
v -0.023265 1.604563 0.146656
v -0.021751 1.605597 0.147354
v -0.020300 1.605541 0.146437
v -0.022918 1.603013 0.147646
v -0.022139 1.605000 0.145212
v -0.022314 1.605109 0.143030
v -0.009279 1.613055 0.159951
v -0.013460 1.610810 0.157384
v -0.014328 1.606831 0.153221
v -0.002916 1.610185 0.160581
v 0.000808 1.613297 0.162118
v 0.001412 1.608941 0.159470
v -0.006477 1.606506 0.154819
v -0.011774 1.606315 0.150764
v -0.019910 1.601211 0.150432
v -0.012978 1.589826 0.149942
v -0.013106 1.596255 0.154398
v -0.013261 1.603498 0.154301
v -0.004831 1.590631 0.152241
v -0.006344 1.593695 0.155883
v -0.001055 1.604204 0.157512
v -0.006408 1.598832 0.157695
v 0.001391 1.593305 0.157107
v 0.000076 1.598203 0.158495
v -0.009655 1.606065 0.151883
v -0.009970 1.605320 0.153442
v 0.000140 1.606004 0.152486
v -0.005104 1.606251 0.151873
v -0.000000 1.605695 0.154643
v -0.023117 1.607494 0.141544
v -0.025286 1.603925 0.138775
v -0.017206 1.605487 0.143643
v -0.008125 1.605738 0.151866
v -0.021182 1.611113 0.143064
v -0.015618 1.610966 0.145428
v -0.027086 1.606204 0.137253
v -0.025180 1.612483 0.137810
v -0.005589 1.611727 0.150333
v -0.010608 1.611003 0.148153
v -0.008737 1.603244 0.150261
v 0.003136 1.612239 0.150370
v 0.000000 1.601835 0.151432
v -0.016448 1.619428 0.147119
v -0.024900 1.598867 0.136997
v -0.006383 1.621470 0.150719
v -0.010494 1.621007 0.149601
v -0.012958 1.595145 0.145903
v -0.017934 1.596260 0.140884
v 0.000146 1.593036 0.150234
v -0.033997 1.611055 0.124053
v -0.023625 1.620899 0.141493
v -0.024851 1.594038 0.134527
v -0.004783 1.592168 0.148414
v -0.000737 1.619569 0.150719
v -0.024033 1.627572 0.141142
v -0.019302 1.628430 0.144871
v -0.021987 1.591473 0.134522
v -0.010612 1.628553 0.148312
v -0.015261 1.590664 0.137499
v -0.000300 1.624281 0.148688
v -0.002815 1.626576 0.148961
v -0.021981 1.635771 0.133415
v -0.027825 1.593580 0.125601
v -0.023209 1.589618 0.126306
v -0.005382 1.638007 0.138828
v -0.009864 1.638368 0.137801
v -0.006516 1.582453 0.132541
v -0.015994 1.588271 0.129884
v -0.000135 1.634422 0.139404
v 0.000000 1.581071 0.131423
v -0.020016 1.644151 0.122309
v -0.032687 1.632667 0.117414
v -0.036551 1.614333 0.113847
v -0.026213 1.641428 0.120655
v -0.030369 1.595729 0.112517
v -0.020613 1.588675 0.115047
v -0.005525 1.648815 0.124095
v -0.010097 1.649310 0.123117
v -0.006716 1.579863 0.113786
v -0.014437 1.582095 0.105992
v 0.000036 1.645323 0.124299
v 0.000000 1.576401 0.115048
v -0.021924 1.651136 0.101196
v -0.038018 1.630099 0.098536
v -0.039360 1.617230 0.096507
v -0.029836 1.645041 0.102487
v -0.032095 1.596521 0.096421
v -0.027399 1.592092 0.095679
v -0.007170 1.654095 0.102487
v -0.012091 1.654804 0.102307
v -0.007905 1.578460 0.096892
v -0.022923 1.585587 0.096137
v 0.000045 1.650015 0.103339
v 0.000000 1.575542 0.097205
v -0.022741 1.646624 0.080607
v -0.039080 1.627941 0.076504
v -0.037862 1.618398 0.075402
v -0.030439 1.640947 0.079328
v -0.032157 1.599513 0.075497
v -0.029948 1.592316 0.073172
v -0.007548 1.649791 0.080252
v -0.012539 1.649789 0.080444
v -0.008240 1.566708 0.064330
v -0.018387 1.579340 0.062357
v -0.026332 1.583812 0.066699
v 0.000078 1.646461 0.081908
v 0.007518 1.566311 0.064588
v -0.021526 1.637167 0.059931
v -0.034930 1.625006 0.056485
v -0.033583 1.619230 0.054129
v -0.027550 1.634315 0.059028
v -0.023027 1.606271 0.052388
v -0.008047 1.640318 0.061929
v -0.015689 1.637781 0.062131
v -0.006856 1.585935 0.052093
v -0.012082 1.587620 0.051443
v -0.017848 1.591332 0.051989
v 0.000000 1.638240 0.063474
v -0.002531 1.639178 0.061939
v 0.000000 1.584913 0.052405
v -0.015244 1.625106 0.049972
v -0.024398 1.619688 0.048553
v -0.014349 1.607479 0.049203
v -0.004004 1.626108 0.049851
v -0.009605 1.624636 0.049990
v -0.004777 1.606620 0.049053
v -0.009012 1.607512 0.049840
v 0.001259 1.623510 0.051766
v -0.001780 1.623794 0.051680
v 0.000000 1.607231 0.050511
v -0.028432 1.727298 0.141731
v -0.037281 1.722215 0.138741
v -0.046515 1.714458 0.132950
v -0.053358 1.711627 0.123558
v -0.066031 1.669879 0.096003
v -0.058392 1.701128 0.119521
v -0.007681 1.586341 0.149977
v 0.003904 1.586405 0.150631
v -0.006479 1.559581 0.123908
v -0.015021 1.563659 0.133221
v -0.014041 1.582078 0.146970
v 0.000000 1.579423 0.151556
v -0.053950 1.612002 0.112115
v -0.050771 1.590482 0.099655
v -0.063740 1.629559 0.057525
v -0.059263 1.611027 0.069593
v -0.045029 1.580729 0.076513
v -0.033664 1.570872 0.093178
v -0.051913 1.591000 0.055506
v -0.055561 1.596204 0.043275
v -0.055254 1.573950 0.035033
v -0.051350 1.551642 0.047949
v -0.057515 1.561536 0.031083
v -0.061321 1.551247 0.027451
v -0.068204 1.543467 0.022572
v -0.071286 1.525970 0.033780
v -0.078675 1.535372 0.018027
v -0.046137 1.579847 0.066791
v -0.049045 1.577358 0.056220
v -0.048643 1.563152 0.053769
v -0.044818 1.546572 0.059731
v -0.055506 1.540626 0.044992
v -0.061138 1.525708 0.044618
v -0.063870 1.514948 0.047028
v -0.049112 1.527338 0.056983
v 0.006115 1.559394 0.123520
v -0.013654 1.559072 0.106372
v 0.004676 1.557023 0.105395
v -0.028194 1.565219 0.092400
v -0.011788 1.554902 0.093642
v -0.002179 1.554950 0.094675
v -0.029943 1.562029 0.080881
v 0.000000 1.542972 0.088570
v -0.016246 1.543084 0.085148
v -0.008827 1.528944 0.085687
v -0.029979 1.495826 0.071596
v 0.001156 1.528250 0.087124
v -0.032802 1.541602 0.072164
v 0.000000 1.514988 0.082099
v -0.031181 1.509763 0.071413
v -0.016738 1.518424 0.079457
v -0.021183 1.505806 0.075302
v -0.024284 1.531637 0.078139
v -0.010976 1.503286 0.077490
v 0.003114 1.502346 0.078111
v -0.012194 1.491012 0.076057
v 0.004816 1.490422 0.076688
v -0.045550 1.501522 0.062878
v -0.055598 1.582298 0.023933
v -0.057482 1.566265 0.019856
v -0.062309 1.556426 0.016098
v -0.069448 1.547465 0.012730
v -0.079166 1.539849 0.008357
v -0.051898 1.598052 0.016456
v -0.052921 1.579356 0.011804
v -0.059043 1.560131 0.006828
v -0.065497 1.549598 0.003995
v -0.073815 1.540486 0.000063
v -0.044496 1.601254 0.005041
v -0.046076 1.585496 0.003536
v -0.052886 1.562959 -0.001045
v -0.059417 1.551202 -0.004136
v -0.067742 1.540825 -0.008203
v -0.037382 1.606418 -0.002894
v -0.038047 1.587414 -0.004048
v -0.046356 1.560107 -0.009519
v -0.059476 1.540064 -0.015890
v -0.029741 1.606382 -0.009434
v -0.030386 1.589455 -0.010431
v -0.037600 1.559004 -0.016179
v -0.048997 1.537863 -0.022550
v -0.022087 1.603966 -0.013776
v -0.024063 1.575311 -0.016890
v -0.033062 1.542857 -0.024593
v -0.006940 1.609196 -0.018917
v -0.007900 1.597084 -0.017760
v -0.005600 1.580664 -0.019200
v 0.011730 1.565048 -0.021536
v 0.013313 1.548605 -0.025296
v -0.069305 1.653960 0.069053
v -0.053060 1.757836 0.000534
v -0.043687 1.765754 -0.003997
v -0.070258 1.720687 0.027922
v -0.067276 1.733054 0.017952
v -0.066753 1.630559 0.065686
v -0.065299 1.685212 0.085506
v -0.072845 1.697316 0.041483
v -0.073283 1.674927 0.036333
v -0.070986 1.665108 0.029134
v -0.061454 1.753299 0.031847
v -0.041362 1.775618 0.026033
v 0.000000 1.785865 0.024946
v -0.051232 1.768072 0.028616
v 0.000000 1.786740 0.059292
v -0.002397 1.782812 0.084563
v -0.033361 1.775739 0.080656
v -0.057989 1.607547 0.034684
v -0.053655 1.614659 0.017634
v -0.046389 1.613879 0.006084
v -0.031003 1.622233 -0.010690
v -0.030961 1.570765 0.118812
v -0.048572 1.584650 0.090070
v -0.054533 1.592973 0.083553
v -0.059812 1.607679 0.079926
v -0.024669 1.567638 0.126606
v -0.040599 1.578344 0.109209
v -0.006502 1.563225 0.138945
v -0.021486 1.563076 0.104025
v -0.021845 1.557899 0.089108
v -0.038758 1.572767 0.077907
v -0.039730 1.524431 0.066030
v -0.062374 1.632568 0.034647
v 0.003510 1.622182 -0.021559
v -0.067350 1.652368 0.030893
v -0.063596 1.655831 0.006067
v -0.047712 1.655512 -0.017739
v -0.035777 1.653429 -0.026956
v -0.000461 1.668047 -0.047223
v -0.068387 1.662326 0.014759
v -0.050024 1.665161 -0.020088
v -0.031505 1.670942 -0.036328
v -0.065172 1.671653 0.002083
v -0.059805 1.682933 -0.010613
v -0.049829 1.693432 -0.026571
v -0.033623 1.682977 -0.038058
v 0.000000 1.684559 -0.050060
v -0.072645 1.674141 0.030784
v -0.063704 1.689774 -0.003618
v -0.051582 1.708108 -0.024588
v -0.044494 1.699627 -0.032245
v -0.036497 1.729550 -0.036020
v 0.000119 1.717429 -0.050150
v -0.069841 1.713031 0.015562
v -0.058067 1.733712 -0.008126
v -0.048230 1.742022 -0.018236
v -0.039619 1.749414 -0.024299
v 0.000000 1.758968 -0.030758
v -0.036577 1.778889 0.057122
v -0.048508 1.770772 0.056570
v -0.045606 1.768437 0.079147
v -0.058903 1.758048 0.054684
v -0.066087 1.740643 0.057371
v -0.052963 1.741571 0.107305
v -0.067135 1.739423 0.035749
v -0.069060 1.728363 0.049050
v -0.043088 1.750348 0.114013
v -0.031888 1.755146 0.118855
v -0.016304 1.745427 0.135333
v 0.002313 1.750380 0.134089
v -0.056182 1.756070 0.078385
v -0.066057 1.724157 0.072542
v -0.060780 1.624402 0.045611
v -0.050679 1.589419 0.067871
v -0.070776 1.683350 0.015485
v -0.071257 1.705170 0.021434
v -0.071271 1.703207 0.053702
v -0.043539 1.761638 0.097743
v -0.000473 1.775261 0.104545
v 0.001455 1.760510 0.125520
v -0.031647 1.768773 0.100833
v -0.017330 1.525747 -0.032161
v -0.028043 1.755487 -0.028986
v -0.017594 1.737101 -0.041931
v -0.006808 1.622700 -0.021079
v -0.020087 1.784661 0.058520
v -0.025116 1.782692 0.024395
v -0.014262 1.683663 -0.047678
v -0.009245 1.668905 -0.045872
v -0.014107 1.568551 -0.020539
v -0.015380 1.550684 -0.024585
v -0.039621 1.569043 0.068960
v -0.038162 1.557777 0.067640
v -0.022332 1.546550 0.082515
v -0.014187 1.620754 -0.018189
v -0.020889 1.780382 0.082603
v -0.019081 1.656885 -0.037703
v -0.014927 1.592211 -0.016665
v -0.025817 1.735377 -0.039956
v -0.020039 1.668958 -0.041788
v -0.019005 1.772613 0.104065
v -0.035836 1.680191 0.137437
v -0.037762 1.679099 0.139897
v -0.042521 1.676359 0.134529
v -0.041925 1.675072 0.134677
v -0.038774 1.673054 0.138895
v -0.033224 1.672433 0.142485
v -0.025612 1.672912 0.141809
v -0.022000 1.673372 0.139743
v -0.025599 1.678832 0.141476
v -0.021391 1.676864 0.140866
v -0.020221 1.674090 0.139508
v -0.027737 1.680117 0.139542
v -0.042330 1.677771 0.131537
v -0.042440 1.675502 0.130429
v -0.039487 1.673509 0.133194
v -0.036086 1.672607 0.136423
v -0.028024 1.672515 0.139111
v -0.022272 1.673263 0.137475
v -0.021783 1.677897 0.138820
v -0.020364 1.674710 0.137877
v -0.030911 1.684769 0.140041
v -0.037938 1.683608 0.137298
v -0.043439 1.679465 0.132402
v -0.044183 1.674995 0.130886
v -0.041568 1.670801 0.133593
v -0.037681 1.668361 0.135934
v -0.028087 1.666836 0.138960
v -0.020009 1.669920 0.136522
v -0.024343 1.683030 0.140058
v -0.019034 1.678983 0.137654
v -0.017018 1.677675 0.135203
v -0.017848 1.671615 0.134993
v -0.033747 1.689168 0.134898
v -0.029504 1.689022 0.135938
v -0.037937 1.687161 0.133983
v -0.044060 1.681225 0.130451
v -0.045554 1.676226 0.128923
v -0.043622 1.669683 0.129252
v -0.037385 1.664957 0.132846
v -0.029218 1.663601 0.134107
v -0.021557 1.666009 0.133248
v -0.024686 1.689268 0.134599
v -0.019328 1.684510 0.135044
v -0.015531 1.673788 0.131203
v -0.041881 1.685540 0.128734
v -0.044299 1.682478 0.127733
v -0.045059 1.673434 0.125419
v -0.039630 1.665276 0.128285
v -0.035056 1.662740 0.126290
v -0.029147 1.661904 0.127768
v -0.024363 1.663201 0.127728
v -0.019834 1.665775 0.128149
v -0.017063 1.669027 0.127610
v -0.016790 1.683573 0.130890
v -0.014803 1.677364 0.128755
v -0.033258 1.691661 0.126382
v -0.028980 1.691506 0.128791
v -0.036992 1.690057 0.127795
v -0.044810 1.678463 0.122701
v -0.039116 1.666015 0.121530
v -0.020418 1.688510 0.125974
v -0.017990 1.685897 0.124532
v -0.040712 1.687202 0.125025
v -0.043221 1.683385 0.122244
v -0.024186 1.664038 0.122603
v -0.028719 1.662753 0.122332
v -0.044070 1.674811 0.120960
v -0.020356 1.666327 0.122302
v -0.017955 1.669088 0.122168
v -0.024209 1.690669 0.125299
v -0.015354 1.681274 0.126404
v -0.015368 1.678334 0.122778
v -0.034855 1.690386 0.121507
v -0.034127 1.664598 0.119736
v -0.028511 1.691021 0.121988
v -0.015633 1.674012 0.122757
v -0.017885 1.684510 0.121224
v -0.039381 1.687179 0.120692
v -0.027285 1.665596 0.117376
v -0.016639 1.677322 0.119316
v -0.041801 1.681902 0.118073
v -0.041012 1.673623 0.116606
v -0.035200 1.668363 0.115534
v -0.020158 1.669693 0.117844
v -0.023898 1.688859 0.119877
v -0.030390 1.672014 0.112326
v -0.033466 1.677621 0.111766
v -0.027053 1.674978 0.111962
v -0.032823 1.683465 0.113087
v -0.030583 1.686440 0.114727
v -0.025666 1.679268 0.112209
v -0.026746 1.683660 0.113254
v -0.023213 1.671726 0.114172
v -0.038919 1.677757 0.114296
v -0.020618 1.682525 0.116035
v -0.019572 1.677291 0.115561
v -0.032273 1.688308 0.116646
v -0.024534 1.686853 0.116380
v -0.037941 1.684222 0.115785
v -0.035825 1.672361 0.113572
v -0.257232 1.442552 0.047044
v -0.228035 1.448146 0.071629
v -0.211022 1.448213 0.076368
v -0.189915 1.447145 0.082053
v -0.172764 1.437641 0.087465
v -0.158521 1.422702 0.095125
v -0.142506 1.394867 0.108296
v -0.125086 1.357450 0.123740
v -0.201632 1.466559 0.067603
v -0.222118 1.466874 0.062241
v -0.249937 1.463588 0.040580
v -0.176780 1.459032 0.076957
v -0.155659 1.445925 0.086179
v -0.143346 1.435786 0.096142
v -0.131274 1.425038 0.103737
v -0.123694 1.408169 0.111773
v -0.119632 1.391284 0.119698
v -0.112281 1.369073 0.128988
v -0.203295 1.485578 0.053812
v -0.226271 1.487602 0.033073
v -0.145809 1.464247 0.073407
v -0.126015 1.453298 0.082703
v -0.114907 1.440518 0.096054
v -0.107100 1.426554 0.107314
v -0.103346 1.409107 0.117195
v -0.099975 1.388359 0.127419
v -0.098954 1.376422 0.132011
v -0.153849 1.490052 0.052388
v -0.169063 1.497154 0.044761
v -0.190883 1.505177 0.027261
v -0.114409 1.472796 0.070949
v -0.088200 1.456354 0.083724
v -0.081141 1.428549 0.098670
v -0.077827 1.414322 0.109948
v -0.078253 1.398548 0.120108
v -0.079983 1.359465 0.138710
v -0.124017 1.491894 0.048244
v -0.135006 1.501971 0.032042
v -0.144353 1.508033 0.022706
v -0.104058 1.474336 0.070042
v 0.000312 1.439615 0.098302
v 0.001044 1.415658 0.110746
v 0.000265 1.377476 0.123712
v -0.256141 1.381871 0.058428
v -0.229726 1.402017 0.079247
v -0.211204 1.399912 0.081061
v -0.184527 1.391530 0.073607
v -0.171139 1.394492 0.070674
v -0.166760 1.388278 0.071473
v -0.167016 1.375420 0.068576
v -0.166534 1.362022 0.066476
v -0.167078 1.344201 0.065769
v -0.164425 1.330099 0.068332
v -0.254503 1.352442 0.061262
v -0.227893 1.376265 0.081904
v -0.212202 1.382415 0.082378
v -0.183785 1.360837 0.071882
v -0.172554 1.352751 0.057459
v -0.162663 1.345371 0.040933
v -0.174322 1.352461 0.031869
v -0.171137 1.328807 0.022861
v -0.172632 1.304680 0.025372
v -0.225049 1.349185 0.090310
v -0.210510 1.359135 0.088677
v -0.182605 1.347154 0.074098
v -0.173831 1.333592 0.063220
v -0.163900 1.330407 0.044984
v -0.259951 1.422616 0.052749
v -0.230277 1.429349 0.077378
v -0.211137 1.428598 0.081676
v -0.186124 1.426310 0.084518
v -0.175900 1.424003 0.087032
v -0.168169 1.413272 0.090285
v -0.163227 1.398248 0.092997
v -0.152115 1.363090 0.104083
v -0.185454 1.376283 0.069663
v -0.172378 1.372461 0.056345
v -0.165871 1.374979 0.052765
v -0.173113 1.358852 0.049689
v -0.169156 1.343384 0.047508
v -0.168690 1.313893 0.047168
v -0.244815 1.446030 0.062096
v -0.238058 1.465981 0.052933
v -0.218298 1.487688 0.044006
v -0.182699 1.501724 0.036005
v -0.242459 1.370172 0.073843
v -0.242082 1.354992 0.076618
v -0.246590 1.426271 0.067839
v -0.048512 1.491777 0.063818
v -0.024508 1.482766 0.074653
v -0.065341 1.501907 0.052347
v -0.076929 1.510049 0.041633
v -0.083628 1.515442 0.032325
v -0.041559 1.501262 -0.045966
v -0.022171 1.510523 -0.038637
v 0.000458 1.498780 -0.039650
v -0.056520 1.510118 -0.042744
v -0.081171 1.509047 -0.044715
v -0.086714 1.520996 -0.030859
v -0.061276 1.462201 0.083755
v -0.014024 1.376347 0.125081
v -0.023871 1.470954 0.079936
v -0.027884 1.402395 0.117362
v -0.022532 1.417677 0.111008
v -0.118046 1.517789 -0.033347
v -0.133290 1.518911 -0.020642
v -0.148827 1.521255 -0.009682
v -0.152578 1.519310 0.001644
v -0.150069 1.515234 0.012246
v -0.115181 1.522607 0.015257
v -0.120132 1.527386 0.006163
v -0.116439 1.528951 -0.003615
v -0.106357 1.528103 -0.013337
v -0.077594 1.531100 -0.015785
v -0.056874 1.527054 -0.028582
v 0.000017 1.514025 -0.035224
v -0.042783 1.522732 -0.033525
v -0.069931 1.530451 -0.021759
v -0.085294 1.533649 -0.005806
v -0.013336 1.439428 0.099350
v -0.093623 1.534039 0.002419
v -0.094565 1.530579 0.012108
v -0.089828 1.524587 0.021728
v -0.030149 1.444919 0.096205
v -0.076999 1.490770 0.056080
v -0.040651 1.476834 0.073789
v -0.090050 1.497181 0.046811
v -0.101526 1.507799 0.031311
v -0.000048 1.477856 0.078624
v -0.011789 1.465777 0.083008
v 0.000000 1.463206 0.083640
v -0.049403 1.381378 0.128276
v -0.031430 1.365456 0.131223
v -0.057991 1.365170 0.135382
v -0.053060 1.398611 0.119650
v -0.050458 1.425685 0.105168
v -0.046872 1.489394 -0.052904
v -0.022101 1.485321 -0.047589
v -0.000000 1.486042 -0.044145
v -0.069138 1.493894 -0.055641
v -0.092739 1.499472 -0.056768
v -0.116916 1.504081 -0.052855
v -0.137591 1.505955 -0.043560
v -0.185052 1.508576 -0.016432
v -0.194202 1.506857 -0.001044
v -0.196210 1.506426 0.012541
v -0.075515 1.481885 -0.063905
v -0.101686 1.487413 -0.067219
v -0.129607 1.489876 -0.063090
v -0.161547 1.490152 -0.050472
v -0.188416 1.491291 -0.033111
v -0.213980 1.488927 -0.016800
v -0.226733 1.487549 0.002193
v -0.229713 1.487441 0.018946
v -0.181806 1.467350 -0.056968
v -0.148628 1.432425 -0.074511
v -0.134949 1.379270 -0.077322
v -0.128047 1.344223 -0.077468
v -0.137954 1.471069 -0.071535
v -0.123554 1.427879 -0.083614
v -0.104731 1.353280 -0.086769
v -0.104825 1.469985 -0.074775
v -0.101354 1.446770 -0.082247
v -0.096603 1.428657 -0.086682
v -0.085995 1.366001 -0.088459
v -0.083841 1.341021 -0.086043
v -0.073700 1.446706 -0.079638
v -0.071674 1.424078 -0.085750
v -0.066522 1.391635 -0.085747
v -0.065229 1.369779 -0.085421
v -0.063627 1.354585 -0.083259
v -0.051612 1.460485 -0.063624
v -0.049677 1.444531 -0.072068
v -0.049727 1.418255 -0.079166
v -0.046028 1.370569 -0.078315
v -0.039705 1.331786 -0.078329
v -0.025747 1.444106 -0.060959
v -0.025396 1.414057 -0.067843
v -0.030390 1.382883 -0.073898
v -0.025817 1.362259 -0.074905
v 0.000000 1.443846 -0.056878
v 0.000000 1.419401 -0.062740
v 0.000000 1.385955 -0.068915
v 0.000000 1.361707 -0.070990
v -0.212420 1.470195 -0.036429
v -0.237012 1.470653 -0.016452
v -0.248917 1.468512 0.002520
v -0.252682 1.466058 0.023851
v -0.229825 1.452121 -0.038554
v -0.250257 1.450641 -0.017319
v -0.259930 1.448191 0.003537
v -0.263531 1.442078 0.027063
v -0.207431 1.448127 -0.052164
v -0.189499 1.437794 -0.062159
v -0.192774 1.413886 -0.061012
v -0.162220 1.345369 -0.043892
v -0.156999 1.329772 -0.040922
v -0.154203 1.316990 -0.042137
v -0.240626 1.435618 -0.037849
v -0.257349 1.433533 -0.017319
v -0.265886 1.427543 0.006034
v -0.266840 1.420624 0.031564
v -0.220424 1.435271 -0.049075
v -0.204783 1.426720 -0.056189
v -0.177922 1.422957 -0.065753
v -0.166363 1.322112 -0.015355
v -0.164953 1.302156 -0.017331
v -0.247809 1.405435 -0.031154
v -0.260452 1.397986 -0.013035
v -0.265678 1.390820 0.010716
v -0.265983 1.402393 0.034289
v -0.232111 1.401855 -0.040199
v -0.216840 1.396946 -0.044983
v -0.168686 1.356412 -0.018448
v -0.170050 1.353477 -0.001956
v -0.170575 1.318324 0.005861
v -0.248041 1.383321 -0.024018
v -0.217762 1.366020 -0.032541
v -0.166151 1.354118 -0.014742
v -0.164967 1.352502 0.002225
v -0.163844 1.357290 0.019413
v -0.258303 1.365408 -0.001810
v -0.262368 1.348197 0.022468
v -0.260837 1.349656 0.043644
v -0.232279 1.367104 -0.026737
v -0.164195 1.336899 -0.006261
v -0.161205 1.335450 0.008253
v -0.161272 1.339658 0.022229
v -0.166447 1.364319 0.034510
v -0.244516 1.327108 -0.000307
v -0.217772 1.343693 -0.021122
v -0.162606 1.312992 0.018761
v -0.161834 1.325225 0.027931
v -0.165084 1.362069 0.036808
v -0.167784 1.356760 0.016951
v -0.171974 1.345127 0.015774
v -0.164947 1.352887 -0.030606
v -0.213906 1.411306 -0.050146
v -0.266767 1.406839 0.008417
v -0.260922 1.415447 -0.015493
v -0.245692 1.418923 -0.035507
v -0.166891 1.388218 0.084531
v -0.167377 1.400443 0.083062
v -0.173138 1.411050 0.082584
v -0.184814 1.409111 0.081911
v -0.162547 1.360169 0.083150
v -0.202247 1.389068 -0.044686
v -0.203636 1.360086 -0.032428
v -0.200606 1.339129 -0.021590
v -0.201076 1.401886 -0.052374
v -0.168843 1.289578 0.006345
v -0.145785 1.336162 -0.066007
v -0.156210 1.364091 -0.063097
v -0.256100 1.325173 0.067816
v -0.210209 1.344372 0.095517
v -0.166570 1.321842 0.046923
v -0.245077 1.326279 0.084527
v -0.253838 1.320199 0.014349
v -0.260760 1.307565 0.057502
v -0.231254 1.318454 -0.005152
v -0.167580 1.307064 0.008774
v -0.162774 1.314361 0.033256
v -0.230825 1.316744 0.098936
v -0.215094 1.318926 0.101700
v -0.195040 1.298258 0.093349
v -0.178596 1.312916 0.071261
v -0.243102 1.267263 0.022968
v -0.251174 1.275677 0.029897
v -0.258486 1.273983 0.049471
v -0.231570 1.280309 0.009565
v -0.217400 1.287878 0.003564
v -0.170993 1.285692 0.020738
v -0.166371 1.294513 0.027845
v -0.167979 1.287361 0.044309
v -0.201977 1.288648 0.002255
v -0.262257 1.262137 0.093906
v -0.231737 1.294830 0.108382
v -0.217535 1.294268 0.109690
v -0.181845 1.285299 0.071976
v -0.251397 1.274945 0.103754
v -0.262140 1.277717 0.069630
v -0.218651 1.257244 0.016499
v -0.171383 1.263849 0.040928
v -0.205172 1.261799 0.014149
v -0.234458 1.275050 0.112382
v -0.220330 1.274640 0.114221
v -0.197088 1.269143 0.099912
v -0.188221 1.265607 0.085222
v -0.174357 1.244894 0.059797
v -0.241461 1.247122 0.033194
v -0.253190 1.244268 0.049990
v -0.262841 1.250013 0.064685
v -0.264462 1.257366 0.081016
v -0.230748 1.244571 0.026077
v -0.179037 1.240212 0.041380
v -0.099064 1.322345 0.139350
v -0.090648 1.323701 0.141942
v -0.104902 1.317667 0.136356
v -0.092015 1.312424 0.141259
v -0.099758 1.307540 0.137544
v -0.116719 1.322632 0.130103
v -0.085151 1.311193 0.143233
v -0.111689 1.305497 0.130450
v -0.096479 1.341097 0.139139
v -0.084181 1.336554 0.142411
v -0.064139 1.342756 0.142745
v -0.067079 1.310255 0.146189
v -0.071738 1.301724 0.144585
v -0.087150 1.296313 0.139657
v -0.104401 1.295349 0.131103
v -0.117704 1.293560 0.120696
v -0.123848 1.312084 0.122359
v -0.126863 1.330272 0.123821
v -0.118157 1.337884 0.129996
v -0.108690 1.341822 0.134518
v -0.098334 1.362695 0.135553
v -0.044238 1.334817 0.142009
v -0.043110 1.320185 0.143611
v -0.055528 1.316026 0.146501
v -0.127575 1.308640 0.116229
v -0.024995 1.317374 0.137331
v -0.037082 1.301403 0.140607
v -0.058335 1.269617 0.138202
v -0.082592 1.279295 0.136388
v -0.102217 1.275128 0.126253
v -0.121643 1.274262 0.109171
v -0.141170 1.339768 0.109865
v -0.070809 1.320742 0.145946
v -0.000000 1.326044 0.129473
v 0.000000 1.310084 0.133481
v -0.009221 1.342705 0.129606
v -0.009639 1.301190 0.136505
v 0.034318 1.454835 0.195280
v 0.033054 1.441162 0.174753
v 0.026322 1.446231 0.177683
v 0.027202 1.454327 0.186255
v 0.025384 1.449383 0.169290
v 0.032315 1.446372 0.162741
v 0.034957 1.470700 0.161497
v 0.039122 1.454598 0.156446
v 0.027440 1.470526 0.151150
v 0.030015 1.459899 0.151223
v 0.044255 1.455141 0.156300
v 0.032537 1.473705 0.149395
v 0.027691 1.465154 0.162272
v 0.037166 1.464194 0.176035
v 0.036629 1.452941 0.198840
v 0.052914 1.454337 0.159996
v 0.037500 1.445810 0.164014
v 0.037426 1.439054 0.181039
v 0.038291 1.472330 0.149628
v 0.038879 1.470817 0.161201
v 0.031571 1.443797 0.216085
v 0.029398 1.445722 0.210778
v 0.032314 1.439877 0.221066
v 0.027757 1.431416 0.208514
v 0.027895 1.429010 0.215300
v 0.031682 1.432555 0.221900
v 0.025817 1.437154 0.204128
v 0.025843 1.441789 0.206124
v 0.028841 1.432286 0.220594
v 0.030721 1.438438 0.221732
v 0.027496 1.437213 0.206584
v 0.030746 1.441578 0.217591
v 0.025069 1.448492 0.188484
v 0.024285 1.456578 0.168721
v 0.027843 1.467125 0.150327
v 0.025357 1.461392 0.157560
v 0.029369 1.443987 0.210939
v 0.044965 1.448749 0.181388
v 0.044096 1.453350 0.172166
v 0.043224 1.461215 0.141606
v 0.045322 1.459961 0.155775
v 0.027163 1.445856 0.205999
v 0.030868 1.431171 0.202452
v 0.032288 1.428118 0.212537
v 0.035480 1.442565 0.217297
v 0.037291 1.433907 0.219829
v 0.041818 1.440353 0.203207
v 0.036076 1.450079 0.205369
v 0.035618 1.430874 0.204225
v 0.032751 1.450126 0.156936
v 0.027156 1.453262 0.161181
v 0.037024 1.449946 0.157364
v 0.033836 1.464205 0.174793
v 0.045097 1.454159 0.168961
v 0.037978 1.444258 0.168642
v 0.024698 1.453685 0.175030
v 0.031608 1.434980 0.191838
v 0.035399 1.435373 0.192073
v 0.024442 1.445087 0.196936
v 0.027198 1.460383 0.175390
v 0.027096 1.449709 0.198589
v 0.041530 1.443989 0.195350
v 0.024951 1.440960 0.195341
v 0.040341 1.435892 0.214810
v 0.044244 1.453658 0.184023
v 0.043039 1.459254 0.174925
v 0.044907 1.466015 0.150235
v 0.045167 1.465469 0.158235
v 0.031079 1.437211 0.222606
v 0.037074 1.438377 0.219853
v 0.040597 1.441349 0.211835
v 0.041094 1.447983 0.197388
v 0.040201 1.439712 0.193907
v 0.042013 1.447945 0.170454
v 0.043419 1.450311 0.166279
v 0.038636 1.431453 0.211538
v 0.034766 1.429399 0.216375
v 0.043389 1.454828 0.154549
v 0.040240 1.435903 0.200544
v 0.051341 1.455879 0.146613
v 0.041545 1.440945 0.182633
v 0.029676 1.428277 0.217856
v 0.027424 1.441319 0.206894
v 0.028551 1.429481 0.217184
v 0.028638 1.434597 0.219237
v 0.053003 1.438367 0.215045
v 0.046569 1.422739 0.206121
v 0.047169 1.438269 0.210529
v 0.047738 1.445079 0.201301
v 0.040933 1.436027 0.195337
v 0.045415 1.427391 0.194767
v 0.053424 1.444909 0.203147
v 0.056743 1.451181 0.187480
v 0.048032 1.433432 0.178733
v 0.042201 1.444019 0.176278
v 0.043973 1.456192 0.164140
v 0.044570 1.449443 0.168051
v 0.054935 1.437568 0.173427
v 0.050804 1.454355 0.163419
v 0.048256 1.450414 0.185004
v 0.056365 1.444566 0.201482
v 0.060377 1.434758 0.174629
v 0.052040 1.430421 0.180349
v 0.048978 1.425471 0.194647
v 0.051732 1.418327 0.210558
v 0.059904 1.448624 0.189141
v 0.047682 1.423640 0.243642
v 0.046554 1.418620 0.251103
v 0.042461 1.413496 0.237974
v 0.043296 1.408721 0.244902
v 0.045059 1.410446 0.250554
v 0.041907 1.417255 0.234407
v 0.042901 1.422159 0.235066
v 0.044223 1.413815 0.250615
v 0.044099 1.419296 0.236942
v 0.043285 1.434500 0.210844
v 0.041979 1.440730 0.199355
v 0.043423 1.450413 0.173668
v 0.059795 1.425158 0.215110
v 0.060430 1.432661 0.197413
v 0.063593 1.437555 0.183399
v 0.042453 1.413917 0.234049
v 0.045406 1.409284 0.238259
v 0.051853 1.420440 0.248751
v 0.051477 1.410494 0.249606
v 0.042229 1.426626 0.226817
v 0.053734 1.428941 0.231991
v 0.050459 1.428109 0.235066
v 0.045435 1.425360 0.236841
v 0.042451 1.431359 0.206573
v 0.057087 1.435332 0.219110
v 0.044662 1.414595 0.227178
v 0.041655 1.422503 0.223619
v 0.049183 1.414776 0.221562
v 0.058062 1.418779 0.227728
v 0.047242 1.431140 0.228272
v 0.057072 1.421626 0.222902
v 0.055911 1.412065 0.242993
v 0.059973 1.430292 0.219613
v 0.060075 1.438080 0.200008
v 0.059076 1.448958 0.153156
v 0.063407 1.443760 0.188022
v 0.047667 1.417050 0.252225
v 0.052750 1.415587 0.250843
v 0.061223 1.434713 0.206185
v 0.058438 1.422828 0.230499
v 0.057753 1.426344 0.225064
v 0.056237 1.418651 0.244276
v 0.054799 1.417888 0.221151
v 0.058281 1.425855 0.201084
v 0.057385 1.428404 0.195509
v 0.053545 1.409551 0.240119
v 0.060164 1.433333 0.181070
v 0.049211 1.407400 0.246309
v 0.055520 1.415240 0.226301
v 0.057236 1.420927 0.212887
v 0.064724 1.435723 0.167243
v 0.043028 1.410309 0.247214
v 0.061808 1.418608 0.225422
v 0.055056 1.410295 0.207124
v 0.055925 1.423548 0.211849
v 0.055565 1.427539 0.206280
v 0.051276 1.419141 0.202724
v 0.052403 1.414785 0.201224
v 0.062748 1.429304 0.207170
v 0.063392 1.434338 0.190803
v 0.054236 1.419531 0.185782
v 0.051792 1.426048 0.187222
v 0.053449 1.439519 0.172811
v 0.052543 1.430128 0.181021
v 0.060369 1.435245 0.179317
v 0.057657 1.433106 0.191852
v 0.065949 1.427922 0.206048
v 0.068325 1.416072 0.180898
v 0.058810 1.415492 0.187690
v 0.057666 1.410878 0.199151
v 0.057488 1.400174 0.224018
v 0.065986 1.432433 0.190567
v 0.056990 1.405006 0.252383
v 0.055890 1.407527 0.244619
v 0.057253 1.402872 0.255459
v 0.053254 1.392245 0.251188
v 0.056408 1.393852 0.254650
v 0.052058 1.398425 0.240980
v 0.052454 1.404909 0.240187
v 0.056583 1.398222 0.256992
v 0.052241 1.394207 0.252370
v 0.052494 1.399992 0.241452
v 0.051997 1.423633 0.204567
v 0.052550 1.436042 0.176532
v 0.053112 1.430907 0.187362
v 0.067190 1.406092 0.222482
v 0.072447 1.421849 0.168700
v 0.072223 1.421906 0.182775
v 0.061343 1.410035 0.242716
v 0.052665 1.396706 0.239062
v 0.055085 1.392888 0.242890
v 0.061749 1.405017 0.251216
v 0.061050 1.393103 0.250580
v 0.065703 1.397234 0.242616
v 0.053804 1.417713 0.194520
v 0.068563 1.415487 0.201633
v 0.055148 1.412012 0.233899
v 0.054213 1.401450 0.226118
v 0.051709 1.405878 0.228837
v 0.051978 1.409501 0.230377
v 0.065417 1.403488 0.227268
v 0.052153 1.415492 0.207691
v 0.056976 1.416569 0.226692
v 0.064803 1.411917 0.236862
v 0.068110 1.409423 0.225389
v 0.071944 1.426293 0.187711
v 0.059099 1.399383 0.256555
v 0.063258 1.400504 0.252697
v 0.066740 1.401499 0.243456
v 0.070793 1.422907 0.198737
v 0.069183 1.420650 0.204219
v 0.067035 1.407912 0.229595
v 0.062474 1.400414 0.226316
v 0.063505 1.401871 0.222223
v 0.064646 1.411516 0.199797
v 0.062759 1.394638 0.239756
v 0.068467 1.417326 0.184747
v 0.052991 1.393954 0.254187
v 0.072825 1.417358 0.174664
v 0.054641 1.404136 0.242326
v 0.053372 1.398846 0.252869
v 0.069863 1.403305 0.214102
v 0.063509 1.394348 0.203512
v 0.063290 1.405020 0.205556
v 0.061476 1.407767 0.198520
v 0.059733 1.402071 0.196292
v 0.063236 1.397183 0.195686
v 0.070584 1.410353 0.201086
v 0.070498 1.413462 0.191015
v 0.064841 1.401326 0.182722
v 0.060774 1.406205 0.188538
v 0.062140 1.416788 0.180530
v 0.062295 1.411770 0.180581
v 0.063167 1.412241 0.190003
v 0.071545 1.400825 0.217524
v 0.071288 1.400638 0.176937
v 0.067105 1.396832 0.190090
v 0.069990 1.414806 0.182550
v 0.073039 1.411746 0.191539
v 0.066069 1.393907 0.234755
v 0.065458 1.395171 0.230359
v 0.061262 1.385853 0.232312
v 0.063644 1.388226 0.236645
v 0.061489 1.388686 0.227895
v 0.062753 1.391934 0.227912
v 0.060489 1.406463 0.197772
v 0.061889 1.413910 0.181445
v 0.072315 1.392022 0.213121
v 0.074944 1.397737 0.199161
v 0.065899 1.396290 0.228444
v 0.061097 1.389255 0.224771
v 0.062992 1.384247 0.227363
v 0.069263 1.393854 0.233185
v 0.068049 1.385903 0.235293
v 0.072961 1.389852 0.219071
v 0.061589 1.394670 0.223796
v 0.061396 1.386531 0.224500
v 0.068861 1.397133 0.227226
v 0.063531 1.397248 0.224910
v 0.066150 1.392793 0.202435
v 0.073714 1.407501 0.202306
v 0.063364 1.400440 0.217058
v 0.062390 1.389931 0.213975
v 0.064515 1.388535 0.213383
v 0.061178 1.398966 0.214754
v 0.060684 1.400690 0.203181
v 0.072314 1.409168 0.197439
v 0.060330 1.395697 0.214500
v 0.071636 1.385857 0.229891
v 0.075478 1.401289 0.194415
v 0.065209 1.390763 0.236756
v 0.069865 1.389138 0.235449
v 0.074106 1.392821 0.220815
v 0.075465 1.397970 0.206096
v 0.073597 1.395372 0.213834
v 0.072796 1.389191 0.230378
v 0.070202 1.390156 0.211228
v 0.073048 1.395432 0.199176
v 0.074196 1.399524 0.190410
v 0.068876 1.383617 0.228758
v 0.064590 1.383847 0.234168
v 0.061638 1.386913 0.234761
v 0.070270 1.386791 0.218757
v 0.075646 1.402792 0.181543
v 0.063103 1.389891 0.235908
v 0.016596 1.378160 0.207220
v -0.002954 1.385092 0.213833
v 0.004042 1.390773 0.208011
v 0.016487 1.383851 0.208770
v 0.012932 1.378043 0.198970
v 0.019212 1.370854 0.223907
v 0.016751 1.375296 0.219943
v 0.019872 1.366721 0.225539
v 0.001527 1.381502 0.224971
v 0.002629 1.376787 0.229639
v 0.010461 1.367446 0.232008
v 0.008545 1.381329 0.225597
v 0.011799 1.381361 0.219680
v 0.011565 1.371573 0.235629
v 0.012733 1.379026 0.221234
v 0.020080 1.368604 0.228916
v 0.009248 1.376295 0.234235
v 0.007706 1.380612 0.229436
v 0.012642 1.387947 0.212090
v 0.000391 1.374972 0.202627
v 0.018418 1.366639 0.219311
v 0.005091 1.367570 0.221700
v 0.015055 1.370636 0.209723
v 0.006233 1.383426 0.220497
v 0.018504 1.372113 0.216460
v 0.016620 1.376542 0.216960
v 0.015754 1.381787 0.211700
v -0.003610 1.379176 0.216909
v 0.012111 1.385320 0.214593
v 0.001110 1.371914 0.207454
v 0.013283 1.389819 0.196378
v -0.004979 1.388226 0.207115
v 0.008804 1.394605 0.198156
v -0.007874 1.386016 0.199598
v 0.004991 1.386663 0.214961
v 0.006997 1.375296 0.197789
v 0.016023 1.364585 0.228757
v 0.017865 1.368804 0.232605
v 0.011728 1.364770 0.218132
v 0.008136 1.368717 0.206970
v -0.004246 1.381330 0.211132
v 0.003262 1.372371 0.228327
v -0.003715 1.379639 0.203826
v 0.007181 1.372194 0.233053
v 0.014977 1.374689 0.230865
v 0.031544 1.457706 0.187154
v 0.028900 1.441135 0.181792
v 0.030411 1.462410 0.176245
v 0.037922 1.457293 0.152774
v 0.029319 1.472209 0.150562
v 0.031315 1.469046 0.161671
v 0.031560 1.454844 0.154066
v 0.027898 1.433739 0.208662
v 0.027384 1.457071 0.154014
v 0.028382 1.446635 0.167669
v 0.032217 1.450234 0.204543
v 0.027896 1.435909 0.195216
v 0.031733 1.453481 0.197803
v 0.041975 1.431412 0.195493
v 0.053155 1.451569 0.186823
v 0.043848 1.437142 0.179780
v 0.047365 1.424647 0.241450
v 0.044106 1.426578 0.205950
v 0.048224 1.428535 0.233398
v 0.042942 1.419387 0.222359
v 0.059827 1.429022 0.207297
v 0.057321 1.426720 0.178050
v 0.058128 1.437272 0.176022
v 0.059745 1.435040 0.188422
v 0.056815 1.406648 0.248271
v 0.051466 1.396065 0.245550
v 0.052741 1.403227 0.226772
v 0.058517 1.413478 0.234932
v 0.066916 1.405779 0.207700
v 0.066376 1.410460 0.200794
v 0.065613 1.413692 0.190932
v 0.061807 1.403704 0.186170
v 0.061469 1.398312 0.202024
v 0.065999 1.400176 0.221215
v 0.060682 1.392855 0.214598
v 0.040834 1.455768 0.189259
v 0.041822 1.469575 0.160336
v 0.053977 1.455345 0.153047
v 0.038749 1.447368 0.207231
v 0.040129 1.463171 0.175434
v 0.038719 1.451818 0.198267
v 0.038298 1.437032 0.193027
v 0.041510 1.453014 0.156020
v 0.038669 1.434311 0.199029
v 0.039953 1.445426 0.170358
v 0.058793 1.441480 0.201174
v 0.058279 1.451210 0.157905
v 0.063257 1.447893 0.178063
v 0.054536 1.418649 0.209271
v 0.053380 1.426320 0.193762
v 0.057917 1.433644 0.174165
v 0.056649 1.428754 0.228125
v 0.059788 1.437607 0.208875
v 0.050418 1.408720 0.238110
v 0.051957 1.414835 0.222193
v 0.055551 1.429293 0.182504
v 0.046512 1.407292 0.243494
v 0.066552 1.412168 0.231361
v 0.067791 1.424726 0.206283
v 0.069607 1.428136 0.191711
v 0.061466 1.411213 0.196974
v 0.064129 1.416190 0.183281
v 0.066035 1.405787 0.242925
v 0.068769 1.426098 0.202683
v 0.058238 1.391547 0.246717
v 0.059463 1.399843 0.224497
v 0.060430 1.397089 0.230786
v 0.073405 1.398037 0.216743
v 0.075775 1.403646 0.202121
v 0.074525 1.410746 0.181504
v 0.067582 1.389337 0.210271
v 0.069916 1.393591 0.199244
v 0.071840 1.398254 0.185880
v 0.072944 1.393716 0.226593
v 0.075905 1.406703 0.192113
v 0.075039 1.404798 0.197241
v 0.066994 1.386083 0.217927
v 0.031182 1.463661 0.150100
v 0.035795 1.472438 0.145510
v 0.041044 1.458722 0.135965
v 0.041032 1.463639 0.139502
v 0.042697 1.452945 0.166091
v 0.061201 1.442322 0.150368
v 0.063877 1.435712 0.155977
v 0.053559 1.431160 0.176534
v 0.059987 1.420395 0.176829
v 0.060766 1.413329 0.178957
v 0.066561 1.402199 0.175865
v 0.075898 1.406192 0.179100
v 0.064300 1.407617 0.178422
v 0.074577 1.402997 0.173124
v 0.025672 1.470851 0.145846
v 0.027335 1.470247 0.139581
v 0.026130 1.468190 0.147457
v 0.032560 1.451467 0.130340
v 0.028031 1.459151 0.129891
v 0.037602 1.443508 0.133423
v 0.045418 1.445808 0.167664
v 0.046616 1.432132 0.142605
v 0.050008 1.427644 0.146792
v 0.050487 1.434283 0.173440
v 0.053864 1.426020 0.176900
v 0.062223 1.417029 0.155837
v 0.056571 1.418925 0.152091
v 0.068534 1.411176 0.161295
v 0.054046 1.416123 0.177044
v 0.071953 1.400690 0.171798
v 0.074228 1.404607 0.168735
v 0.060326 1.403465 0.179429
v 0.062403 1.406521 0.156913
v 0.017441 1.461111 0.135375
v 0.019841 1.455990 0.127884
v 0.022352 1.444485 0.127100
v 0.032041 1.440267 0.131406
v 0.037216 1.448623 0.165711
v 0.052563 1.382080 0.168031
v 0.007647 1.401505 0.161006
v 0.004743 1.391891 0.159897
v 0.048011 1.438857 0.167925
v 0.037784 1.455758 0.156750
v 0.011238 1.456789 0.142493
v 0.053437 1.383218 0.160673
v -0.007088 1.430386 0.147176
v 0.023805 1.434746 0.131137
v 0.034448 1.420912 0.145097
v 0.029107 1.429385 0.136652
v 0.052168 1.407394 0.153899
v 0.041935 1.414240 0.150541
v 0.042264 1.407802 0.179348
v 0.067081 1.396831 0.169992
v 0.052892 1.407195 0.180310
v -0.000005 1.385618 0.160550
v -0.007740 1.385556 0.163560
v 0.052433 1.441345 0.169642
v -0.012196 1.430712 0.152662
v 0.059788 1.395725 0.175770
v 0.023212 1.435221 0.169339
v 0.009464 1.449895 0.151992
v 0.009179 1.399766 0.151473
v 0.004186 1.389369 0.149310
v -0.001075 1.383725 0.151049
v -0.008716 1.387039 0.151812
v 0.006485 1.416972 0.135128
v 0.043355 1.397719 0.180865
v -0.008356 1.399087 0.154959
v -0.004417 1.413191 0.148170
v 0.032050 1.423205 0.173500
v 0.017728 1.440775 0.161954
v 0.034911 1.417957 0.178263
v -0.003088 1.413667 0.149239
v -0.015977 1.418864 0.159675
v -0.019513 1.413109 0.151451
v 0.046416 1.430761 0.174002
v 0.017519 1.388580 0.179182
v -0.006933 1.395288 0.172781
v -0.015631 1.410676 0.157628
v -0.017865 1.423403 0.149704
v 0.027655 1.362262 0.164110
v 0.036906 1.371530 0.153715
v 0.020908 1.377173 0.178456
v -0.012869 1.415320 0.165240
v -0.012468 1.402501 0.165393
v 0.022885 1.414733 0.174931
v 0.035382 1.365886 0.159285
v 0.039202 1.439569 0.167393
v 0.003046 1.431050 0.158448
v 0.017171 1.458055 0.150648
v 0.026923 1.463708 0.154715
v 0.046376 1.459016 0.150712
v 0.046572 1.456153 0.153720
v 0.066698 1.439988 0.164049
v 0.060034 1.451968 0.179497
v 0.050127 1.452692 0.177139
v 0.062630 1.434827 0.173008
v 0.069878 1.429814 0.177318
v 0.055517 1.419351 0.183727
v 0.062993 1.419713 0.179035
v 0.050294 1.435750 0.174962
v 0.075918 1.407399 0.185888
v -0.262120 1.248844 0.099741
v -0.237898 1.259358 0.112241
v -0.224314 1.258549 0.113180
v -0.196868 1.250605 0.103173
v -0.187497 1.244178 0.090215
v -0.251459 1.252290 0.109361
v -0.243584 1.225660 0.045025
v -0.263148 1.231727 0.077070
v -0.264231 1.240733 0.090275
v -0.236260 1.217780 0.041578
v -0.226810 1.217497 0.036391
v -0.175464 1.239772 0.049693
v -0.213055 1.223781 0.031605
v -0.258961 1.239440 0.104607
v -0.237741 1.245356 0.110303
v -0.226127 1.248028 0.109699
v -0.198549 1.238323 0.101943
v -0.188688 1.234263 0.092098
v -0.182047 1.230281 0.078618
v -0.245784 1.205805 0.059797
v -0.254489 1.211318 0.071142
v -0.260877 1.218421 0.087558
v -0.261499 1.229186 0.098347
v -0.237507 1.198508 0.056408
v -0.194530 1.206038 0.050357
v -0.185996 1.213162 0.057164
v -0.182615 1.217198 0.067688
v -0.222217 1.195395 0.048497
v -0.254078 1.235360 0.109148
v -0.217248 1.239094 0.105343
v -0.200846 1.230389 0.097842
v -0.190388 1.225771 0.091682
v -0.183820 1.220759 0.080757
v -0.247988 1.243041 0.109467
v -0.244260 1.190642 0.078124
v -0.251308 1.198867 0.087203
v -0.255337 1.210126 0.100525
v -0.255942 1.223888 0.105826
v -0.237013 1.183808 0.073101
v -0.230249 1.180168 0.066661
v -0.222854 1.182085 0.060371
v -0.245262 1.238897 0.110582
v -0.234576 1.245919 0.105907
v -0.224196 1.242498 0.100537
v -0.203116 1.226384 0.089870
v -0.193063 1.219243 0.087430
v -0.185465 1.212458 0.082483
v -0.241573 1.246371 0.106264
v -0.235211 1.184464 0.097553
v -0.241334 1.194996 0.104043
v -0.245270 1.209426 0.111296
v -0.244870 1.226583 0.112915
v -0.229676 1.176685 0.090890
v -0.224458 1.170513 0.082488
v -0.206417 1.181051 0.057785
v -0.195713 1.192945 0.060821
v -0.189795 1.202308 0.067963
v -0.219260 1.171676 0.072788
v -0.232383 1.247340 0.111504
v -0.227292 1.255530 0.095254
v -0.220262 1.250435 0.086705
v -0.204012 1.229259 0.073841
v -0.196866 1.217453 0.071180
v -0.190404 1.205399 0.073778
v -0.230031 1.256444 0.101478
v -0.220823 1.188710 0.110797
v -0.226341 1.200002 0.116458
v -0.228664 1.216707 0.121140
v -0.232747 1.232362 0.118060
v -0.216813 1.179170 0.102675
v -0.212961 1.171430 0.092871
v -0.197278 1.179804 0.069647
v -0.192941 1.186485 0.069611
v -0.189246 1.194896 0.073129
v -0.207737 1.171033 0.077646
v -0.205605 1.260496 0.122830
v -0.217156 1.264585 0.093594
v -0.213075 1.261622 0.079678
v -0.199019 1.240590 0.057182
v -0.192684 1.227187 0.051926
v -0.189109 1.213228 0.049844
v -0.219061 1.261432 0.106724
v -0.196642 1.199755 0.121140
v -0.205715 1.211724 0.126630
v -0.212020 1.226079 0.128068
v -0.201804 1.249799 0.129927
v -0.193620 1.192171 0.115124
v -0.188005 1.185726 0.106508
v -0.187162 1.188719 0.068986
v -0.187846 1.193099 0.062368
v -0.188901 1.202227 0.053115
v -0.188492 1.184124 0.097206
v -0.192946 1.280023 0.102743
v -0.201634 1.271089 0.085037
v -0.184935 1.252780 0.059624
v -0.177665 1.240338 0.054040
v -0.171928 1.227342 0.053234
v -0.185239 1.280237 0.118778
v -0.164939 1.237332 0.140846
v -0.185963 1.241109 0.137042
v -0.170946 1.207250 0.122318
v -0.167581 1.201029 0.078306
v -0.144394 1.228309 0.073785
v -0.169014 1.218314 0.058666
v -0.170654 1.192439 0.097592
v -0.178631 1.284770 0.093182
v -0.160471 1.270026 0.068249
v -0.150783 1.261819 0.064183
v -0.146937 1.249444 0.062373
v -0.147004 1.236091 0.139654
v -0.144523 1.226667 0.131396
v -0.135391 1.227844 0.123313
v -0.136761 1.224619 0.089241
v -0.143761 1.240890 0.067414
v -0.140225 1.220282 0.111808
v -0.147723 1.294224 0.138897
v -0.149699 1.302958 0.117861
v -0.149189 1.299928 0.104410
v -0.125644 1.295247 0.086551
v -0.117915 1.274682 0.079115
v -0.141828 1.304709 0.131708
v -0.110755 1.281193 0.155444
v -0.113086 1.307713 0.153673
v -0.111011 1.254918 0.143321
v -0.113229 1.250919 0.092173
v -0.109399 1.262764 0.087728
v -0.104260 1.276539 0.087315
v -0.116511 1.315002 0.146957
v -0.113859 1.324214 0.119558
v -0.069122 1.332481 0.111371
v -0.096464 1.281567 0.155473
v -0.107541 1.301261 0.157360
v -0.088757 1.268811 0.140261
v -0.070185 1.289426 0.114539
v -0.067391 1.356986 0.143241
v -0.069875 1.343046 0.117053
v -0.063504 1.327227 0.111646
v -0.066848 1.313910 0.164975
v -0.073262 1.317806 0.164870
v -0.065998 1.304627 0.160870
v -0.066534 1.295465 0.153519
v -0.063547 1.314773 0.110816
v -0.063017 1.293214 0.145141
v -0.052908 1.358506 0.158850
v -0.067501 1.357522 0.135117
v -0.060735 1.358185 0.151750
v -0.062586 1.336098 0.165920
v -0.056099 1.347413 0.164278
v -0.027938 1.334734 0.167875
v -0.045130 1.321663 0.123119
v -0.031096 1.324115 0.158426
v -0.041609 1.367822 0.132696
v -0.044201 1.357941 0.127410
v -0.041494 1.350426 0.125613
v -0.038077 1.340359 0.171955
v -0.043425 1.343388 0.170888
v -0.030309 1.338867 0.171200
v -0.021388 1.335920 0.137278
v -0.034349 1.344943 0.127475
v -0.042288 1.376113 0.151660
v -0.042385 1.377316 0.144902
v -0.042325 1.371879 0.157438
v -0.026655 1.365532 0.171153
v -0.037208 1.366693 0.165441
v -0.026052 1.341947 0.131744
v -0.021509 1.335073 0.165744
v -0.033927 1.378397 0.162237
v -0.028026 1.395710 0.150782
v -0.029425 1.395614 0.144459
v -0.031225 1.379427 0.135070
v -0.032323 1.368387 0.131359
v -0.023006 1.369748 0.132016
v -0.010571 1.362341 0.175274
v -0.019871 1.362637 0.173709
v -0.013412 1.350332 0.173152
v -0.012593 1.356590 0.136343
v -0.017190 1.364236 0.133207
v -0.023365 1.404968 0.149518
v -0.022626 1.404494 0.136642
v 0.000910 1.395308 0.132566
v -0.023814 1.406452 0.143045
v 0.002262 1.368128 0.176577
v 0.043469 1.457089 0.156979
v 0.037292 1.460538 0.151634
v -0.003204 1.378829 0.192865
v 0.010183 1.381936 0.188994
v 0.011506 1.386779 0.188000
v 0.000499 1.395616 0.199162
v -0.006751 1.381998 0.197372
v -0.008224 1.392060 0.197141
v 0.004016 1.380485 0.183764
v -0.008541 1.386008 0.188584
v -0.004842 1.381218 0.186339
v 0.008443 1.397051 0.177388
v -0.009797 1.396994 0.187077
v -0.010534 1.396997 0.182846
v -0.004879 1.403211 0.185301
v 0.004322 1.403179 0.181697
v -0.005982 1.385003 0.178838
v 0.003554 1.384803 0.172517
v -0.013135 1.400677 0.181474
v -0.010163 1.402608 0.168848
v -0.009446 1.393846 0.173868
v -0.008002 1.392489 0.167220
v 0.006632 1.390981 0.170858
v -0.018313 1.401821 0.182416
v -0.008336 1.408865 0.176129
v -0.007958 1.414618 0.155669
v -0.004423 1.383529 0.172824
v -0.001083 1.385969 0.128780
v -0.001449 1.384192 0.140454
v -0.007197 1.387917 0.142341
v 0.016483 1.417083 0.132954
v 0.006534 1.396892 0.131313
v 0.022910 1.415000 0.137664
v 0.003525 1.383357 0.130206
v 0.025453 1.410626 0.143904
v -0.005749 1.383292 0.126517
v 0.029253 1.405273 0.147164
v -0.000880 1.371582 0.132295
v 0.044862 1.389072 0.153171
v 0.020306 1.362907 0.145796
v 0.069415 1.400653 0.163556
v 0.010345 1.395952 0.177960
v 0.042416 1.377997 0.172332
v 0.010620 1.421591 0.169498
v 0.008561 1.368008 0.137323
v 0.001515 1.410838 0.162618
v -0.012520 1.420964 0.154451
v -0.016829 1.414594 0.139290
v 0.004024 1.350539 0.151885
v -0.001448 1.356386 0.142747
v 0.012657 1.353699 0.162191
v -0.005545 1.363980 0.135463
v -0.015215 1.376048 0.130638
v -0.018110 1.399180 0.131760
v -0.031581 1.602539 0.125030
v -0.035059 1.605021 0.113300
v -0.035802 1.606791 0.096315
v -0.034105 1.609457 0.075360
v -0.031059 1.619806 0.128012
v -0.062128 1.686484 0.112802
v -0.042465 1.709239 0.139186
v -0.000146 1.715451 0.150161
v -0.133596 1.481488 0.059751
v -0.197603 1.410144 0.082968
v -0.197646 1.394322 0.079565
v -0.198827 1.380270 0.079356
v -0.196007 1.355052 0.084291
v -0.199066 1.337917 0.091977
v -0.205395 1.293201 0.104962
v -0.208006 1.272442 0.109827
v -0.210161 1.255217 0.110405
v -0.047840 1.369341 0.136147
v -0.033840 1.383653 0.139255
v -0.012714 1.389879 0.128120
v -0.113915 1.317355 0.107072
v -0.152831 1.410495 -0.072872
v -0.118340 1.405736 -0.086665
v -0.091060 1.400629 -0.088401
v -0.183472 1.398216 -0.059417
v -0.182722 1.373174 -0.036140
v -0.188554 1.348302 -0.026256
v -0.187302 1.326050 -0.013976
v -0.187920 1.387326 -0.048061
v -0.169436 1.407653 -0.066742
v -0.192099 1.266423 0.015437
v -0.208679 1.206336 0.041817
v -0.217824 1.183581 0.055368
v -0.215476 1.172698 0.066335
v -0.188173 1.183239 0.087918
v -0.125008 1.231646 0.105606
v -0.082907 1.270095 0.124086
v -0.020371 1.331049 0.153741
v 0.004230 1.347596 0.160564
v 0.046075 1.446503 0.137944
v 0.068192 1.421866 0.161358
v 0.062915 1.426007 0.154105
v 0.057302 1.434240 0.148860
v 0.029885 1.468059 0.136348
v 0.000179 1.430960 0.141826
v 0.001669 1.443644 0.139954
v 0.013564 1.449765 0.129883
v 0.011042 1.433395 0.132811
v -0.017962 1.425251 0.152991
v -0.016678 1.420874 0.146812
v -0.007758 1.409427 0.137079
v 0.027742 1.371949 0.145802
v 0.015316 1.374738 0.138140
v 0.006130 1.379754 0.133381
v -0.002482 1.384606 0.126185
v -0.048337 1.399227 -0.080178
v -0.173277 1.377794 -0.051332
v -0.177265 1.367956 -0.032359
v -0.175206 1.342063 -0.018880
v -0.178141 1.371736 -0.040281
v -0.177829 1.291259 0.009235
v -0.185299 1.245196 0.031311
v 0.026286 1.370405 0.176946
v -0.198991 1.211092 0.042835
v -0.210805 1.176256 0.060835
v -0.201942 1.174568 0.071707
v -0.169992 1.194128 0.088805
v -0.101588 1.254530 0.105550
v -0.045250 1.308308 0.133669
v -0.020719 1.330850 0.144336
v -0.007296 1.341109 0.148701
v -0.163702 1.389119 -0.064702
v 0.010588 1.356710 0.172070
v -0.143244 1.296050 0.093249
v -0.170700 1.279043 0.080226
v -0.194388 1.263493 0.070693
v -0.206418 1.252197 0.066976
v -0.212332 1.240146 0.079528
v -0.213297 1.234110 0.095258
v -0.212371 1.243454 0.107587
v -0.040287 1.375742 0.138682
v -0.024429 1.389165 0.162101
v -0.023516 1.379105 0.131975
v -0.160347 1.307784 0.067079
v -0.168864 1.289510 0.027423
v -0.165896 1.298471 0.047081
v -0.117300 1.310461 -0.073410
v -0.099712 1.332874 -0.084441
v -0.055977 1.328341 -0.081354
v -0.000359 1.329176 -0.070946
v -0.151018 1.303798 -0.043076
v -0.140616 1.313994 -0.063550
v -0.153899 1.290312 0.067607
v -0.161337 1.269823 0.027427
v -0.158762 1.278767 0.047783
v -0.091558 1.300380 -0.077685
v -0.078033 1.308442 -0.080315
v -0.041149 1.304021 -0.078672
v -0.022380 1.288671 -0.072781
v -0.141481 1.273587 -0.041194
v -0.149004 1.256315 -0.016158
v -0.161792 1.267408 0.005874
v -0.133888 1.294743 -0.062177
v -0.148009 1.270241 0.069026
v -0.152455 1.252490 0.027270
v -0.150037 1.260304 0.049076
v -0.101871 1.280888 -0.070571
v -0.053830 1.270919 -0.078445
v 0.000438 1.285260 -0.070143
v -0.146906 1.235765 0.004711
v -0.123527 1.269384 -0.057150
v -0.141955 1.245644 0.071158
v -0.146425 1.230656 0.027644
v -0.145343 1.236868 0.050765
v -0.099471 1.241682 -0.061335
v -0.081248 1.261962 -0.073950
v -0.068012 1.265180 -0.076939
v -0.038358 1.266585 -0.075672
v -0.122861 1.216412 -0.033214
v -0.131190 1.209689 -0.014309
v -0.111954 1.225408 -0.048755
v -0.137295 1.207487 0.074401
v -0.140514 1.210503 0.026423
v -0.142492 1.215630 0.052793
v -0.082579 1.218038 -0.063063
v -0.066161 1.237206 -0.072055
v -0.052441 1.237357 -0.072960
v -0.027548 1.214386 -0.066703
v -0.138265 1.208466 0.005786
v -0.139279 1.179685 0.057066
v -0.097943 1.196717 -0.050322
v -0.068535 1.200168 -0.062029
v -0.058509 1.210505 -0.066157
v -0.038727 1.212797 -0.067608
v 0.000000 1.214130 -0.065461
v -0.120723 1.183422 -0.023788
v -0.129015 1.183016 -0.005666
v -0.133862 1.170827 0.014688
v -0.135893 1.170076 0.077644
v -0.137481 1.177096 0.034860
v -0.083419 1.167451 -0.048498
v -0.039116 1.183471 -0.062538
v 0.002052 1.185863 -0.060568
v -0.111207 1.168649 -0.031151
v -0.138769 1.152760 0.037239
v -0.138806 1.154440 0.058536
v -0.097570 1.161561 -0.038691
v -0.069336 1.165317 -0.053725
v -0.055224 1.162820 -0.056860
v -0.021041 1.164219 -0.057237
v -0.129142 1.145044 0.001429
v -0.136965 1.143510 0.077177
v -0.143200 1.121253 0.057435
v -0.054547 1.153235 0.128719
v -0.039176 1.161254 -0.058411
v 0.000119 1.162150 -0.053512
v -0.015966 1.134655 0.131431
v -0.128208 1.132071 -0.001852
v -0.135118 1.139665 0.016469
v -0.109546 1.147413 -0.027249
v -0.139604 1.121144 0.075173
v -0.143113 1.115139 0.031964
v -0.035280 1.149840 0.132040
v -0.095126 1.131647 -0.036814
v -0.084625 1.133070 -0.042198
v -0.071293 1.136198 -0.047880
v -0.054394 1.126722 -0.051586
v -0.038475 1.133872 -0.054578
v -0.140107 1.088426 0.008285
v -0.105949 1.113681 -0.030177
v -0.145298 1.317068 0.091315
v -0.140616 1.285102 0.086181
v -0.128737 1.214748 0.096074
v -0.134997 1.260550 0.089526
v 0.000001 1.132399 0.129173
v 0.012476 1.256179 0.137452
v 0.000387 1.211721 0.135182
v -0.080042 1.257560 0.133621
v -0.115554 1.134448 0.104361
v -0.035936 1.195948 0.136273
v -0.031679 1.252016 0.138015
v -0.098048 1.230835 0.124908
v -0.114783 1.167316 0.106379
v -0.054249 1.195428 0.134860
v -0.057999 1.245921 0.135850
v -0.071247 1.192617 0.130761
v -0.095421 1.207084 0.124370
v -0.114836 1.199737 0.110996
v -0.031337 1.222024 0.136717
v 0.000000 1.289061 0.136933
v -0.094715 1.185648 0.119927
v -0.117168 1.221863 0.112713
v -0.069859 1.144122 0.122972
v -0.096069 1.152898 0.114199
v -0.119694 1.248367 0.109540
v -0.036338 1.281759 0.138274
v -0.129050 1.191239 0.095120
v -0.128858 1.162928 0.092832
v -0.131199 1.124523 0.090015
v -0.120439 1.143047 -0.015447
v -0.018559 1.107749 0.135719
v -0.016426 1.086099 0.136013
v 0.000003 1.080245 0.134803
v 0.003130 1.118715 0.130416
v -0.005129 1.116341 0.130888
v -0.007444 1.101725 0.133913
v 0.000099 1.096338 0.133722
v 0.003429 1.114634 0.130415
v -0.057052 1.128955 0.125953
v -0.035046 1.127643 0.132079
v -0.096044 1.120067 0.112810
v -0.129762 1.089241 -0.010963
v -0.055138 1.088944 0.131356
v -0.036406 1.093994 0.135597
v -0.116750 1.102075 0.104472
v -0.074888 1.110937 0.120821
v -0.033704 1.173248 0.133852
v 0.000000 1.173616 0.130244
v -0.144680 1.076523 0.049154
v -0.144699 1.081830 0.026428
v -0.129182 1.072811 0.091790
v -0.096877 1.092596 0.115618
v -0.119070 1.120156 -0.017371
v -0.118293 1.089659 -0.025074
v -0.091527 1.100847 -0.040561
v -0.076077 1.116539 -0.044480
v -0.020533 1.124419 -0.053021
v -0.000266 1.124485 -0.048968
v -0.073202 1.104902 -0.046305
v -0.051413 1.113146 -0.051705
v -0.036257 1.118149 -0.054325
v -0.087460 1.082997 -0.049601
v -0.069167 1.085976 -0.054435
v -0.044884 1.091786 -0.057450
v -0.032200 1.100469 -0.056084
v -0.016740 1.102138 -0.054671
v -0.000000 1.097279 -0.052314
v -0.103416 1.094415 -0.035599
v -0.115610 1.058305 -0.045210
v -0.082657 1.042054 -0.077958
v -0.056047 1.042644 -0.082538
v -0.034614 1.043073 -0.082440
v -0.021736 1.044519 -0.079863
v -0.010677 1.044688 -0.075213
v 0.000000 1.044676 -0.069477
v -0.100941 1.061437 -0.056264
v -0.114407 1.039979 -0.052479
v -0.099067 1.040889 -0.068896
v -0.079437 1.018049 -0.088946
v -0.060633 1.015918 -0.092231
v -0.026710 1.012438 -0.092736
v -0.015438 1.011016 -0.087487
v -0.004223 1.011362 -0.079009
v 0.000000 1.012802 -0.072093
v -0.117210 1.015203 -0.065849
v -0.079648 0.986657 -0.096280
v -0.058181 0.984285 -0.097500
v -0.038274 0.981370 -0.096211
v -0.022639 0.980135 -0.091602
v -0.011151 0.980804 -0.084576
v -0.003025 0.981716 -0.075986
v 0.000000 0.985162 -0.064342
v -0.098351 1.017898 -0.080055
v -0.120459 0.988573 -0.072113
v -0.079170 0.957891 -0.094340
v -0.055845 0.955718 -0.094651
v -0.034447 0.953695 -0.092039
v -0.019817 0.954643 -0.086177
v -0.009455 0.955906 -0.079115
v -0.003317 0.956298 -0.070629
v -0.000000 0.940283 -0.051895
v -0.101398 0.988625 -0.088337
v -0.121599 0.964216 -0.071840
v -0.076002 0.936058 -0.088533
v -0.051875 0.933280 -0.086736
v -0.031123 0.933659 -0.081278
v -0.011410 0.937035 -0.069546
v -0.004811 0.939244 -0.060607
v -0.101578 0.962580 -0.087380
v -0.122007 0.942907 -0.071116
v -0.071221 0.917741 -0.080668
v -0.046327 0.917463 -0.074483
v -0.016893 0.922777 -0.056944
v -0.007731 0.926474 -0.051895
v -0.000006 0.917234 -0.034874
v -0.099919 0.939531 -0.084263
v -0.121434 0.924524 -0.069077
v -0.067937 0.901886 -0.070025
v -0.041393 0.900301 -0.055470
v -0.023286 0.907151 -0.048238
v -0.011683 0.912705 -0.039111
v -0.097321 0.921030 -0.079925
v -0.120695 0.907949 -0.066877
v -0.069392 0.885801 -0.065904
v -0.046154 0.871789 -0.053160
v -0.013422 0.906092 -0.035259
v -0.009446 0.907788 -0.028123
v -0.000062 0.912175 -0.024569
v -0.095210 0.904546 -0.076073
v -0.144487 1.055963 -0.001246
v -0.132091 1.056824 -0.025598
v -0.154133 1.028521 0.042831
v -0.150453 1.048886 0.021933
v -0.145245 1.047757 0.061595
v -0.131353 1.049868 0.088227
v -0.142362 1.031568 -0.006969
v -0.129457 1.034652 -0.033288
v -0.151071 1.028575 0.018884
v -0.144321 0.998110 0.088652
v -0.135291 0.988012 -0.052078
v -0.159956 1.001978 0.040791
v -0.154016 1.006778 0.014777
v -0.155429 0.998825 0.065438
v -0.147995 0.969187 -0.026069
v -0.162645 0.972270 0.040965
v -0.155579 0.983100 0.009492
v -0.160210 0.974594 0.064401
v -0.148200 0.972272 0.086346
v -0.139528 0.945107 -0.051292
v -0.159003 0.962545 0.008340
v -0.163117 0.945047 0.060838
v -0.150130 0.950436 0.083395
v -0.155663 0.932230 -0.024735
v -0.169507 0.922524 0.033766
v -0.168462 0.909712 0.003624
v -0.154985 0.892856 0.082646
v -0.140609 0.926261 -0.050213
v -0.159011 0.909056 -0.024770
v -0.141165 0.909295 -0.049220
v -0.077229 0.875270 0.107651
v 0.000002 1.026912 0.131641
v -0.114898 1.049758 0.104863
v -0.041813 1.010914 0.125954
v -0.060044 1.029583 0.124131
v -0.094126 1.048086 0.113866
v -0.020086 1.002583 0.128757
v -0.121681 1.023383 0.105550
v -0.092725 1.026705 0.115681
v -0.126296 0.997557 0.106086
v -0.040163 0.981284 0.122898
v -0.058657 0.986807 0.117607
v -0.099389 0.998293 0.113908
v -0.076532 0.993955 0.114642
v -0.000032 0.958262 0.120486
v -0.129193 0.971399 0.103230
v -0.037158 0.958686 0.116910
v -0.055517 0.964528 0.111833
v -0.103223 0.971244 0.112683
v -0.078247 0.968782 0.110057
v -0.000074 0.937097 0.111974
v -0.130551 0.941511 0.099588
v -0.032479 0.936546 0.106278
v -0.053655 0.943186 0.104435
v -0.104769 0.947038 0.111270
v -0.078054 0.945037 0.111297
v -0.000044 0.917795 0.095561
v -0.025449 0.919080 0.089990
v -0.044961 0.918834 0.097505
v -0.106862 0.905779 0.107309
v -0.075336 0.915228 0.109235
v -0.135021 0.907555 0.098236
v -0.049003 0.893220 0.094273
v -0.020629 0.980188 0.125158
v -0.019113 0.957143 0.121100
v -0.016447 0.937066 0.110698
v -0.012873 0.918410 0.093958
v -0.096468 1.070102 0.116783
v -0.061528 1.066115 0.129209
v -0.037980 1.058697 0.133537
v -0.018408 1.056702 0.134018
v -0.000216 1.046771 0.132837
v -0.116747 1.072899 0.107141
v -0.000848 0.903416 0.070807
v 0.000058 0.897485 0.047512
v 0.000926 0.899805 0.007308
v -0.001767 0.900437 0.005292
v 0.000036 0.907457 -0.008999
v -0.004501 0.906111 -0.011817
v -0.014761 0.907537 0.070710
v -0.007502 0.901060 0.048819
v -0.020946 0.905237 0.073678
v -0.009581 0.898535 0.048148
v -0.004967 0.893370 0.006330
v -0.044871 1.073198 -0.066205
v -0.102219 1.079453 -0.043792
v -0.027181 1.074519 -0.065520
v -0.139606 1.072403 0.070747
v -0.119775 0.892120 -0.065097
v -0.094720 0.888929 -0.072939
v -0.141275 0.893498 -0.047947
v -0.174927 0.876075 0.033952
v -0.023465 0.893702 0.072432
v -0.010916 0.890570 -0.020798
v -0.108980 0.879244 0.106370
v -0.049145 0.865567 0.092482
v -0.136874 0.876787 0.097965
v -0.011516 0.872848 0.045695
v -0.005226 0.872715 -0.000918
v -0.012727 0.870500 -0.023359
v -0.025666 0.860281 0.070090
v -0.005218 0.836580 -0.003430
v -0.016613 0.900789 -0.038250
v -0.166615 0.902628 0.059148
v -0.170755 0.864399 0.059733
v -0.022843 0.887643 -0.040187
v -0.025862 0.870048 -0.040449
v -0.074536 0.856825 -0.063781
v -0.080540 0.830876 0.108268
v -0.123067 0.856094 -0.061067
v -0.099577 0.849713 -0.067977
v -0.146454 0.852905 -0.043535
v -0.173548 0.871496 0.007881
v -0.011295 0.840026 0.043287
v -0.012606 0.835527 -0.023340
v -0.050581 0.839764 -0.055130
v -0.176697 0.842656 0.036773
v -0.112901 0.828873 0.107143
v -0.051625 0.806534 0.089585
v -0.140847 0.837014 0.097585
v -0.159378 0.848093 0.080621
v -0.027444 0.822987 0.068915
v -0.028350 0.834980 -0.040395
v -0.077899 0.818465 -0.065120
v -0.127711 0.827686 -0.058731
v -0.167689 0.798386 -0.019486
v -0.176092 0.803158 0.007032
v -0.011542 0.787209 0.043034
v -0.003438 0.785095 0.000958
v -0.172322 0.815451 0.058110
v -0.029583 0.786912 -0.041445
v -0.087817 0.718266 -0.066434
v -0.055693 0.753897 -0.058766
v -0.087214 0.754371 0.100740
v -0.136576 0.757270 -0.053066
v -0.114349 0.725985 -0.063355
v -0.165283 0.758382 -0.018579
v -0.153653 0.757707 -0.037790
v -0.177067 0.790764 0.032013
v -0.172792 0.757708 0.005242
v -0.117706 0.757651 0.099596
v -0.053836 0.766425 0.088348
v -0.143401 0.784603 0.091940
v -0.161922 0.761933 0.068803
v -0.029288 0.764702 0.066833
v -0.016311 0.736799 0.041502
v -0.006430 0.742187 -0.001647
v -0.012454 0.743928 -0.021879
v -0.171370 0.760261 0.048655
v -0.028488 0.748310 -0.042027
v -0.065124 0.701457 -0.059278
v -0.091140 0.721843 0.094630
v -0.137101 0.724104 -0.050803
v -0.155915 0.710286 -0.022502
v -0.149715 0.715859 -0.036239
v -0.170193 0.721082 0.018081
v -0.166105 0.721262 -0.000025
v -0.121410 0.723595 0.091667
v -0.060728 0.720361 0.086102
v -0.146531 0.726335 0.078552
v -0.162860 0.724293 0.059937
v -0.035553 0.718622 0.065200
v -0.017298 0.685161 -0.008436
v -0.168693 0.722109 0.038156
v -0.031032 0.719028 -0.043296
v -0.090218 0.692797 -0.063490
v -0.100996 0.667798 0.075480
v -0.127698 0.671197 -0.046482
v -0.110835 0.677131 -0.057786
v -0.159868 0.690128 0.007134
v -0.157288 0.691000 -0.005869
v -0.123792 0.694216 0.079446
v -0.067619 0.692680 0.080928
v -0.145305 0.693260 0.065599
v -0.157677 0.690767 0.046326
v -0.041258 0.690241 0.061107
v -0.025382 0.684657 0.033769
v -0.025017 0.670591 -0.028172
v -0.162225 0.689445 0.024789
v -0.038081 0.669689 -0.044613
v -0.089752 0.649422 -0.061803
v -0.068432 0.650215 -0.057875
v -0.148648 0.665199 -0.022755
v -0.140356 0.667939 -0.035060
v -0.153135 0.663902 0.001276
v -0.152490 0.661597 -0.008653
v -0.126198 0.665572 0.065604
v -0.075365 0.665775 0.072889
v -0.142415 0.664182 0.049798
v -0.143539 0.639663 0.026464
v -0.049503 0.662851 0.054154
v -0.022260 0.651042 -0.012704
v -0.147858 0.642736 0.006852
v -0.108647 0.638915 0.065334
v -0.124267 0.644816 -0.047229
v -0.109515 0.646633 -0.056946
v -0.146197 0.619734 -0.025295
v -0.137663 0.643243 -0.035274
v -0.147551 0.613681 -0.010349
v -0.125880 0.637606 0.053967
v -0.084094 0.638251 0.067419
v -0.137124 0.636678 0.039273
v -0.064189 0.612001 0.046772
v -0.041757 0.631112 0.028834
v -0.024757 0.625643 -0.013100
v -0.028038 0.630924 -0.029932
v -0.041222 0.622832 -0.045218
v -0.089751 0.612486 -0.063745
v -0.074224 0.602528 -0.061476
v -0.110594 0.589012 0.054655
v -0.128941 0.621850 -0.046435
v -0.111500 0.621636 -0.058207
v -0.137960 0.618960 -0.036734
v -0.148957 0.614836 -0.014044
v -0.122327 0.596724 0.047824
v -0.089895 0.614154 0.062990
v -0.132495 0.609248 0.034086
v -0.137218 0.609560 0.019810
v -0.048388 0.605441 0.022231
v -0.029390 0.603399 -0.015713
v -0.032291 0.609185 -0.032085
v -0.146488 0.591233 -0.025360
v -0.139893 0.595603 -0.039495
v -0.141393 0.594605 0.002784
v -0.147292 0.591003 -0.015555
v -0.094096 0.589101 0.057703
v -0.130244 0.583183 0.028840
v -0.136782 0.559239 0.012002
v -0.069914 0.586382 0.045832
v -0.052835 0.578442 0.021547
v -0.053394 0.594166 -0.049266
v -0.094227 0.583701 -0.069239
v -0.076628 0.577285 -0.063381
v -0.110544 0.564076 0.045477
v -0.130736 0.579943 -0.057402
v -0.113689 0.582908 -0.067039
v -0.146726 0.568659 -0.030035
v -0.141117 0.573567 -0.045757
v -0.145318 0.560613 -0.007206
v -0.147079 0.564910 -0.017471
v -0.122747 0.542954 0.030016
v -0.094287 0.564408 0.046108
v -0.128841 0.558164 0.026423
v -0.073010 0.561634 0.033051
v -0.041182 0.559439 -0.021922
v -0.047113 0.561525 -0.039838
v -0.059863 0.572086 -0.053411
v -0.096212 0.562379 -0.078202
v -0.077700 0.549458 -0.071415
v -0.109822 0.537733 0.035567
v -0.131836 0.564310 -0.066562
v -0.115546 0.567031 -0.074399
v -0.149568 0.553166 -0.036362
v -0.143168 0.558400 -0.054259
v -0.094551 0.535787 0.032968
v -0.131325 0.538366 0.025284
v -0.136752 0.535837 0.017410
v -0.074561 0.534299 0.020860
v -0.060647 0.533791 0.003441
v -0.048180 0.536426 -0.032204
v -0.149907 0.535873 -0.012396
v -0.108437 0.516045 0.032785
v -0.129920 0.539245 -0.077007
v -0.114570 0.539063 -0.082904
v -0.152266 0.533576 -0.044977
v -0.143911 0.536184 -0.063310
v -0.153570 0.532716 -0.028497
v -0.120473 0.519563 0.031223
v -0.093520 0.512577 0.026920
v -0.130926 0.507985 0.024026
v -0.077125 0.508795 0.011875
v -0.065709 0.510966 -0.001137
v -0.051465 0.509663 -0.034305
v -0.054511 0.512228 -0.050223
v -0.147345 0.516851 0.000152
v -0.065858 0.501678 -0.066142
v -0.095797 0.477082 -0.094046
v -0.078349 0.497514 -0.080590
v -0.104719 0.490644 0.029725
v -0.131691 0.489509 -0.089490
v -0.116296 0.487851 -0.094311
v -0.155153 0.514327 -0.052878
v -0.145294 0.490377 -0.078866
v -0.161459 0.487251 -0.016694
v -0.118330 0.496601 0.030114
v -0.090258 0.486354 0.021986
v -0.142984 0.506147 0.012882
v -0.066478 0.485853 -0.002213
v -0.051664 0.482639 -0.037521
v -0.054089 0.479090 -0.053774
v -0.077529 0.469173 -0.085045
v -0.099881 0.453788 0.025810
v -0.158318 0.492292 -0.060516
v -0.164490 0.489010 -0.037174
v -0.115088 0.466386 0.028463
v -0.085892 0.439410 0.017395
v -0.129422 0.473535 0.025009
v -0.144242 0.480550 0.015287
v -0.073784 0.452745 0.006181
v -0.154171 0.485640 0.002239
v -0.062757 0.460891 -0.068851
v -0.094119 0.436770 -0.096573
v -0.075782 0.429571 -0.087160
v -0.132928 0.451041 -0.093488
v -0.115460 0.444081 -0.098260
v -0.160919 0.455443 -0.067635
v -0.148590 0.454224 -0.082521
v -0.165890 0.447895 -0.018505
v -0.169779 0.452142 -0.040772
v -0.109208 0.427820 0.027626
v -0.124800 0.434613 0.026739
v -0.140908 0.441224 0.019707
v -0.055990 0.418074 -0.005442
v -0.046111 0.417403 -0.036896
v -0.048861 0.414874 -0.054635
v -0.156523 0.446951 0.002889
v -0.095728 0.385859 -0.093173
v -0.073954 0.379826 -0.082265
v -0.092755 0.376375 0.020269
v -0.134009 0.392041 -0.090994
v -0.117386 0.388986 -0.095033
v -0.162393 0.393781 -0.063790
v -0.149280 0.391771 -0.080175
v -0.164738 0.389937 -0.013652
v -0.169317 0.391114 -0.038039
v -0.075599 0.368058 0.010514
v -0.120319 0.383816 0.026231
v -0.137202 0.389132 0.021991
v -0.057089 0.371855 -0.003788
v -0.047995 0.371965 -0.033857
v -0.050908 0.372301 -0.053783
v -0.152378 0.389780 0.006775
v -0.095186 0.325457 -0.078934
v -0.079351 0.324894 -0.071008
v -0.091304 0.319921 0.016319
v -0.129470 0.327894 -0.079119
v -0.112971 0.325904 -0.081878
v -0.154432 0.322723 -0.054550
v -0.143789 0.325215 -0.069956
v -0.152246 0.320560 -0.005202
v -0.158896 0.319633 -0.027987
v -0.104652 0.260636 0.019564
v -0.080477 0.319004 0.010165
v -0.129210 0.323085 0.021473
v -0.074382 0.294864 0.001112
v -0.064747 0.317683 -0.003401
v -0.055844 0.325046 -0.030966
v -0.136828 0.297844 0.012610
v -0.070043 0.322037 -0.061021
v -0.095327 0.251298 -0.063814
v -0.083377 0.252756 -0.057923
v -0.086319 0.263649 0.011985
v -0.122650 0.257702 -0.062226
v -0.109942 0.255139 -0.064680
v -0.142418 0.253527 -0.037679
v -0.137956 0.255872 -0.048935
v -0.133686 0.205449 0.001894
v -0.135730 0.207282 -0.012739
v -0.111834 0.260694 0.020845
v -0.117528 0.211308 0.017676
v -0.074118 0.258862 -0.004309
v -0.068276 0.260514 -0.027859
v -0.074808 0.246991 -0.038606
v -0.103656 0.051735 0.027115
v -0.093060 0.054477 0.029119
v -0.086890 0.062256 0.043263
v -0.082895 0.070259 0.062677
v -0.130740 0.168229 -0.007752
v -0.130396 0.165399 -0.021710
v -0.130149 0.144436 -0.019973
v -0.130502 0.142289 -0.001579
v -0.094045 0.200419 -0.058875
v -0.087386 0.169887 -0.050403
v -0.096762 0.213366 0.018382
v -0.120340 0.198671 -0.049097
v -0.107037 0.199179 -0.058164
v -0.134357 0.202974 -0.030115
v -0.130258 0.201083 -0.038751
v -0.125595 0.207823 0.012293
v -0.105804 0.210779 0.020564
v -0.088260 0.217457 0.013760
v -0.081930 0.210682 0.001831
v -0.077613 0.204874 -0.019995
v -0.077802 0.204069 -0.032080
v -0.080723 0.203029 -0.041220
v -0.096585 0.159396 -0.057977
v -0.099705 0.177790 0.023787
v -0.120800 0.162176 -0.040998
v -0.110902 0.142624 -0.045166
v -0.133980 0.111695 -0.017112
v -0.128960 0.165099 -0.031192
v -0.129904 0.169368 0.004226
v -0.091754 0.177308 0.020242
v -0.111500 0.176233 0.021711
v -0.083353 0.180632 0.005804
v -0.079401 0.176415 -0.011718
v -0.079472 0.158907 -0.022874
v -0.080901 0.153706 -0.035419
v -0.098316 0.154769 0.030174
v -0.123944 0.145227 0.016131
v -0.129092 0.144563 0.005540
v -0.105778 0.151989 0.029759
v -0.093064 0.156455 0.027834
v -0.116348 0.148907 0.023310
v -0.077508 0.101029 0.160565
v -0.065129 0.103874 0.163059
v -0.059050 0.090303 0.160845
v -0.066410 0.100133 0.179666
v -0.065055 0.096548 0.193004
v -0.081495 0.095209 0.191825
v -0.078707 0.098143 0.178276
v -0.057313 0.089519 0.181208
v -0.082895 0.087870 0.184878
v -0.079055 0.100639 0.169985
v -0.065384 0.102933 0.170650
v -0.082768 0.084943 0.168934
v -0.055375 0.088562 0.172108
v -0.063360 0.080618 0.162976
v -0.073723 0.089477 0.196047
v -0.067955 0.095074 0.196701
v -0.064148 0.081121 0.186589
v -0.063692 0.077648 0.174043
v -0.064189 0.077536 0.170664
v -0.067524 0.083833 0.191041
v -0.071632 0.077706 0.168215
v -0.077450 0.083028 0.190074
v -0.078754 0.094616 0.195659
v -0.077077 0.079801 0.185351
v -0.079840 0.092558 0.194514
v -0.067565 0.098188 0.192820
v -0.079878 0.096776 0.192188
v -0.069447 0.099086 0.179876
v -0.060080 0.098012 0.161958
v -0.079776 0.096865 0.160185
v -0.065563 0.098847 0.186052
v -0.080714 0.097223 0.183109
v -0.060240 0.097603 0.175518
v -0.083005 0.095922 0.172178
v -0.058621 0.097151 0.170174
v -0.057787 0.084359 0.172752
v -0.081092 0.084414 0.187116
v -0.066874 0.091890 0.194930
v -0.063348 0.086223 0.189912
v -0.080153 0.082023 0.170835
v -0.088813 0.094979 0.193137
v -0.098745 0.092259 0.194192
v -0.098660 0.095299 0.188270
v -0.085542 0.091462 0.181615
v -0.100070 0.087540 0.177902
v -0.097521 0.096956 0.184670
v -0.089363 0.098616 0.182342
v -0.085922 0.092276 0.188145
v -0.100825 0.089662 0.186937
v -0.090804 0.090956 0.196859
v -0.091052 0.093424 0.196514
v -0.088966 0.080418 0.182899
v -0.088753 0.085624 0.193916
v -0.094847 0.084572 0.194512
v -0.096042 0.092575 0.196788
v -0.095269 0.080461 0.182394
v -0.097579 0.094103 0.194944
v -0.097588 0.099216 0.179888
v -0.088761 0.095329 0.189304
v -0.087587 0.097458 0.183970
v -0.100300 0.093657 0.182377
v -0.089295 0.094166 0.195545
v -0.085360 0.083932 0.182149
v -0.099621 0.086900 0.190508
v -0.086298 0.088254 0.190332
v -0.098786 0.082827 0.180803
v -0.086251 0.084811 0.172019
v -0.016343 1.639774 0.155475
v -0.017911 1.655473 0.144982
v -0.026000 1.653956 0.141734
v -0.034532 1.641769 0.141829
v -0.018838 1.637811 0.145634
v -0.026041 1.629862 0.144704
v -0.012910 1.669117 0.142235
v -0.012838 1.662283 0.145436
v -0.065879 1.644471 0.090487
v -0.066644 1.635739 0.070893
v -0.042645 1.669802 0.121497
v -0.014811 1.621102 0.154301
v -0.007263 1.625789 0.155794
v -0.037515 1.620388 0.138491
v -0.033326 1.625409 0.142128
v -0.035359 1.605508 0.139006
v -0.038627 1.636804 0.140837
v -0.047134 1.625603 0.131675
v -0.054257 1.632631 0.123553
v -0.057576 1.630742 0.113624
v -0.007571 1.572217 0.148683
v -0.022179 1.584720 0.142176
v -0.031853 1.588589 0.135732
v -0.029196 1.575702 0.131738
v -0.016023 1.567871 0.139420
v -0.007664 1.565806 0.142829
v -0.037944 1.597714 0.133197
v 0.000112 1.563214 0.141056
v -0.042479 1.615050 0.132692
v -0.056870 1.653562 0.125754
v -0.059530 1.642343 0.118653
v -0.062830 1.649262 0.111200
v -0.060022 1.667707 0.117243
v -0.063637 1.671069 0.108677
v -0.018136 1.663001 0.141329
v -0.014943 1.573081 0.144609
v 0.000000 1.570750 0.149270
v -0.038048 1.587267 0.127117
v -0.057547 1.601777 0.092717
v 0.000312 1.644203 -0.035464
v -0.007746 1.643091 -0.033874
v -0.016870 1.639181 -0.028080
v -0.032097 1.630953 -0.012713
v -0.042332 1.635123 -0.006563
v -0.057762 1.638701 0.011168
v -0.062543 1.638575 0.023738
v -0.064275 1.638732 0.036770
v -0.042112 1.625407 -0.002476
v -0.015257 1.627837 -0.021151
v -0.002729 1.630376 -0.026112
v -0.046268 1.609849 0.125668
v -0.035436 1.576856 0.121733
v -0.042810 1.586807 0.117770
v -0.045989 1.635451 0.135869
v -0.057837 1.647257 0.124441
v 0.000299 1.619390 0.158213
v -0.005678 1.620063 0.158299
v -0.012911 1.639009 0.061574
v -0.061870 1.747809 0.008825
v 0.000000 1.776622 -0.008548
v -0.030231 1.771594 -0.007913
v -0.053736 1.723063 -0.019530
v 0.000000 1.739235 -0.043635
v -0.029270 1.700513 -0.042767
v -0.011905 1.701321 -0.048237
v -0.071493 1.692027 0.059644
v -0.068942 1.666816 0.075078
v -0.063045 1.629311 0.051563
v -0.063516 1.632114 0.045052
v -0.071639 1.648590 0.062778
v -0.080456 1.684631 0.048349
v -0.074315 1.634509 0.057943
v -0.080494 1.683783 0.039739
v -0.081448 1.674957 0.032193
v -0.080636 1.663983 0.029230
v -0.077196 1.632039 0.054694
v -0.072740 1.642098 0.058924
v -0.072400 1.663504 0.059143
v -0.074588 1.675604 0.057685
v -0.073410 1.675157 0.058984
v -0.072082 1.668439 0.061739
v -0.075606 1.629168 0.050740
v -0.075486 1.631730 0.047255
v -0.077864 1.651587 0.032743
v -0.077440 1.641706 0.039057
v -0.082457 1.682413 0.047765
v -0.078948 1.676013 0.054971
v -0.083378 1.682323 0.042199
v -0.085256 1.676685 0.036093
v -0.082101 1.654003 0.031625
v -0.084309 1.664110 0.030659
v -0.076125 1.670575 0.058031
v -0.079174 1.636324 0.044831
v -0.080677 1.644660 0.037241
v -0.074076 1.650925 0.057725
v -0.081184 1.678053 0.047864
v -0.078419 1.673968 0.053749
v -0.081749 1.678647 0.043239
v -0.082746 1.675564 0.038673
v -0.082335 1.650899 0.035279
v -0.083161 1.665372 0.033332
v -0.072670 1.660062 0.057442
v -0.078893 1.638932 0.046725
v -0.080588 1.641267 0.043173
v -0.073966 1.652776 0.054393
v -0.078043 1.677064 0.046022
v -0.074086 1.641379 0.054744
v -0.074684 1.673061 0.051400
v -0.078599 1.677557 0.042787
v -0.080154 1.671637 0.039816
v -0.075660 1.639653 0.052979
v -0.071819 1.645711 0.056327
v -0.076064 1.667322 0.054907
v -0.077230 1.641628 0.050054
v -0.082107 1.653820 0.036021
v -0.080904 1.650492 0.039474
v -0.078145 1.646546 0.044087
v -0.071982 1.656951 0.055807
v -0.068699 1.645260 0.053907
v -0.074194 1.664562 0.050725
v -0.079883 1.665352 0.043879
v -0.080413 1.659153 0.039941
v -0.067038 1.650184 0.053020
v -0.075887 1.665613 0.055966
v -0.074372 1.647396 0.045695
v -0.078741 1.655444 0.039465
v -0.079625 1.650682 0.042170
v -0.073798 1.656950 0.040349
v -0.074773 1.652440 0.040488
v -0.074063 1.661020 0.053070
v -0.071200 1.657359 0.054314
v -0.070898 1.648780 0.043888
v -0.068375 1.648455 0.046690
v -0.073120 1.662905 0.049844
v -0.078138 1.664443 0.045836
v -0.045758 1.645435 -0.012308
v -0.000558 1.768144 0.117354
v -0.018718 1.764707 0.115449
v -0.081999 1.652668 0.040045
v -0.067184 1.648991 0.051220
v -0.073386 1.671014 0.050523
v -0.070986 1.654458 0.054351
v -0.073718 1.668982 0.052657
v -0.068520 1.647287 0.054973
v -0.080492 1.669285 0.041688
v -0.082835 1.663308 0.038254
v -0.077364 1.647509 0.047174
v -0.077249 1.673464 0.046321
v -0.083104 1.654762 0.038043
v -0.067709 1.653670 0.050194
v -0.070301 1.659941 0.048194
v -0.068782 1.650564 0.044358
v -0.076584 1.663279 0.046199
v -0.071409 1.660129 0.042362
v -0.079925 1.647545 0.039400
v -0.072143 1.655812 0.041883
v -0.080310 1.671748 0.037345
v -0.082367 1.657314 0.034634
v -0.070298 1.660659 0.046501
v -0.070422 1.656421 0.046014
v -0.069714 1.658844 0.045377
v -0.068226 1.652689 0.046956
v -0.071094 1.657091 0.050726
v -0.077853 1.644083 0.051685
v -0.072496 1.643715 0.054872
v -0.078167 1.668319 0.033995
v -0.076749 1.681549 0.042138
v -0.075538 1.680902 0.046868
v -0.076571 1.657868 0.033782
v -0.078188 1.678691 0.038378
v -0.072537 1.632960 0.059957
v -0.073978 1.630347 0.056355
v -0.073751 1.640353 0.043212
v -0.071113 1.672007 0.064150
v -0.074987 1.650319 0.036898
v -0.073474 1.666441 0.033787
v -0.072426 1.678537 0.040150
v -0.070701 1.654790 0.033976
v -0.069217 1.632860 0.061515
v -0.067679 1.633955 0.048839
v -0.070364 1.670271 0.068784
v -0.071437 1.679831 0.061778
v -0.072024 1.682145 0.050720
v -0.070381 1.630309 0.058035
v -0.069190 1.642361 0.040368
v -0.068719 1.630411 0.053063
v -0.075736 0.103454 0.151462
v -0.061741 0.103735 0.149362
v -0.053659 0.089983 0.142534
v -0.078468 0.085884 0.155052
v -0.060610 0.078368 0.146948
v -0.070293 0.076987 0.151166
v -0.055245 0.098994 0.142580
v -0.078762 0.098801 0.153395
v -0.056082 0.082306 0.143292
v -0.074095 0.081574 0.155063
v -0.059828 0.107028 0.137217
v -0.075678 0.077556 0.150136
v -0.078437 0.106059 0.136354
v -0.052028 0.091529 0.133496
v -0.078940 0.086705 0.151645
v -0.057081 0.076754 0.135714
v -0.076994 0.073122 0.145420
v -0.054700 0.100833 0.134381
v -0.081337 0.100096 0.144765
v -0.053781 0.082372 0.134360
v -0.098616 0.100201 0.169462
v -0.090049 0.101376 0.172337
v -0.084881 0.091450 0.165870
v -0.100537 0.087727 0.165984
v -0.089316 0.081491 0.163746
v -0.093098 0.081037 0.163669
v -0.087143 0.097963 0.169703
v -0.100378 0.093380 0.170749
v -0.086285 0.084268 0.163256
v -0.097083 0.083406 0.163457
v -0.098643 0.100859 0.163710
v -0.089371 0.103213 0.163657
v -0.087626 0.099386 0.159975
v -0.100159 0.095776 0.163947
v -0.090415 0.101514 0.158543
v -0.084927 0.092738 0.160464
v -0.099001 0.087818 0.160710
v -0.096052 0.099197 0.149393
v -0.090072 0.100930 0.149584
v -0.085926 0.077805 0.154780
v -0.091776 0.075941 0.151628
v -0.087270 0.100288 0.150652
v -0.097761 0.094587 0.151635
v -0.082933 0.079054 0.155183
v -0.095294 0.078855 0.153001
v -0.096866 0.099611 0.172550
v -0.093168 0.051264 -0.057316
v -0.098203 0.086624 0.151927
v -0.094626 0.062196 -0.061046
v -0.098064 0.100798 0.138187
v -0.087216 0.103058 0.138815
v -0.080993 0.089615 0.152256
v -0.094825 0.077114 -0.064267
v -0.082606 0.073519 0.146299
v -0.093850 0.076797 0.144995
v -0.083909 0.099510 0.145566
v -0.099358 0.097105 0.144735
v -0.080141 0.077238 0.149266
v -0.097040 0.080585 0.149732
v -0.107163 0.094010 0.178766
v -0.104544 0.092790 0.184988
v -0.113565 0.093127 0.185071
v -0.112682 0.094879 0.177397
v -0.114080 0.092544 0.180578
v -0.101012 0.085051 0.176540
v -0.115324 0.083171 0.176473
v -0.106405 0.095778 0.175288
v -0.101701 0.086696 0.182218
v -0.115144 0.085498 0.181436
v -0.105319 0.088428 0.186455
v -0.107953 0.091383 0.188074
v -0.104335 0.078158 0.175974
v -0.106837 0.083719 0.185963
v -0.111397 0.083448 0.184556
v -0.111351 0.092909 0.187426
v -0.110929 0.078133 0.177706
v -0.111903 0.088745 0.186872
v -0.106350 0.093738 0.185998
v -0.107143 0.096677 0.169690
v -0.113339 0.095841 0.168481
v -0.110827 0.077133 0.171731
v -0.105301 0.093602 0.179989
v -0.102433 0.090226 0.174051
v -0.116220 0.089101 0.175821
v -0.102704 0.092328 0.177436
v -0.101632 0.081807 0.176106
v -0.115305 0.095656 0.163767
v -0.105504 0.098347 0.163230
v -0.102129 0.086259 0.162555
v -0.115632 0.085453 0.163192
v -0.105515 0.079472 0.160478
v -0.109872 0.078687 0.161701
v -0.102878 0.092112 0.165435
v -0.116016 0.091130 0.165806
v -0.102656 0.082506 0.161640
v -0.113811 0.080470 0.163715
v -0.103252 0.093012 0.158658
v -0.116108 0.091780 0.160211
v -0.107116 0.097614 0.155941
v -0.114702 0.083729 0.150800
v -0.109929 0.078396 0.157995
v -0.111854 0.094812 0.144448
v -0.106086 0.096650 0.146545
v -0.101708 0.085137 0.155418
v -0.104533 0.075893 0.152985
v -0.103272 0.093229 0.150241
v -0.113813 0.091061 0.146926
v -0.101931 0.080024 0.155354
v -0.112684 0.077733 0.150281
v -0.109020 0.074403 0.149176
v -0.114001 0.094001 0.139226
v -0.105055 0.098813 0.137103
v -0.100511 0.087441 0.151309
v -0.115359 0.083663 0.145292
v -0.102543 0.073086 0.145935
v -0.109667 0.071458 0.141081
v -0.102291 0.095869 0.144193
v -0.101155 0.080050 0.149599
v -0.114691 0.077491 0.143624
v -0.119095 0.089091 0.167206
v -0.118680 0.087326 0.171905
v -0.126994 0.088774 0.166747
v -0.119375 0.088882 0.171423
v -0.115827 0.083826 0.166518
v -0.127104 0.090498 0.160282
v -0.119492 0.090394 0.163705
v -0.120080 0.086841 0.173389
v -0.118592 0.074416 0.164066
v -0.119779 0.079221 0.172402
v -0.126079 0.078852 0.172128
v -0.126409 0.085706 0.173156
v -0.125960 0.074668 0.164401
v -0.124249 0.089302 0.167433
v -0.123584 0.088647 0.172029
v -0.128830 0.081063 0.156733
v -0.119811 0.074726 0.155371
v -0.125914 0.074841 0.155843
v -0.116818 0.087840 0.164989
v -0.129587 0.086544 0.162727
v -0.116817 0.077659 0.163088
v -0.129746 0.082906 0.168765
v -0.117481 0.081405 0.170650
v -0.127313 0.088136 0.170454
v -0.128544 0.077642 0.161761
v -0.119422 0.094116 0.149717
v -0.116322 0.082711 0.151645
v -0.130419 0.082377 0.147490
v -0.120409 0.074513 0.150743
v -0.125606 0.074901 0.150239
v -0.118177 0.089272 0.154240
v -0.128612 0.087808 0.156431
v -0.117242 0.077689 0.150828
v -0.129317 0.079041 0.148437
v -0.118156 0.090203 0.148606
v -0.128551 0.092056 0.150193
v -0.127894 0.091223 0.146802
v -0.120665 0.093132 0.146101
v -0.127365 0.089556 0.135573
v -0.121099 0.093144 0.137916
v -0.116707 0.081843 0.146382
v -0.129751 0.080774 0.137119
v -0.118919 0.072641 0.144947
v -0.124985 0.072139 0.142861
v -0.118028 0.090327 0.140847
v -0.129113 0.085417 0.137748
v -0.117117 0.074721 0.145382
v -0.120358 0.092222 0.155787
v -0.117064 0.082200 0.156035
v -0.126124 0.093387 0.129847
v -0.119819 0.093696 0.131100
v -0.115610 0.070189 0.139181
v -0.126813 0.071010 0.136540
v -0.117767 0.092123 0.138246
v -0.129584 0.088703 0.131769
v -0.132715 0.085632 0.136678
v -0.143526 0.082986 0.131718
v -0.133360 0.072615 0.138273
v -0.141312 0.071223 0.131805
v -0.135786 0.089557 0.137806
v -0.141484 0.087529 0.132815
v -0.131841 0.079724 0.140691
v -0.144055 0.077262 0.133432
v -0.131115 0.071117 0.135505
v -0.132977 0.089557 0.128752
v -0.130417 0.079506 0.137226
v -0.145346 0.075286 0.126426
v -0.146452 0.080915 0.121755
v -0.139758 0.068555 0.125518
v -0.134360 0.090404 0.125844
v -0.143654 0.086954 0.120957
v -0.110001 0.098217 0.166029
v -0.074416 0.094137 0.196681
v -0.072669 0.082577 0.191735
v -0.071018 0.078744 0.164276
v -0.072205 0.104027 0.168429
v -0.072924 0.100780 0.177038
v -0.070506 0.111595 0.131120
v -0.070359 0.106572 0.149897
v -0.071501 0.105309 0.159053
v -0.075941 0.114184 0.102930
v -0.069558 0.111263 0.099258
v -0.102692 0.109342 0.103461
v -0.120264 0.097480 0.096393
v -0.114403 0.101847 0.102802
v -0.142397 0.082610 0.093662
v -0.131495 0.093115 0.071752
v -0.131539 0.091710 0.091600
v -0.147231 0.074179 0.100638
v -0.147144 0.068100 0.097112
v -0.122895 0.093702 0.106832
v -0.084404 0.113202 0.106579
v -0.075420 0.116605 0.089496
v -0.099185 0.115648 0.089913
v -0.124016 0.101119 0.076545
v -0.112063 0.110500 0.083968
v -0.134822 0.087160 0.051529
v -0.128897 0.096994 0.068641
v -0.083688 0.119176 0.088671
v -0.092264 0.043605 -0.048095
v -0.080421 0.123016 0.065486
v -0.075586 0.119660 0.051064
v -0.099464 0.124514 0.070058
v -0.093563 0.125765 0.067672
v -0.096670 0.040863 -0.040335
v -0.114950 0.119919 0.058271
v -0.123600 0.110273 0.049161
v -0.132341 0.079407 0.020681
v -0.110405 0.121455 0.063255
v -0.087132 0.125192 0.066621
v -0.097997 0.130675 0.050556
v -0.092104 0.132584 0.048001
v -0.119261 0.124431 0.037357
v -0.111012 0.127245 0.044993
v -0.130675 0.094543 -0.010931
v -0.131036 0.108952 -0.028819
v -0.129586 0.114866 0.018804
v -0.133966 0.083829 0.028615
v -0.085192 0.131703 0.041928
v -0.078049 0.123311 0.045260
v -0.058223 0.099668 0.098781
v -0.053324 0.075867 0.110725
v -0.054450 0.088840 0.108128
v -0.065293 0.106850 0.082197
v -0.061031 0.080550 0.092457
v -0.057504 0.089004 0.091914
v -0.064477 0.101489 0.069685
v -0.068175 0.084997 0.068260
v -0.064408 0.093960 0.070037
v -0.065976 0.098775 0.048248
v -0.066852 0.091811 0.050124
v -0.143414 0.060971 0.100289
v -0.122199 0.058647 0.103384
v -0.128090 0.057624 0.102445
v -0.125754 0.055966 0.080509
v -0.136944 0.060057 0.076895
v -0.137406 0.058735 0.100857
v -0.132372 0.067896 0.028200
v -0.128225 0.055600 0.046949
v -0.136077 0.065732 0.048598
v -0.133699 0.060435 0.043048
v -0.123011 0.052336 0.017900
v -0.127887 0.057899 0.017392
v -0.069349 0.066229 0.115427
v -0.080303 0.065186 0.116747
v -0.088380 0.065641 0.115761
v -0.096141 0.065522 0.113451
v -0.110985 0.061595 0.105170
v -0.117382 0.059974 0.104317
v -0.059537 0.070170 0.113336
v -0.133173 0.127282 -0.019381
v -0.100205 0.062306 0.061763
v -0.110505 0.056274 0.055639
v -0.072785 0.076734 0.066531
v -0.077826 0.072304 0.090702
v -0.086664 0.069033 0.090874
v -0.097348 0.066614 0.088238
v -0.116408 0.058140 0.082745
v -0.066604 0.075484 0.090759
v -0.114684 0.044931 -0.023701
v -0.117139 0.049477 -0.027856
v -0.119356 0.062803 -0.030005
v -0.066034 0.057476 -0.037787
v -0.067132 0.048095 -0.032844
v -0.071205 0.044417 -0.026168
v -0.063991 0.056054 -0.012372
v -0.067589 0.052574 -0.006689
v -0.066640 0.079488 0.009832
v -0.067665 0.065854 0.013038
v -0.076812 0.050440 -0.053933
v -0.100774 0.043685 -0.044951
v -0.102407 0.050359 -0.051809
v -0.080110 0.040954 -0.035815
v -0.078284 0.044059 -0.045215
v -0.110749 0.046768 -0.037409
v -0.112884 0.052766 -0.039953
v -0.108037 0.043514 -0.033578
v -0.069702 0.110659 0.046696
v -0.067143 0.104398 0.045470
v -0.107380 0.074707 -0.056267
v -0.110956 0.112464 -0.046557
v -0.107621 0.098216 -0.054937
v -0.104660 0.060723 -0.054977
v -0.119121 0.096555 -0.036197
v -0.079288 0.158348 -0.004767
v -0.115347 0.066270 -0.040985
v -0.123885 0.087609 -0.026333
v -0.002763 0.899313 0.029673
v -0.070398 0.120419 0.008801
v -0.066032 0.083370 -0.007500
v -0.067238 0.106621 0.010947
v -0.071854 0.126211 -0.012028
v -0.068219 0.096843 -0.010541
v -0.075019 0.127773 -0.030395
v -0.075213 0.113100 -0.031640
v -0.067410 0.068417 -0.040024
v -0.072558 0.097144 -0.030623
v -0.095438 0.106765 -0.062203
v -0.082006 0.095128 -0.053934
v -0.076958 0.076406 -0.056457
v -0.075203 0.063857 -0.057086
v -0.086527 0.120613 -0.049393
v -0.087004 0.158704 0.018991
v -0.129268 0.142081 -0.029330
v -0.090487 0.136688 -0.048261
v -0.097815 0.143197 -0.057384
v -0.122367 0.137582 -0.036391
v -0.117980 0.132415 0.026746
v -0.096724 0.141193 0.038093
v -0.131536 0.101873 0.001906
v -0.076281 0.142833 -0.014072
v -0.099129 0.131563 -0.058507
v -0.130520 0.124066 -0.029600
v -0.109464 0.127065 -0.048746
v -0.131483 0.087359 0.002840
v -0.087735 0.145033 0.027501
v -0.092465 0.144497 0.034152
v -0.077288 0.142877 0.003636
v -0.106107 0.137736 0.036054
v -0.079481 0.139666 -0.032142
v -0.124433 0.128958 0.020311
v -0.135565 0.090623 0.023261
v -0.004737 0.894782 0.027261
v -0.004536 0.833828 0.019023
v -0.004071 0.786616 0.020810
v -0.007283 0.742062 0.018468
v -0.017957 0.682175 0.011056
v -0.024182 0.652650 0.007976
v -0.030152 0.626558 0.006810
v -0.036091 0.602279 0.005054
v -0.041467 0.579482 0.002383
v -0.045918 0.557842 -0.002817
v -0.052132 0.534280 -0.013987
v -0.055743 0.511022 -0.018251
v -0.055608 0.487278 -0.018755
v -0.048652 0.418022 -0.019104
v -0.049732 0.373235 -0.018951
v -0.056782 0.324462 -0.017698
v -0.069779 0.259273 -0.015081
v -0.079382 0.208588 -0.007635
v -0.117666 0.046429 -0.007244
v -0.126974 0.060271 0.001774
v -0.068657 0.081841 0.049379
v -0.070034 0.114364 0.025703
v -0.075411 0.127955 0.019250
v 0.000181 0.897099 0.026276
v -0.082344 0.159324 0.007877
v -0.130901 0.094956 0.043463
v -0.129403 0.123907 0.010173
v -0.126277 0.076444 -0.012418
v -0.122969 0.054992 -0.013237
v -0.120184 0.049638 -0.013202
v -0.122286 0.054979 0.050130
v -0.116109 0.054674 0.053696
v -0.072506 0.072070 0.045929
v -0.112724 0.049979 0.021746
v -0.097075 0.040115 -0.031434
v -0.075350 0.043104 -0.014379
v -0.071602 0.062274 0.019599
v -0.081191 0.040135 -0.026701
v -0.110534 0.042511 -0.022085
v -0.088956 0.042189 -0.009883
v -0.080974 0.044092 -0.004573
v -0.074137 0.049627 0.001696
v -0.102377 0.041530 -0.013464
v -0.112548 0.045663 0.001612
v -0.081143 0.055900 0.020746
v -0.093033 0.099191 0.179683
v -0.091269 0.097584 0.185730
v -0.108919 0.088132 0.187953
v -0.122672 0.073878 0.151719
v -0.122512 0.074209 0.156886
v -0.123684 0.092972 0.155322
v -0.124448 0.094300 0.148934
v -0.109050 0.097121 0.144024
v -0.123841 0.093043 0.135979
v -0.120198 0.068603 0.133739
v -0.110160 0.098841 0.158813
v -0.093282 0.100990 0.152329
v -0.094254 0.103524 0.163246
v -0.094000 0.102683 0.169536
v -0.094029 0.096246 0.187938
v -0.132209 0.068385 0.128468
v -0.134916 0.069609 0.133648
v -0.093294 0.101454 0.144151
v -0.093996 0.095397 0.194769
v -0.089405 0.071556 0.139360
v -0.123380 0.090999 0.165774
v -0.138542 0.090564 0.133351
v -0.136708 0.071880 0.137243
v -0.122100 0.073130 0.144734
v -0.121705 0.070577 0.142244
v -0.133890 0.083924 0.154091
v -0.133598 0.083605 0.160211
v -0.140598 0.083640 0.155357
v -0.129785 0.080416 0.153287
v -0.143086 0.080239 0.151641
v -0.140536 0.085283 0.151729
v -0.133776 0.085724 0.152866
v -0.130904 0.079393 0.157867
v -0.133648 0.082073 0.162085
v -0.134785 0.083712 0.160681
v -0.133348 0.072033 0.151217
v -0.134722 0.075483 0.160023
v -0.141637 0.077339 0.157948
v -0.140604 0.082942 0.159820
v -0.141111 0.073494 0.151767
v -0.137425 0.080916 0.163118
v -0.131664 0.083269 0.155110
v -0.134187 0.084249 0.157433
v -0.130525 0.083550 0.152387
v -0.141724 0.083430 0.153277
v -0.143149 0.076082 0.151553
v -0.141376 0.087955 0.146739
v -0.134649 0.088760 0.147789
v -0.133164 0.071902 0.143649
v -0.140701 0.074525 0.142104
v -0.132351 0.086584 0.144342
v -0.142433 0.084448 0.147997
v -0.130678 0.076037 0.150851
v -0.134066 0.089377 0.144408
v -0.144778 0.080518 0.143442
v -0.131865 0.075832 0.143254
v -0.144473 0.077461 0.143460
v -0.142418 0.087867 0.142818
v -0.134313 0.072769 0.141716
v -0.136812 0.070806 0.149811
v -0.137458 0.089169 0.144325
v -0.136836 0.086617 0.152023
v -0.136183 0.086810 0.150248
v -0.136814 0.072083 0.142551
v -0.139291 0.090844 0.121354
v -0.054533 0.088544 0.120467
v -0.059457 0.100660 0.116246
v -0.146494 0.068043 0.107085
v -0.142487 0.082225 0.104887
v -0.068809 0.108824 0.116680
v -0.077096 0.110892 0.117499
v -0.086599 0.107635 0.119001
v -0.102306 0.102985 0.117347
v -0.117120 0.097528 0.111252
v -0.131140 0.060045 0.112975
v -0.052568 0.077766 0.123140
v -0.056011 0.072118 0.125219
v -0.067014 0.068335 0.127279
v -0.077194 0.067277 0.128761
v -0.086348 0.067314 0.128633
v -0.121363 0.062743 0.116851
v -0.115062 0.062861 0.120563
v -0.108312 0.065576 0.120575
v -0.133094 0.089655 0.103402
v -0.082125 0.785924 -0.066366
v -0.109093 0.790238 -0.066475
v -0.133329 0.794371 -0.056162
v -0.152907 0.795953 -0.040015
v -0.160998 0.797682 0.074883
v -0.115271 0.791209 0.104552
v -0.083552 0.786556 0.105883
v -0.017708 1.673707 0.139889
v 0.030317 1.680253 0.144821
v 0.035340 1.681154 0.144001
v 0.038606 1.678940 0.141785
v 0.041780 1.679996 0.140366
v 0.042344 1.677191 0.137830
v 0.043301 1.676111 0.134724
v 0.043904 1.675279 0.133196
v 0.042499 1.676004 0.134412
v 0.041083 1.672650 0.137387
v 0.038016 1.671448 0.140646
v 0.034695 1.671296 0.142483
v 0.030604 1.671379 0.143128
v 0.026001 1.671817 0.142782
v 0.020730 1.669269 0.141550
v 0.023048 1.673071 0.140718
v 0.022022 1.678978 0.143577
v 0.022640 1.681023 0.144351
v 0.018776 1.675197 0.140482
v 0.016730 1.674409 0.140800
v 0.017721 1.673541 0.139854
v 0.016082 1.672643 0.140829
v 0.045463 1.671835 0.132618
v 0.040291 1.666727 0.136176
v 0.034967 1.666020 0.138882
v 0.029362 1.664763 0.139988
v 0.021894 1.666238 0.141129
v 0.012530 1.672806 0.141183
v 0.043418 1.682019 0.139111
v 0.046751 1.676914 0.132949
v 0.049960 1.672357 0.130353
v 0.029150 1.684699 0.145082
v 0.017069 1.682500 0.144673
v 0.014132 1.674914 0.140961
v 0.011658 1.676433 0.141892
v 0.007478 1.678571 0.146583
v 0.005485 1.672609 0.146869
v 0.010046 1.683131 0.147542
v 0.007911 1.660234 0.152747
v 0.004635 1.678022 0.147351
v 0.007932 1.665837 0.148108
v 0.002074 1.664690 0.151757
v 0.002808 1.672227 0.148235
v 0.045100 1.662606 0.133710
v 0.014397 1.669058 0.141838
v 0.049738 1.680699 0.133785
v 0.050495 1.675781 0.130448
v 0.016622 1.644932 0.147754
v 0.046309 1.685592 0.139985
v 0.009719 1.686903 0.150294
v 0.037641 1.689083 0.146128
v 0.028250 1.691259 0.149780
v 0.020976 1.647853 0.144180
v 0.051757 1.683508 0.133196
v 0.034498 1.660064 0.138493
v 0.040725 1.653655 0.137805
v 0.054300 1.674811 0.126872
v 0.007186 1.653040 0.157313
v 0.010732 1.652213 0.153613
v 0.017860 1.641191 0.146402
v 0.034756 1.693616 0.148146
v 0.041461 1.692869 0.144784
v 0.048224 1.693060 0.139733
v 0.013326 1.693244 0.152001
v 0.056732 1.666804 0.123648
v 0.053192 1.659333 0.128807
v 0.047659 1.647255 0.135584
v 0.024746 1.705506 0.150070
v 0.019410 1.749226 0.131303
v 0.035191 1.704748 0.145761
v 0.041706 1.701847 0.142666
v 0.015874 1.704394 0.151913
v 0.038261 1.723214 0.137680
v 0.029209 1.729413 0.140694
v 0.048549 1.723721 0.126896
v 0.056525 1.711829 0.116510
v 0.017195 1.718575 0.148470
v 0.040578 1.734081 0.129792
v 0.030617 1.747978 0.126909
v 0.018950 1.734689 0.141691
v 0.057811 1.681872 0.123936
v 0.055804 1.693037 0.128770
v 0.059347 1.684760 0.121090
v 0.066605 1.664942 0.092585
v 0.066321 1.649803 0.091330
v 0.063984 1.630111 0.086748
v 0.061055 1.709679 0.100836
v 0.062437 1.718626 0.090118
v 0.006790 1.632592 0.163643
v 0.007331 1.637150 0.165882
v 0.011288 1.640552 0.162398
v 0.009435 1.648587 0.158894
v 0.009426 1.632107 0.153722
v 0.011713 1.631360 0.152403
v 0.015485 1.636033 0.157418
v 0.017787 1.632108 0.147108
v 0.004673 1.644754 0.165055
v 0.005328 1.639949 0.166928
v 0.002621 1.633231 0.166624
v 0.001841 1.630418 0.163904
v 0.005904 1.630931 0.158033
v 0.002179 1.628360 0.158667
v 0.016147 1.632775 0.150681
v 0.012881 1.633218 0.155444
v 0.012358 1.635220 0.161387
v 0.018178 1.636921 0.150196
v 0.012400 1.632374 0.153393
v 0.010052 1.632781 0.159723
v 0.007651 1.633259 0.155905
v 0.005950 1.616145 0.161169
v 0.015010 1.629431 0.150262
v 0.006660 1.626791 0.155847
v 0.023846 1.606895 0.148204
v 0.017116 1.595441 0.150918
v 0.020078 1.623021 0.150430
v 0.024492 1.601531 0.146847
v 0.019518 1.611707 0.153251
v 0.028880 1.602702 0.144174
v 0.006887 1.631819 0.159914
v 0.009396 1.634629 0.154876
v 0.008419 1.634055 0.157758
v 0.012624 1.613806 0.158658
v 0.017197 1.609199 0.154417
v 0.014830 1.606088 0.149986
v 0.021507 1.605518 0.147206
v 0.022730 1.604766 0.146171
v 0.022122 1.605051 0.145116
v 0.020231 1.606076 0.146484
v 0.017508 1.605063 0.149912
v 0.022755 1.603210 0.147667
v 0.021508 1.605359 0.145071
v 0.012319 1.610320 0.157585
v 0.014536 1.606720 0.152970
v 0.004540 1.610274 0.160245
v 0.002031 1.606602 0.155505
v 0.013008 1.603148 0.154600
v 0.014014 1.599045 0.154456
v 0.013547 1.593737 0.152297
v 0.011618 1.606323 0.151032
v 0.003014 1.590777 0.152608
v 0.005578 1.605089 0.155152
v 0.006324 1.602023 0.157423
v 0.006173 1.597294 0.157405
v 0.009144 1.606053 0.152036
v 0.005560 1.606342 0.151841
v 0.019557 1.608053 0.145389
v 0.023120 1.607160 0.141655
v 0.023971 1.604923 0.140643
v 0.017206 1.605487 0.143643
v 0.008125 1.605738 0.151866
v 0.017422 1.611178 0.143980
v 0.027025 1.606329 0.137345
v 0.025020 1.600811 0.137549
v 0.013022 1.611450 0.146777
v 0.009705 1.603265 0.149667
v 0.021402 1.611091 0.142624
v 0.025315 1.612687 0.137585
v 0.018772 1.595945 0.140081
v 0.016610 1.619793 0.147156
v 0.005040 1.592921 0.148991
v 0.013046 1.595083 0.145769
v 0.007620 1.611368 0.149996
v 0.024227 1.627148 0.141369
v 0.009497 1.621421 0.150111
v 0.019139 1.628569 0.144947
v 0.033997 1.611055 0.124053
v 0.025969 1.626067 0.138201
v 0.024277 1.592385 0.133580
v 0.006205 1.627725 0.149015
v 0.011991 1.628260 0.147903
v 0.015262 1.590664 0.137499
v 0.025567 1.632987 0.132591
v 0.018262 1.636510 0.135247
v 0.031059 1.619806 0.128012
v 0.027825 1.593580 0.125601
v 0.023209 1.589618 0.126306
v 0.007023 1.639450 0.137577
v 0.006516 1.582453 0.132541
v 0.015994 1.588271 0.129884
v 0.028096 1.639811 0.120512
v 0.018379 1.645291 0.121700
v 0.034670 1.626744 0.115847
v 0.036551 1.614333 0.113847
v 0.030369 1.595729 0.112517
v 0.020702 1.588727 0.114863
v 0.005736 1.649003 0.123801
v 0.009835 1.649286 0.123219
v 0.008331 1.580672 0.114970
v 0.023322 1.650448 0.101482
v 0.038018 1.630099 0.098536
v 0.039360 1.617230 0.096507
v 0.030039 1.645000 0.101096
v 0.032095 1.596521 0.096421
v 0.027399 1.592092 0.095679
v 0.006820 1.654017 0.102758
v 0.012718 1.654720 0.102495
v 0.007905 1.578460 0.096892
v 0.016039 1.581494 0.096639
v 0.022923 1.585587 0.096137
v 0.030207 1.640893 0.077968
v 0.021854 1.646698 0.079632
v 0.038501 1.627702 0.072638
v 0.037862 1.618398 0.075402
v 0.032157 1.599513 0.075497
v 0.026461 1.583928 0.067407
v 0.007151 1.649782 0.080326
v 0.012393 1.649957 0.080638
v 0.018387 1.579340 0.062357
v 0.021927 1.636715 0.060122
v 0.035161 1.624770 0.056893
v 0.032854 1.618411 0.053662
v 0.029130 1.633199 0.058723
v 0.023044 1.605233 0.052494
v 0.008302 1.640412 0.062029
v 0.012859 1.638834 0.061972
v 0.006856 1.585935 0.052093
v 0.017992 1.592128 0.051907
v 0.002420 1.639301 0.062117
v 0.017714 1.622894 0.049804
v 0.012442 1.625829 0.049687
v 0.024236 1.619951 0.048628
v 0.013941 1.606628 0.049192
v 0.004004 1.626108 0.049851
v 0.009127 1.624271 0.049974
v 0.004777 1.606620 0.049053
v 0.009012 1.607512 0.049840
v 0.042811 1.712681 0.137221
v 0.051077 1.710018 0.128844
v 0.061981 1.690184 0.112002
v 0.064384 1.676022 0.104916
v 0.012478 1.584912 0.148016
v 0.007414 1.563028 0.138086
v 0.015009 1.563744 0.133323
v 0.027234 1.596777 0.143928
v 0.006587 1.578719 0.150284
v 0.023427 1.584128 0.141071
v 0.047515 1.586101 0.103644
v 0.063633 1.623424 0.067578
v 0.050767 1.589472 0.070425
v 0.045636 1.581561 0.075501
v 0.030160 1.568544 0.098105
v 0.051576 1.589966 0.055917
v 0.055642 1.596756 0.043214
v 0.055254 1.573950 0.035033
v 0.051351 1.551642 0.047949
v 0.057515 1.561536 0.031083
v 0.061198 1.551043 0.027604
v 0.062487 1.530192 0.039778
v 0.069066 1.542442 0.022547
v 0.072392 1.524433 0.034125
v 0.078675 1.535372 0.018027
v 0.045945 1.579792 0.067278
v 0.049045 1.577358 0.056220
v 0.048643 1.563152 0.053769
v 0.044771 1.546291 0.059837
v 0.056331 1.540662 0.043676
v 0.067264 1.518387 0.041340
v 0.049544 1.527159 0.056670
v 0.061980 1.514170 0.048748
v 0.013709 1.559072 0.105817
v 0.028732 1.565530 0.091755
v 0.012229 1.555388 0.093826
v 0.030642 1.562653 0.080178
v 0.015833 1.543162 0.085316
v 0.022388 1.544457 0.081542
v 0.011430 1.529823 0.084916
v 0.022605 1.494012 0.074040
v 0.034595 1.538828 0.070336
v 0.031487 1.509857 0.071258
v 0.016819 1.519232 0.079656
v 0.018135 1.504778 0.076224
v 0.037388 1.497185 0.068096
v 0.056107 1.593532 0.028043
v 0.055960 1.578925 0.023753
v 0.057482 1.566265 0.019856
v 0.062309 1.556426 0.016098
v 0.069448 1.547465 0.012730
v 0.079166 1.539849 0.008357
v 0.051898 1.598052 0.016456
v 0.052613 1.583402 0.013133
v 0.055026 1.571218 0.009646
v 0.059043 1.560131 0.006828
v 0.065498 1.549598 0.003995
v 0.073815 1.540486 0.000063
v 0.044482 1.601249 0.005048
v 0.045827 1.586648 0.003463
v 0.051697 1.564584 -0.001168
v 0.059417 1.551202 -0.004136
v 0.067742 1.540825 -0.008203
v 0.032536 1.603665 -0.007526
v 0.031205 1.589575 -0.009921
v 0.042893 1.567329 -0.008343
v 0.050974 1.551928 -0.011980
v 0.059476 1.540064 -0.015890
v 0.034266 1.567836 -0.014565
v 0.045800 1.541759 -0.021220
v 0.021276 1.601775 -0.014169
v 0.024419 1.572129 -0.017540
v 0.033283 1.541548 -0.025182
v 0.072817 1.696476 0.038905
v 0.053060 1.757836 0.000534
v 0.043687 1.765754 -0.003997
v 0.068978 1.728741 0.021463
v 0.066960 1.630862 0.066055
v 0.065558 1.631083 0.073487
v 0.066101 1.680233 0.083764
v 0.072435 1.695428 0.050106
v 0.072383 1.678978 0.041017
v 0.073283 1.674824 0.036307
v 0.061454 1.753299 0.031847
v 0.041362 1.775618 0.026033
v 0.051232 1.768072 0.028616
v 0.033361 1.775739 0.080656
v 0.061114 1.626596 0.044220
v 0.058664 1.611624 0.035263
v 0.054395 1.612178 0.020088
v 0.046389 1.613879 0.006084
v 0.039684 1.622600 -0.003814
v 0.030887 1.621398 -0.010627
v 0.054974 1.593834 0.083372
v 0.026268 1.613476 0.147727
v 0.014113 1.657761 0.147612
v 0.021680 1.566363 0.128767
v 0.028592 1.569738 0.122812
v 0.021230 1.557464 0.089566
v 0.020880 1.562794 0.104018
v 0.038696 1.574297 0.081880
v 0.065016 1.630322 0.060055
v 0.069424 1.660006 0.028516
v 0.061795 1.651195 0.006642
v 0.046398 1.651681 -0.016585
v 0.035927 1.653622 -0.027096
v 0.064961 1.663940 0.004060
v 0.050419 1.664850 -0.019449
v 0.039417 1.670434 -0.030368
v 0.028449 1.677208 -0.040045
v 0.068152 1.661969 0.013982
v 0.059721 1.682194 -0.010678
v 0.065909 1.685598 0.001767
v 0.059965 1.699863 -0.010484
v 0.050362 1.698290 -0.026534
v 0.045016 1.699231 -0.031804
v 0.036652 1.730347 -0.035804
v 0.072580 1.694005 0.030153
v 0.069841 1.713137 0.015847
v 0.057687 1.733055 -0.009359
v 0.040669 1.748672 -0.024003
v 0.036577 1.778889 0.057122
v 0.048508 1.770772 0.056570
v 0.045606 1.768437 0.079147
v 0.058835 1.728870 0.100819
v 0.058903 1.758048 0.054684
v 0.066304 1.740985 0.054023
v 0.052955 1.741558 0.107335
v 0.067135 1.739423 0.035749
v 0.068997 1.727923 0.049421
v 0.043089 1.750325 0.114037
v 0.063914 1.740078 0.069879
v 0.056148 1.756137 0.078340
v 0.066340 1.724148 0.071002
v 0.057031 1.609072 0.051298
v 0.052232 1.594227 0.063258
v 0.071420 1.686906 0.017733
v 0.043539 1.761638 0.097743
v 0.030190 1.767972 0.103898
v 0.016532 1.525786 -0.032156
v 0.007040 1.611724 -0.019221
v 0.010666 1.594679 -0.017617
v 0.019182 1.772946 0.103335
v 0.029143 1.755845 -0.028376
v 0.019650 1.784731 0.058245
v 0.024411 1.782898 0.024370
v 0.013914 1.683675 -0.047766
v 0.012971 1.670076 -0.045251
v 0.008484 1.649047 -0.036925
v 0.017525 1.781134 0.083606
v 0.012384 1.581356 -0.018576
v 0.039621 1.569043 0.068960
v 0.038359 1.558172 0.067476
v 0.014975 1.620361 -0.017758
v 0.019081 1.656885 -0.037703
v 0.025817 1.735377 -0.039956
v 0.033602 1.680342 0.138190
v 0.029034 1.679635 0.142374
v 0.037505 1.679231 0.139357
v 0.041837 1.674827 0.135058
v 0.038457 1.672991 0.139038
v 0.033307 1.672455 0.142444
v 0.022286 1.677451 0.141504
v 0.020299 1.674633 0.139719
v 0.027659 1.680099 0.139556
v 0.038001 1.679793 0.135964
v 0.042242 1.677688 0.131553
v 0.042533 1.675359 0.130469
v 0.035253 1.672450 0.136792
v 0.028134 1.672471 0.139104
v 0.021905 1.673380 0.137378
v 0.021731 1.677913 0.138706
v 0.020319 1.674687 0.137742
v 0.031141 1.684852 0.140010
v 0.037868 1.683589 0.137331
v 0.042824 1.680128 0.133032
v 0.044308 1.675581 0.130968
v 0.042428 1.671586 0.132936
v 0.038538 1.668527 0.135337
v 0.029558 1.666672 0.138632
v 0.023309 1.668069 0.137805
v 0.018092 1.671405 0.135236
v 0.024245 1.682910 0.140147
v 0.018936 1.678909 0.137573
v 0.017247 1.675537 0.135203
v 0.033825 1.689259 0.134651
v 0.029662 1.689126 0.135752
v 0.037726 1.687588 0.133524
v 0.042625 1.684468 0.129806
v 0.044879 1.679227 0.129926
v 0.045305 1.675039 0.128948
v 0.043615 1.669655 0.129220
v 0.037385 1.664957 0.132846
v 0.028232 1.663918 0.134918
v 0.019854 1.666447 0.131351
v 0.024641 1.689254 0.134570
v 0.019337 1.683446 0.135897
v 0.015948 1.676420 0.133339
v 0.044300 1.682496 0.127698
v 0.045432 1.678021 0.125417
v 0.045202 1.674627 0.123966
v 0.039468 1.665034 0.126197
v 0.035137 1.662863 0.127430
v 0.029147 1.661904 0.127768
v 0.024355 1.663202 0.127726
v 0.018852 1.666386 0.127069
v 0.017940 1.684958 0.131827
v 0.015237 1.678524 0.130764
v 0.015537 1.672902 0.128878
v 0.033264 1.691658 0.126357
v 0.028992 1.691528 0.128641
v 0.036970 1.690060 0.127818
v 0.042592 1.669690 0.121582
v 0.018712 1.686982 0.126817
v 0.014757 1.677466 0.126642
v 0.040694 1.687216 0.125006
v 0.043203 1.683371 0.122166
v 0.027433 1.662860 0.122180
v 0.034567 1.663778 0.121680
v 0.017119 1.670314 0.122232
v 0.024253 1.690738 0.127077
v 0.015191 1.675809 0.123197
v 0.035786 1.690063 0.121870
v 0.038391 1.666924 0.119518
v 0.020087 1.666791 0.121869
v 0.015434 1.681462 0.125482
v 0.018241 1.684950 0.121211
v 0.039382 1.687179 0.120692
v 0.043595 1.678409 0.119876
v 0.027285 1.665596 0.117376
v 0.042335 1.674862 0.117849
v 0.033417 1.666744 0.116508
v 0.023256 1.689268 0.121190
v 0.029871 1.691020 0.121467
v 0.016657 1.677299 0.119272
v 0.041790 1.681890 0.118056
v 0.037621 1.669957 0.115667
v 0.020161 1.669687 0.117845
v 0.030346 1.672871 0.112111
v 0.033480 1.676527 0.111844
v 0.025982 1.676540 0.111853
v 0.033189 1.682344 0.112628
v 0.029963 1.687363 0.115358
v 0.026431 1.683378 0.113150
v 0.022007 1.672810 0.114507
v 0.039009 1.678264 0.114439
v 0.021592 1.684482 0.116162
v 0.019564 1.677409 0.115552
v 0.032910 1.688113 0.116692
v 0.037924 1.684256 0.115800
v 0.027167 1.669528 0.114001
v 0.035263 1.671826 0.113393
v 0.257232 1.442552 0.047044
v 0.228035 1.448146 0.071629
v 0.196096 1.447468 0.080901
v 0.183898 1.445262 0.083350
v 0.172764 1.437641 0.087465
v 0.162422 1.425229 0.093194
v 0.152892 1.414748 0.098907
v 0.139452 1.384272 0.111447
v 0.127550 1.360926 0.121901
v 0.201635 1.466565 0.067600
v 0.222118 1.466874 0.062241
v 0.249937 1.463588 0.040580
v 0.185478 1.462282 0.073893
v 0.155659 1.445925 0.086179
v 0.143346 1.435786 0.096142
v 0.131285 1.424982 0.103750
v 0.123701 1.408142 0.111779
v 0.117657 1.385496 0.122581
v 0.180124 1.479817 0.059632
v 0.202457 1.485703 0.054081
v 0.226271 1.487602 0.033073
v 0.143278 1.464351 0.073442
v 0.126015 1.453298 0.082703
v 0.114907 1.440512 0.096056
v 0.107524 1.424899 0.108404
v 0.101333 1.392497 0.125655
v 0.098954 1.376422 0.132011
v 0.153925 1.490138 0.052335
v 0.169045 1.497140 0.044772
v 0.190887 1.505179 0.027259
v 0.082009 1.474423 0.072274
v 0.088200 1.456353 0.083725
v 0.081141 1.428549 0.098670
v 0.077827 1.414321 0.109948
v 0.078732 1.387980 0.126313
v 0.078966 1.370030 0.134672
v 0.120768 1.492469 0.047882
v 0.135305 1.500014 0.034706
v 0.144359 1.508037 0.022703
v 0.229672 1.402636 0.079247
v 0.211209 1.399909 0.081055
v 0.184527 1.391529 0.073607
v 0.171139 1.394492 0.070674
v 0.166760 1.388278 0.071473
v 0.167016 1.375420 0.068576
v 0.166527 1.362029 0.066477
v 0.167078 1.344201 0.065769
v 0.164617 1.328878 0.067532
v 0.255091 1.365550 0.060074
v 0.227544 1.375491 0.082077
v 0.210880 1.366977 0.086079
v 0.183785 1.360837 0.071882
v 0.172554 1.352751 0.057459
v 0.162663 1.345371 0.040933
v 0.174322 1.352461 0.031869
v 0.170793 1.328943 0.026026
v 0.172632 1.304680 0.025372
v 0.254542 1.350278 0.061838
v 0.225254 1.353974 0.088938
v 0.182654 1.349704 0.073701
v 0.173906 1.333697 0.063335
v 0.163900 1.330407 0.044984
v 0.259480 1.423291 0.053077
v 0.230277 1.429349 0.077378
v 0.212905 1.428327 0.081630
v 0.186124 1.426310 0.084518
v 0.175900 1.424003 0.087032
v 0.168171 1.413269 0.090285
v 0.163224 1.398233 0.093001
v 0.152147 1.363113 0.104072
v 0.212470 1.385603 0.082144
v 0.185454 1.376283 0.069663
v 0.172378 1.372461 0.056345
v 0.165871 1.374979 0.052765
v 0.173110 1.358854 0.049690
v 0.169156 1.343384 0.047508
v 0.168623 1.314247 0.047590
v 0.244815 1.446030 0.062096
v 0.238058 1.465981 0.052933
v 0.218298 1.487688 0.044006
v 0.182701 1.501724 0.036005
v 0.244086 1.399176 0.071082
v 0.241836 1.363337 0.074961
v 0.246590 1.426271 0.067839
v 0.034626 1.485625 0.070901
v 0.075978 1.509034 0.043040
v 0.083647 1.515291 0.032370
v 0.041559 1.501262 -0.045966
v 0.046279 1.520811 -0.034341
v 0.081171 1.509047 -0.044715
v 0.086683 1.521009 -0.030848
v 0.053750 1.448305 0.092547
v 0.015816 1.377117 0.125247
v 0.043499 1.464790 0.083415
v 0.118046 1.517789 -0.033347
v 0.133297 1.518913 -0.020646
v 0.148832 1.521257 -0.009685
v 0.152578 1.519310 0.001644
v 0.150069 1.515234 0.012246
v 0.116271 1.522161 0.015717
v 0.120132 1.527386 0.006163
v 0.116447 1.528955 -0.003619
v 0.106365 1.528107 -0.013341
v 0.077621 1.531114 -0.015753
v 0.056873 1.527054 -0.028582
v 0.025956 1.514492 -0.037001
v 0.069931 1.530451 -0.021759
v 0.085294 1.533649 -0.005806
v 0.023168 1.440985 0.098795
v 0.093632 1.534044 0.002415
v 0.094565 1.530579 0.012108
v 0.089837 1.524593 0.021723
v 0.053304 1.398655 0.119822
v 0.020129 1.481752 0.075659
v 0.058648 1.497824 0.057303
v 0.076724 1.490808 0.056143
v 0.039384 1.475500 0.074793
v 0.091683 1.497678 0.046101
v 0.098548 1.504508 0.035300
v 0.107844 1.514169 0.024624
v 0.017440 1.467044 0.082472
v 0.031511 1.398595 0.119300
v 0.031480 1.382384 0.126026
v 0.031430 1.365456 0.131223
v 0.057993 1.365168 0.135383
v 0.054195 1.383417 0.127668
v 0.054579 1.429928 0.102171
v 0.046872 1.489394 -0.052904
v 0.022101 1.485321 -0.047589
v 0.069138 1.493894 -0.055641
v 0.092739 1.499472 -0.056767
v 0.116916 1.504081 -0.052855
v 0.137603 1.505954 -0.043562
v 0.185048 1.508575 -0.016431
v 0.194202 1.506857 -0.001044
v 0.196208 1.506426 0.012542
v 0.075491 1.481930 -0.063875
v 0.101686 1.487413 -0.067219
v 0.129607 1.489876 -0.063090
v 0.161547 1.490152 -0.050472
v 0.188416 1.491291 -0.033111
v 0.213983 1.488926 -0.016801
v 0.226733 1.487549 0.002193
v 0.229710 1.487441 0.018947
v 0.181805 1.467350 -0.056967
v 0.138160 1.461506 -0.073185
v 0.154713 1.429075 -0.072706
v 0.134993 1.380437 -0.077241
v 0.127782 1.344653 -0.077696
v 0.137954 1.471069 -0.071535
v 0.125506 1.429102 -0.082873
v 0.111402 1.383438 -0.087190
v 0.103356 1.345465 -0.086200
v 0.104825 1.469985 -0.074775
v 0.096464 1.432071 -0.086225
v 0.091431 1.395651 -0.088545
v 0.085727 1.363232 -0.088402
v 0.078912 1.459146 -0.076136
v 0.072123 1.429282 -0.084746
v 0.066967 1.394424 -0.085667
v 0.065229 1.369779 -0.085421
v 0.063627 1.354585 -0.083259
v 0.051612 1.460485 -0.063624
v 0.049677 1.444531 -0.072068
v 0.048713 1.428840 -0.076177
v 0.043331 1.368459 -0.077681
v 0.025747 1.444106 -0.060959
v 0.025396 1.414057 -0.067843
v 0.030464 1.382639 -0.073951
v 0.212420 1.470195 -0.036429
v 0.237012 1.470653 -0.016452
v 0.248917 1.468512 0.002520
v 0.252682 1.466058 0.023851
v 0.229827 1.452120 -0.038554
v 0.250257 1.450641 -0.017319
v 0.259930 1.448191 0.003537
v 0.263531 1.442078 0.027063
v 0.207431 1.448127 -0.052164
v 0.189499 1.437794 -0.062159
v 0.192774 1.413886 -0.061012
v 0.162225 1.345366 -0.043893
v 0.157000 1.329772 -0.040922
v 0.154209 1.316987 -0.042138
v 0.240626 1.435618 -0.037849
v 0.257349 1.433533 -0.017319
v 0.265886 1.427543 0.006034
v 0.266840 1.420624 0.031564
v 0.220424 1.435271 -0.049075
v 0.204783 1.426720 -0.056189
v 0.177922 1.422957 -0.065753
v 0.166310 1.322462 -0.015558
v 0.164954 1.302224 -0.017384
v 0.247809 1.405435 -0.031154
v 0.260450 1.397974 -0.013034
v 0.265673 1.390790 0.010722
v 0.265978 1.402328 0.034300
v 0.231628 1.401058 -0.040250
v 0.216841 1.396948 -0.044984
v 0.170050 1.353477 -0.001956
v 0.170904 1.327044 0.010441
v 0.171413 1.304760 0.010615
v 0.248041 1.383361 -0.024033
v 0.217330 1.364711 -0.032050
v 0.166151 1.354118 -0.014742
v 0.164967 1.352502 0.002225
v 0.163844 1.357290 0.019413
v 0.258300 1.365387 -0.001802
v 0.262370 1.348191 0.022471
v 0.260838 1.349655 0.043641
v 0.231528 1.363763 -0.025702
v 0.164195 1.336899 -0.006261
v 0.160827 1.334830 0.011010
v 0.167129 1.358312 0.020962
v 0.244516 1.327074 -0.000292
v 0.217429 1.344551 -0.021585
v 0.162606 1.312992 0.018761
v 0.161834 1.325225 0.027931
v 0.165084 1.362069 0.036808
v 0.171978 1.345125 0.015774
v 0.164949 1.352886 -0.030607
v 0.213906 1.411312 -0.050148
v 0.168684 1.356415 -0.018450
v 0.266766 1.406826 0.008421
v 0.260922 1.415447 -0.015493
v 0.245880 1.420354 -0.035356
v 0.228969 1.418835 -0.044259
v 0.166889 1.388220 0.084531
v 0.167378 1.400442 0.083062
v 0.173138 1.411050 0.082584
v 0.184814 1.409111 0.081911
v 0.162542 1.360180 0.083158
v 0.202250 1.389070 -0.044687
v 0.203635 1.360070 -0.032421
v 0.200606 1.339127 -0.021589
v 0.201081 1.401892 -0.052377
v 0.145788 1.336172 -0.066010
v 0.156211 1.364091 -0.063097
v 0.255175 1.329380 0.067726
v 0.211022 1.343836 0.094972
v 0.166570 1.321842 0.046923
v 0.244204 1.330899 0.083314
v 0.253838 1.320199 0.014349
v 0.260758 1.307516 0.057509
v 0.231254 1.318454 -0.005152
v 0.167580 1.307064 0.008774
v 0.163639 1.309266 0.037600
v 0.256970 1.306334 0.076496
v 0.230002 1.317272 0.099518
v 0.217074 1.296813 0.108746
v 0.189248 1.317251 0.085716
v 0.178622 1.312898 0.071245
v 0.243102 1.267263 0.022968
v 0.251213 1.275795 0.029891
v 0.258481 1.274038 0.049411
v 0.231570 1.280309 0.009565
v 0.217400 1.287878 0.003564
v 0.170969 1.285476 0.020888
v 0.166371 1.294513 0.027845
v 0.204173 1.270346 0.010295
v 0.231723 1.294837 0.108395
v 0.194838 1.291476 0.093369
v 0.182070 1.281925 0.072904
v 0.249424 1.289558 0.098977
v 0.262005 1.277868 0.069595
v 0.218974 1.256922 0.016726
v 0.171852 1.261020 0.042123
v 0.169118 1.280551 0.047791
v 0.262347 1.263759 0.093538
v 0.234458 1.275050 0.112382
v 0.220330 1.274640 0.114221
v 0.197092 1.251348 0.103175
v 0.187912 1.265775 0.085503
v 0.179942 1.261923 0.069887
v 0.251684 1.271007 0.104619
v 0.241461 1.247122 0.033194
v 0.252866 1.243187 0.050260
v 0.262807 1.250060 0.064658
v 0.264459 1.257370 0.081015
v 0.230748 1.244571 0.026077
v 0.179178 1.240333 0.041140
v 0.091772 1.313992 0.141455
v 0.101764 1.308546 0.136799
v 0.105055 1.318834 0.136375
v 0.094245 1.326625 0.140880
v 0.079873 1.317131 0.144636
v 0.099494 1.321749 0.139142
v 0.084181 1.336554 0.142411
v 0.093587 1.307095 0.139983
v 0.111689 1.305497 0.130450
v 0.096604 1.340400 0.139197
v 0.064139 1.342756 0.142745
v 0.056497 1.319925 0.146163
v 0.064119 1.310956 0.146436
v 0.074912 1.302589 0.144382
v 0.081919 1.275322 0.135439
v 0.105180 1.297582 0.131492
v 0.117438 1.293656 0.120949
v 0.123792 1.311988 0.122379
v 0.122391 1.326710 0.127155
v 0.118325 1.338266 0.129894
v 0.109060 1.341954 0.134389
v 0.097875 1.362634 0.135751
v 0.079314 1.355927 0.139556
v 0.045645 1.337858 0.141590
v 0.040739 1.332067 0.141467
v 0.043110 1.320185 0.143611
v 0.051034 1.307267 0.145009
v 0.061597 1.285906 0.141650
v 0.130874 1.285605 0.101380
v 0.135534 1.336188 0.116296
v 0.110584 1.361966 0.130816
v 0.025553 1.318199 0.137351
v 0.037082 1.301403 0.140607
v 0.103046 1.275143 0.125647
v 0.121643 1.274262 0.109171
v 0.141199 1.339725 0.109867
v 0.067261 1.321660 0.146074
v 0.010523 1.343621 0.129757
v 0.012186 1.306879 0.136245
v -0.034842 1.462655 0.178643
v -0.032738 1.442531 0.171119
v -0.026442 1.444537 0.182985
v -0.027202 1.454327 0.186255
v -0.027102 1.460384 0.175107
v -0.025275 1.449472 0.169459
v -0.035051 1.470545 0.161966
v -0.037818 1.453826 0.156656
v -0.027142 1.470535 0.150598
v -0.029859 1.460086 0.151086
v -0.044146 1.455235 0.156338
v -0.032666 1.473688 0.149418
v -0.027739 1.465845 0.161020
v -0.037524 1.461811 0.181010
v -0.053022 1.454220 0.160257
v -0.037500 1.445810 0.164014
v -0.037365 1.438924 0.181263
v -0.035926 1.472992 0.147010
v -0.038758 1.470845 0.161296
v -0.031571 1.443797 0.216085
v -0.029398 1.445722 0.210778
v -0.032314 1.439877 0.221066
v -0.027875 1.430594 0.210128
v -0.031202 1.432763 0.222093
v -0.026833 1.434013 0.205757
v -0.026419 1.441716 0.206636
v -0.028312 1.428832 0.216184
v -0.027563 1.437327 0.206605
v -0.030680 1.441916 0.217070
v -0.024829 1.451441 0.181604
v -0.024276 1.456047 0.169507
v -0.027746 1.467802 0.151231
v -0.025235 1.461525 0.157829
v -0.029366 1.444003 0.210943
v -0.044925 1.448538 0.181640
v -0.044326 1.453318 0.172127
v -0.047212 1.462283 0.147276
v -0.046601 1.460582 0.155056
v -0.027163 1.445856 0.205999
v -0.030213 1.430304 0.205793
v -0.032539 1.428040 0.213248
v -0.035480 1.442565 0.217297
v -0.037291 1.433907 0.219829
v -0.041821 1.440346 0.203237
v -0.024953 1.443156 0.201669
v -0.036100 1.450170 0.205210
v -0.031735 1.434909 0.191957
v -0.032442 1.449433 0.157766
v -0.026815 1.454279 0.161294
v -0.037024 1.449946 0.157364
v -0.027085 1.449681 0.198632
v -0.024863 1.440788 0.195670
v -0.035172 1.435021 0.192626
v -0.037073 1.453076 0.198022
v -0.024539 1.445526 0.196355
v -0.041534 1.444006 0.195437
v -0.032255 1.453122 0.199127
v -0.040341 1.435892 0.214810
v -0.035492 1.429738 0.208624
v -0.044160 1.453635 0.184405
v -0.043063 1.459206 0.174905
v -0.045225 1.465002 0.159611
v -0.030938 1.437678 0.222464
v -0.037074 1.438377 0.219853
v -0.040597 1.441349 0.211835
v -0.041107 1.447896 0.197354
v -0.040141 1.439646 0.193772
v -0.042013 1.447945 0.170454
v -0.043467 1.450332 0.165963
v -0.038636 1.431453 0.211538
v -0.043771 1.455155 0.154275
v -0.034766 1.429399 0.216375
v -0.029589 1.428503 0.218178
v -0.039501 1.435323 0.198575
v -0.051341 1.455879 0.146613
v -0.041545 1.440945 0.182633
v -0.027827 1.441128 0.206829
v -0.028791 1.432793 0.220318
v -0.027905 1.434787 0.217808
v -0.053095 1.438354 0.215106
v -0.046442 1.423502 0.204702
v -0.042413 1.429593 0.209955
v -0.047194 1.438318 0.210475
v -0.047444 1.445090 0.201095
v -0.040977 1.435307 0.196868
v -0.045370 1.427377 0.194808
v -0.053466 1.444564 0.203865
v -0.056676 1.451214 0.187399
v -0.047843 1.433509 0.178754
v -0.042020 1.443071 0.179023
v -0.043657 1.456323 0.163859
v -0.043187 1.445935 0.172002
v -0.054935 1.437568 0.173427
v -0.051045 1.454062 0.162783
v -0.048368 1.450371 0.185213
v -0.056869 1.434619 0.220458
v -0.061645 1.434530 0.175006
v -0.052184 1.430494 0.180222
v -0.049131 1.425518 0.194315
v -0.051653 1.418757 0.209450
v -0.061112 1.450648 0.179432
v -0.047671 1.424286 0.242463
v -0.046572 1.418655 0.251071
v -0.043338 1.408791 0.245248
v -0.045851 1.411755 0.251390
v -0.042216 1.414123 0.235479
v -0.042896 1.422178 0.235072
v -0.044287 1.413541 0.250687
v -0.044759 1.420526 0.237732
v -0.043562 1.417242 0.236574
v -0.042907 1.410044 0.246707
v -0.041992 1.440853 0.199268
v -0.044471 1.453053 0.168865
v -0.043665 1.450243 0.175023
v -0.059584 1.424771 0.215358
v -0.060473 1.432672 0.197405
v -0.063534 1.437559 0.182995
v -0.049828 1.422796 0.246138
v -0.043182 1.411911 0.235666
v -0.045966 1.407459 0.242999
v -0.051477 1.410494 0.249606
v -0.053641 1.428789 0.232386
v -0.041919 1.418471 0.233070
v -0.045295 1.425575 0.236221
v -0.061387 1.447182 0.189426
v -0.043214 1.434696 0.210333
v -0.055788 1.444015 0.203436
v -0.045245 1.415711 0.223748
v -0.041676 1.422501 0.223766
v -0.049277 1.414682 0.222031
v -0.042558 1.424725 0.230699
v -0.058099 1.418994 0.227489
v -0.047338 1.431078 0.228520
v -0.042118 1.427252 0.225726
v -0.057072 1.421626 0.222902
v -0.051190 1.428899 0.233424
v -0.055911 1.412065 0.242993
v -0.060294 1.428925 0.217871
v -0.060083 1.438013 0.199944
v -0.059076 1.448958 0.153156
v -0.063563 1.442751 0.187325
v -0.047626 1.417094 0.252220
v -0.052750 1.415587 0.250843
v -0.061035 1.435658 0.204487
v -0.058453 1.422953 0.230331
v -0.057688 1.426269 0.225287
v -0.056378 1.416815 0.244366
v -0.055666 1.415658 0.225724
v -0.055036 1.418112 0.221066
v -0.058280 1.425850 0.201092
v -0.057517 1.428546 0.195450
v -0.053482 1.409436 0.240496
v -0.059627 1.432832 0.181521
v -0.049211 1.407400 0.246309
v -0.056945 1.420410 0.213415
v -0.064726 1.435723 0.167245
v -0.044713 1.409057 0.248570
v -0.061895 1.418183 0.226328
v -0.055109 1.410036 0.207647
v -0.052212 1.415144 0.207785
v -0.056680 1.416315 0.226882
v -0.055569 1.427531 0.206392
v -0.051283 1.418983 0.202798
v -0.052421 1.414763 0.201184
v -0.063436 1.433833 0.193227
v -0.056109 1.418577 0.184094
v -0.051760 1.426306 0.186914
v -0.054218 1.438712 0.176160
v -0.052751 1.430294 0.180812
v -0.063126 1.419676 0.178886
v -0.058446 1.436778 0.176915
v -0.056870 1.433217 0.189979
v -0.065707 1.427933 0.206401
v -0.064873 1.415385 0.230030
v -0.068047 1.416329 0.181465
v -0.059029 1.415722 0.187066
v -0.057636 1.410795 0.199360
v -0.057516 1.400128 0.224084
v -0.067830 1.430929 0.182692
v -0.056818 1.405185 0.252068
v -0.055890 1.407527 0.244619
v -0.059961 1.403867 0.254117
v -0.054175 1.392164 0.246541
v -0.057567 1.395427 0.255371
v -0.051880 1.399500 0.239587
v -0.052858 1.404925 0.240921
v -0.056557 1.398241 0.256986
v -0.056815 1.402453 0.255187
v -0.051598 1.394416 0.248837
v -0.052139 1.399631 0.241354
v -0.051974 1.409111 0.231117
v -0.052051 1.423945 0.204356
v -0.052910 1.436150 0.177063
v -0.053014 1.430904 0.187003
v -0.067117 1.406050 0.222339
v -0.072617 1.423488 0.175400
v -0.071769 1.420947 0.184858
v -0.052899 1.395727 0.240538
v -0.061029 1.393242 0.250734
v -0.065623 1.397121 0.243047
v -0.064746 1.410954 0.238528
v -0.054130 1.401041 0.226982
v -0.061196 1.409652 0.243458
v -0.053794 1.416777 0.195744
v -0.068556 1.415448 0.201614
v -0.052433 1.420734 0.208729
v -0.055414 1.412442 0.233484
v -0.051625 1.405748 0.229179
v -0.065434 1.403496 0.227283
v -0.055843 1.424013 0.211074
v -0.062754 1.429131 0.207446
v -0.068110 1.409447 0.225387
v -0.069355 1.430677 0.175362
v -0.071782 1.425519 0.189084
v -0.059099 1.399383 0.256555
v -0.063258 1.400504 0.252697
v -0.067427 1.404320 0.236651
v -0.069288 1.420968 0.204065
v -0.067014 1.408058 0.229603
v -0.066022 1.400711 0.245970
v -0.062676 1.400374 0.226224
v -0.064505 1.411332 0.199968
v -0.062804 1.394424 0.240671
v -0.067855 1.417060 0.184374
v -0.052861 1.393640 0.253620
v -0.072825 1.417359 0.174662
v -0.054023 1.392592 0.253150
v -0.054681 1.404388 0.242437
v -0.053383 1.398527 0.253136
v -0.070998 1.406558 0.206917
v -0.060386 1.395813 0.214306
v -0.063290 1.405020 0.205556
v -0.059720 1.402125 0.196253
v -0.063663 1.395354 0.200357
v -0.070275 1.410787 0.200276
v -0.070459 1.413147 0.192025
v -0.064813 1.400911 0.183620
v -0.062728 1.416323 0.181470
v -0.061970 1.414098 0.181076
v -0.073571 1.407602 0.202264
v -0.072052 1.401688 0.215301
v -0.071427 1.400589 0.177219
v -0.067536 1.398035 0.186774
v -0.066505 1.393536 0.199828
v -0.072841 1.411864 0.191701
v -0.065431 1.395188 0.230274
v -0.066065 1.393906 0.234758
v -0.061265 1.386247 0.231855
v -0.062644 1.384273 0.231321
v -0.063674 1.388170 0.236649
v -0.061494 1.388582 0.228093
v -0.062773 1.392006 0.228101
v -0.060334 1.406471 0.197635
v -0.061452 1.410913 0.186396
v -0.072374 1.391859 0.213601
v -0.074852 1.397447 0.199729
v -0.075726 1.402814 0.190475
v -0.065898 1.396306 0.228413
v -0.060922 1.391357 0.223639
v -0.069222 1.393816 0.233261
v -0.068049 1.385903 0.235293
v -0.072931 1.389764 0.219186
v -0.061605 1.394634 0.223896
v -0.071610 1.398491 0.222288
v -0.063220 1.384803 0.224907
v -0.061445 1.386623 0.224033
v -0.068861 1.397133 0.227226
v -0.063527 1.397234 0.224931
v -0.062759 1.408451 0.199518
v -0.061232 1.403809 0.203910
v -0.063364 1.400441 0.217057
v -0.062425 1.390107 0.213651
v -0.064503 1.388615 0.213278
v -0.061106 1.398734 0.215342
v -0.060640 1.400897 0.202740
v -0.072314 1.409168 0.197439
v -0.069294 1.401747 0.217680
v -0.071636 1.385857 0.229891
v -0.073988 1.395229 0.212451
v -0.075838 1.399856 0.201177
v -0.074685 1.410953 0.180836
v -0.065209 1.390763 0.236756
v -0.069865 1.389138 0.235449
v -0.074064 1.393016 0.220862
v -0.072796 1.389191 0.230378
v -0.070327 1.390209 0.211197
v -0.072933 1.395177 0.199387
v -0.072973 1.397622 0.192034
v -0.068724 1.383570 0.228936
v -0.065735 1.383554 0.233676
v -0.062040 1.386244 0.235030
v -0.070243 1.387124 0.217838
v -0.061931 1.388242 0.235270
v -0.063083 1.389852 0.235937
v -0.016593 1.378180 0.207210
v 0.004094 1.386969 0.210031
v -0.004301 1.390433 0.208715
v -0.016502 1.383784 0.208919
v -0.011630 1.380493 0.194177
v 0.004762 1.381533 0.208349
v -0.019223 1.370844 0.224003
v -0.016751 1.375296 0.219943
v -0.019872 1.366721 0.225539
v -0.007431 1.380251 0.230131
v -0.003780 1.376742 0.230669
v -0.010497 1.367470 0.232081
v -0.008727 1.381110 0.225358
v -0.012239 1.381643 0.218534
v -0.011263 1.371877 0.235663
v -0.012379 1.379397 0.221274
v -0.020066 1.368642 0.229031
v -0.009046 1.376418 0.234152
v -0.012750 1.387850 0.212002
v -0.000421 1.375003 0.202585
v -0.001911 1.381503 0.225268
v -0.007310 1.383054 0.221093
v -0.018418 1.366638 0.219311
v -0.005266 1.367477 0.221915
v 0.000064 1.377286 0.224834
v -0.005848 1.384862 0.218107
v 0.001031 1.382954 0.219865
v -0.018504 1.372112 0.216460
v -0.016620 1.376542 0.216960
v -0.015753 1.381816 0.211663
v 0.004032 1.379943 0.215277
v -0.011953 1.385374 0.214809
v -0.000859 1.371920 0.208206
v -0.013752 1.389367 0.197761
v -0.009954 1.393242 0.201437
v 0.002646 1.384381 0.215242
v -0.005428 1.387118 0.214271
v -0.015208 1.370484 0.210175
v -0.006774 1.376233 0.196090
v -0.016023 1.364585 0.228757
v -0.017691 1.368850 0.232731
v -0.011758 1.364770 0.217945
v -0.008183 1.368665 0.207203
v 0.002923 1.376260 0.211715
v -0.000652 1.373348 0.223082
v -0.005951 1.371997 0.231979
v 0.006573 1.381805 0.197970
v -0.015085 1.374370 0.231134
v -0.031544 1.457706 0.187153
v -0.029023 1.441002 0.181781
v -0.028472 1.446545 0.167732
v -0.030704 1.462652 0.175756
v -0.036586 1.457327 0.152212
v -0.029878 1.472386 0.151429
v -0.030461 1.454967 0.154353
v -0.028135 1.433931 0.208799
v -0.027095 1.457118 0.154455
v -0.032217 1.450234 0.204543
v -0.027761 1.436187 0.194441
v -0.042009 1.431319 0.195766
v -0.051442 1.440818 0.170456
v -0.048931 1.455344 0.162683
v -0.053143 1.451554 0.186878
v -0.043861 1.437401 0.179207
v -0.042425 1.413221 0.237848
v -0.044372 1.425950 0.206224
v -0.048269 1.428732 0.232974
v -0.043010 1.417689 0.225539
v -0.059616 1.428865 0.207553
v -0.057321 1.426720 0.178050
v -0.059312 1.435390 0.186441
v -0.053595 1.421708 0.184456
v -0.056719 1.406562 0.248401
v -0.052593 1.402098 0.229132
v -0.058589 1.414092 0.233699
v -0.066916 1.405779 0.207700
v -0.066398 1.410484 0.200763
v -0.063947 1.407598 0.180450
v -0.065566 1.413512 0.191275
v -0.061006 1.403893 0.189150
v -0.061623 1.397859 0.202457
v -0.065999 1.400176 0.221215
v -0.060674 1.392867 0.214642
v -0.040834 1.455768 0.189259
v -0.041714 1.470188 0.152102
v -0.041805 1.468347 0.163034
v -0.037978 1.444258 0.168642
v -0.053978 1.455345 0.153048
v -0.038536 1.447475 0.207371
v -0.040035 1.462590 0.176820
v -0.038874 1.451797 0.198021
v -0.038338 1.437029 0.193182
v -0.041917 1.453389 0.155966
v -0.039953 1.445426 0.170358
v -0.059355 1.432299 0.219347
v -0.058805 1.441488 0.201337
v -0.058279 1.451210 0.157905
v -0.063257 1.447893 0.178063
v -0.054559 1.418579 0.209481
v -0.053314 1.426355 0.193611
v -0.055555 1.429863 0.181229
v -0.053277 1.419402 0.248603
v -0.056597 1.428521 0.228570
v -0.050402 1.408946 0.237505
v -0.051733 1.415298 0.221224
v -0.066655 1.412816 0.230039
v -0.069838 1.427980 0.190642
v -0.061350 1.410857 0.197815
v -0.064020 1.416318 0.182733
v -0.066333 1.406411 0.241570
v -0.067904 1.424620 0.205932
v -0.068769 1.426098 0.202683
v -0.058267 1.391526 0.246971
v -0.059509 1.399765 0.224693
v -0.060451 1.396927 0.231142
v -0.073421 1.398126 0.216447
v -0.075774 1.403351 0.202572
v -0.075772 1.407754 0.189736
v -0.069756 1.393742 0.198703
v -0.071609 1.397890 0.186800
v -0.072944 1.393716 0.226593
v -0.075039 1.404798 0.197241
v -0.066751 1.386795 0.216296
v -0.043992 1.461142 0.140628
v -0.045464 1.447957 0.168116
v -0.061201 1.442322 0.150367
v -0.063878 1.435712 0.155979
v -0.053479 1.430641 0.176364
v -0.072034 1.422653 0.168006
v -0.059597 1.420184 0.176578
v -0.060746 1.413319 0.178940
v -0.066699 1.402055 0.176919
v -0.075904 1.406161 0.179053
v -0.064308 1.406897 0.178638
v -0.038007 1.465795 0.139034
v -0.074453 1.402983 0.173180
v -0.025547 1.470676 0.145144
v -0.027335 1.470247 0.139581
v -0.025999 1.468379 0.147536
v -0.032014 1.452011 0.130232
v -0.028031 1.459151 0.129891
v -0.037200 1.443997 0.133041
v -0.040536 1.452263 0.164347
v -0.046616 1.432132 0.142606
v -0.049577 1.427761 0.146535
v -0.050454 1.434322 0.173341
v -0.061376 1.415937 0.155523
v -0.072307 1.403365 0.165444
v -0.065821 1.402152 0.175925
v -0.071953 1.400690 0.171798
v -0.063314 1.406392 0.157505
v -0.017441 1.461111 0.135375
v -0.019860 1.456388 0.127867
v -0.032041 1.440267 0.131406
v -0.036853 1.448398 0.165780
v -0.052664 1.416465 0.151723
v -0.049406 1.378822 0.167127
v -0.007647 1.401505 0.161006
v -0.004743 1.391891 0.159897
v -0.048011 1.438857 0.167925
v -0.031155 1.463450 0.150409
v -0.009862 1.421238 0.169237
v -0.016230 1.461245 0.142780
v -0.022011 1.443492 0.126790
v -0.049403 1.379018 0.159378
v 0.007088 1.430386 0.147176
v -0.023805 1.434746 0.131137
v -0.036974 1.420620 0.146309
v -0.029107 1.429385 0.136652
v -0.042047 1.414189 0.150477
v -0.056183 1.399581 0.179468
v -0.068619 1.398443 0.170057
v 0.000005 1.385618 0.160550
v 0.007740 1.385556 0.163560
v -0.052439 1.441714 0.168720
v -0.056604 1.392367 0.175272
v -0.023212 1.435221 0.169339
v -0.014391 1.444262 0.157750
v -0.042614 1.407115 0.179397
v -0.009179 1.399766 0.151473
v -0.004186 1.389369 0.149310
v 0.001075 1.383725 0.151049
v 0.008716 1.387039 0.151812
v -0.006485 1.416972 0.135128
v -0.017511 1.457908 0.151445
v 0.008356 1.399087 0.154959
v 0.004714 1.412976 0.148638
v -0.051616 1.424621 0.177095
v -0.028058 1.429365 0.170990
v -0.017984 1.440779 0.162066
v 0.003088 1.413667 0.149239
v 0.015977 1.418864 0.159675
v -0.045331 1.400020 0.180922
v -0.044772 1.445252 0.167787
v 0.019513 1.413109 0.151451
v -0.029518 1.420927 0.174321
v -0.043669 1.435185 0.168840
v -0.046167 1.430458 0.174115
v -0.014503 1.386404 0.178939
v 0.001669 1.398781 0.173787
v 0.014556 1.409871 0.159164
v -0.005513 1.391271 0.177356
v 0.021194 1.416210 0.144658
v -0.027655 1.362262 0.164110
v -0.036906 1.371530 0.153715
v -0.027806 1.373944 0.177912
v 0.012869 1.415320 0.165240
v 0.009620 1.403846 0.166753
v -0.035382 1.365886 0.159285
v -0.035042 1.418052 0.178295
v -0.021063 1.404611 0.178397
v -0.000338 1.431731 0.156852
v -0.037836 1.455780 0.156918
v -0.026923 1.463708 0.154715
v -0.045822 1.458110 0.151519
v -0.046572 1.456153 0.153720
v -0.066931 1.439558 0.165017
v -0.057501 1.433570 0.174426
v -0.046293 1.439084 0.175464
v -0.051224 1.452789 0.176350
v -0.065020 1.433416 0.190266
v -0.075311 1.401975 0.183283
v -0.060820 1.406628 0.186238
v -0.050294 1.435750 0.174962
v -0.057329 1.452812 0.178785
v 0.262120 1.248844 0.099741
v 0.237898 1.259358 0.112241
v 0.224314 1.258549 0.113180
v 0.187939 1.246808 0.090570
v 0.181407 1.235821 0.078033
v 0.251805 1.255945 0.108502
v 0.243584 1.225660 0.045025
v 0.263148 1.231727 0.077070
v 0.264231 1.240733 0.090275
v 0.236260 1.217780 0.041578
v 0.226810 1.217497 0.036391
v 0.175464 1.239772 0.049693
v 0.174905 1.240721 0.060241
v 0.213055 1.223781 0.031605
v 0.258961 1.239440 0.104607
v 0.238995 1.249685 0.110229
v 0.226127 1.248028 0.109699
v 0.198549 1.238323 0.101943
v 0.188688 1.234263 0.092098
v 0.252724 1.243368 0.108984
v 0.245784 1.205805 0.059797
v 0.254489 1.211318 0.071142
v 0.260877 1.218421 0.087558
v 0.261499 1.229186 0.098347
v 0.236807 1.196960 0.057157
v 0.194530 1.206038 0.050357
v 0.185996 1.213162 0.057164
v 0.182615 1.217198 0.067688
v 0.222217 1.195395 0.048497
v 0.254078 1.235360 0.109148
v 0.237699 1.245145 0.110443
v 0.217248 1.239094 0.105343
v 0.200846 1.230389 0.097842
v 0.190388 1.225771 0.091682
v 0.183820 1.220759 0.080757
v 0.237703 1.184240 0.073207
v 0.251308 1.198867 0.087203
v 0.255337 1.210126 0.100525
v 0.255942 1.223888 0.105826
v 0.230249 1.180168 0.066661
v 0.222854 1.182085 0.060371
v 0.245262 1.238897 0.110582
v 0.234576 1.245919 0.105907
v 0.224196 1.242498 0.100537
v 0.203116 1.226384 0.089870
v 0.193063 1.219243 0.087430
v 0.185465 1.212458 0.082483
v 0.241573 1.246371 0.106264
v 0.235211 1.184464 0.097553
v 0.241334 1.194996 0.104043
v 0.245270 1.209426 0.111296
v 0.244870 1.226583 0.112915
v 0.229676 1.176685 0.090890
v 0.224458 1.170513 0.082488
v 0.195713 1.192945 0.060821
v 0.189795 1.202308 0.067963
v 0.219260 1.171676 0.072788
v 0.232383 1.247340 0.111504
v 0.227292 1.255530 0.095254
v 0.220262 1.250435 0.086705
v 0.204012 1.229259 0.073841
v 0.196866 1.217453 0.071180
v 0.190404 1.205399 0.073778
v 0.230031 1.256444 0.101478
v 0.220823 1.188710 0.110797
v 0.226341 1.200002 0.116458
v 0.228664 1.216707 0.121140
v 0.232747 1.232362 0.118060
v 0.216813 1.179170 0.102675
v 0.212961 1.171430 0.092871
v 0.197402 1.179717 0.069509
v 0.192941 1.186485 0.069611
v 0.189246 1.194896 0.073129
v 0.207338 1.171099 0.077277
v 0.208594 1.258761 0.121763
v 0.217156 1.264585 0.093594
v 0.213075 1.261622 0.079678
v 0.199019 1.240590 0.057182
v 0.192684 1.227187 0.051926
v 0.189109 1.213228 0.049844
v 0.219061 1.261432 0.106724
v 0.196642 1.199756 0.121140
v 0.205715 1.211724 0.126630
v 0.212020 1.226079 0.128068
v 0.203192 1.248863 0.129456
v 0.193620 1.192171 0.115124
v 0.189143 1.185086 0.106090
v 0.187162 1.188719 0.068986
v 0.187846 1.193099 0.062368
v 0.188901 1.202227 0.053115
v 0.198883 1.276852 0.100718
v 0.201634 1.271089 0.085037
v 0.184935 1.252780 0.059624
v 0.177665 1.240338 0.054040
v 0.171928 1.227342 0.053234
v 0.196697 1.274415 0.114147
v 0.164939 1.237332 0.140846
v 0.186064 1.240877 0.136995
v 0.170946 1.207250 0.122318
v 0.165247 1.205376 0.074207
v 0.166761 1.211119 0.065679
v 0.169014 1.218314 0.058666
v 0.160903 1.202180 0.099650
v 0.178631 1.284770 0.093182
v 0.160471 1.270026 0.068249
v 0.152055 1.259585 0.063170
v 0.146297 1.250157 0.062720
v 0.147004 1.236091 0.139654
v 0.149354 1.282158 0.144280
v 0.144523 1.226667 0.131396
v 0.136017 1.227284 0.123056
v 0.139653 1.231306 0.076276
v 0.140464 1.247414 0.067303
v 0.139572 1.220698 0.111248
v 0.119805 1.312657 0.146296
v 0.152643 1.301229 0.116525
v 0.149189 1.299928 0.104410
v 0.134484 1.288941 0.082110
v 0.151643 1.299017 0.128394
v 0.110755 1.281193 0.155444
v 0.111011 1.254917 0.143321
v 0.098615 1.263953 0.099042
v 0.105294 1.266743 0.089914
v 0.099921 1.335349 0.132048
v 0.109636 1.326184 0.119051
v 0.099642 1.316435 0.100534
v 0.061595 1.358611 0.150363
v 0.096464 1.281567 0.155473
v 0.107411 1.301190 0.157390
v 0.116449 1.307390 0.152013
v 0.086865 1.271008 0.141543
v 0.087390 1.292414 0.096903
v 0.066599 1.335135 0.112851
v 0.060211 1.330482 0.113656
v 0.066857 1.313901 0.164974
v 0.073271 1.317798 0.164869
v 0.066002 1.304617 0.160868
v 0.066534 1.295465 0.153519
v 0.053308 1.305614 0.123134
v 0.063017 1.293214 0.145141
v 0.058113 1.354091 0.158373
v 0.062130 1.361169 0.143563
v 0.065354 1.359223 0.135638
v 0.058690 1.353878 0.124166
v 0.058892 1.338728 0.166670
v 0.037156 1.361740 0.167534
v 0.027963 1.334698 0.167867
v 0.046945 1.320346 0.122009
v 0.035857 1.342087 0.126660
v 0.031161 1.324044 0.158410
v 0.043881 1.356933 0.127037
v 0.041760 1.349845 0.125502
v 0.038906 1.339939 0.171815
v 0.042174 1.344431 0.171106
v 0.030720 1.338605 0.171162
v 0.023746 1.333262 0.136798
v 0.039649 1.367993 0.162946
v 0.041825 1.376521 0.151898
v 0.040079 1.368896 0.132873
v 0.041788 1.372198 0.157795
v 0.026196 1.341770 0.131669
v 0.021309 1.333980 0.163483
v 0.033634 1.379101 0.162085
v 0.035868 1.384298 0.153278
v 0.041570 1.378262 0.145696
v 0.031176 1.379477 0.135060
v 0.032182 1.368541 0.131396
v 0.022698 1.369823 0.132046
v 0.019986 1.362034 0.173706
v 0.024934 1.365589 0.171688
v 0.020055 1.381014 0.170303
v 0.013687 1.350451 0.173276
v 0.014081 1.342745 0.139664
v 0.012688 1.356668 0.136275
v 0.017874 1.363878 0.133135
v -0.001342 1.349566 0.169528
v 0.027201 1.396943 0.150245
v 0.022629 1.404493 0.136641
v -0.000910 1.395308 0.132566
v 0.026019 1.401598 0.142241
v 0.020602 1.387549 0.166285
v 0.026267 1.392334 0.156744
v 0.004486 1.365690 0.176032
v -0.043469 1.457089 0.156979
v -0.037292 1.460538 0.151634
v 0.004418 1.380384 0.188313
v -0.011733 1.386543 0.188860
v -0.000562 1.395563 0.199285
v 0.008291 1.386170 0.198225
v -0.011202 1.391779 0.189072
v 0.008224 1.392060 0.197141
v 0.008187 1.384776 0.191055
v -0.009737 1.382614 0.186929
v 0.009797 1.396994 0.187077
v -0.006434 1.398581 0.189068
v 0.010546 1.397081 0.182592
v -0.003713 1.380861 0.182553
v 0.004849 1.403145 0.185400
v 0.008982 1.391753 0.174874
v 0.005982 1.385003 0.178838
v -0.004594 1.384422 0.175211
v -0.008638 1.397191 0.177081
v 0.013135 1.400677 0.181474
v -0.004006 1.403398 0.181850
v 0.010163 1.402608 0.168848
v -0.002894 1.380975 0.181614
v 0.008002 1.392489 0.167220
v -0.006632 1.390981 0.170858
v 0.018313 1.401821 0.182416
v 0.008336 1.408865 0.176129
v -0.001821 1.410310 0.164287
v 0.007958 1.414618 0.155669
v 0.004423 1.383529 0.172824
v 0.003839 1.413455 0.146570
v -0.001746 1.387910 0.136028
v 0.001449 1.384192 0.140454
v 0.007197 1.387917 0.142341
v -0.016483 1.417083 0.132954
v -0.006534 1.396892 0.131313
v -0.022910 1.415000 0.137664
v -0.012810 1.395597 0.134728
v -0.027917 1.407190 0.146445
v 0.005754 1.383291 0.126517
v -0.007738 1.379397 0.134377
v 0.000988 1.371045 0.132491
v -0.014482 1.375047 0.137645
v -0.043965 1.388539 0.152974
v -0.007856 1.368246 0.137032
v -0.026634 1.372278 0.144731
v -0.021641 1.363443 0.146436
v -0.068970 1.400333 0.163210
v -0.042416 1.377997 0.172332
v 0.019128 1.422444 0.148880
v 0.012520 1.420964 0.154451
v 0.016613 1.414664 0.139361
v -0.005381 1.352808 0.150375
v 0.001846 1.355247 0.143045
v -0.011160 1.352689 0.162618
v 0.006897 1.363341 0.135406
v 0.015233 1.376053 0.130635
v 0.018113 1.399179 0.131759
v 0.046714 1.502932 0.061577
v 0.047504 1.583238 0.091104
v 0.035228 1.573963 0.115440
v 0.031666 1.602777 0.125040
v 0.035059 1.605021 0.113300
v 0.035802 1.606791 0.096315
v 0.034105 1.609457 0.075360
v 0.025046 1.604407 0.146761
v 0.133593 1.481483 0.059754
v 0.198928 1.427522 0.083074
v 0.197603 1.410144 0.082968
v 0.197647 1.394322 0.079565
v 0.198827 1.380270 0.079356
v 0.196078 1.358558 0.083457
v 0.197436 1.342343 0.089622
v 0.204760 1.298399 0.103371
v 0.207847 1.272496 0.110036
v 0.210161 1.255217 0.110405
v 0.042509 1.373439 0.138090
v 0.033982 1.383409 0.139238
v 0.012729 1.389876 0.128116
v 0.110779 1.319237 0.107860
v 0.146151 1.412239 -0.075673
v 0.119582 1.410005 -0.086231
v 0.069959 1.415640 -0.086026
v 0.049763 1.409534 -0.080210
v 0.183471 1.398216 -0.059417
v 0.182721 1.373174 -0.036140
v 0.188554 1.348302 -0.026256
v 0.187302 1.326050 -0.013976
v 0.187918 1.387326 -0.048060
v 0.169436 1.407653 -0.066742
v 0.190958 1.270358 0.013815
v 0.208679 1.206336 0.041817
v 0.217824 1.183581 0.055368
v 0.215476 1.172698 0.066335
v 0.188173 1.183239 0.087918
v 0.138581 1.219950 0.102170
v 0.090953 1.262203 0.120197
v 0.036652 1.315765 0.146765
v 0.017531 1.333231 0.155059
v 0.003402 1.342812 0.159260
v -0.016393 1.361412 0.173733
v -0.046088 1.447136 0.137852
v -0.068277 1.421064 0.161521
v -0.062914 1.426007 0.154103
v -0.041848 1.458071 0.136375
v -0.057302 1.434240 0.148860
v -0.074727 1.408481 0.170662
v -0.029885 1.468059 0.136348
v -0.000179 1.430960 0.141826
v -0.001669 1.443644 0.139954
v -0.013564 1.449765 0.129883
v -0.010975 1.433318 0.132895
v 0.017953 1.425264 0.152976
v 0.013567 1.429888 0.151907
v 0.016556 1.420853 0.146955
v 0.007758 1.409427 0.137079
v 0.002805 1.384766 0.126040
v -0.002115 1.384065 0.129387
v 0.000570 1.386601 0.129017
v 0.173282 1.377792 -0.051333
v 0.177265 1.367956 -0.032359
v 0.175211 1.342077 -0.018890
v 0.178141 1.371736 -0.040281
v 0.177862 1.290980 0.009390
v 0.185275 1.245826 0.030927
v -0.027709 1.371788 0.177489
v 0.198991 1.211092 0.042835
v 0.206363 1.181073 0.057788
v 0.210805 1.176256 0.060835
v 0.202575 1.174251 0.072102
v 0.147556 1.214367 0.088994
v 0.099612 1.256305 0.106614
v 0.045246 1.308312 0.133671
v 0.020723 1.330847 0.144334
v 0.006023 1.342094 0.149352
v 0.163702 1.389119 -0.064702
v 0.143244 1.296050 0.093249
v 0.170700 1.279043 0.080226
v 0.194388 1.263493 0.070693
v 0.206418 1.252197 0.066976
v 0.212332 1.240146 0.079528
v 0.213297 1.234110 0.095258
v 0.212371 1.243454 0.107587
v 0.023514 1.379106 0.131976
v 0.160347 1.307784 0.067079
v 0.168872 1.289505 0.027422
v 0.165896 1.298471 0.047081
v 0.117296 1.310451 -0.073409
v 0.080000 1.335871 -0.085216
v 0.058537 1.334812 -0.081866
v 0.026516 1.333430 -0.075526
v 0.151024 1.303793 -0.043077
v 0.168223 1.287145 0.006576
v 0.140616 1.313994 -0.063550
v 0.153899 1.290312 0.067607
v 0.161337 1.269823 0.027427
v 0.158762 1.278767 0.047783
v 0.091638 1.300506 -0.077692
v 0.078138 1.312005 -0.080867
v 0.040563 1.306378 -0.078579
v 0.141471 1.273556 -0.041190
v 0.149006 1.256318 -0.016158
v 0.161792 1.267408 0.005874
v 0.133888 1.294742 -0.062177
v 0.148031 1.270232 0.068776
v 0.152455 1.252490 0.027270
v 0.101871 1.280888 -0.070571
v 0.052005 1.269741 -0.078212
v 0.021261 1.279058 -0.071891
v 0.152273 1.247936 0.005280
v 0.123527 1.269384 -0.057150
v 0.141955 1.245644 0.071158
v 0.146425 1.230656 0.027644
v 0.145343 1.236868 0.050765
v 0.099471 1.241683 -0.061335
v 0.081248 1.261962 -0.073950
v 0.068012 1.265180 -0.076939
v 0.038358 1.266585 -0.075672
v 0.123109 1.215707 -0.032506
v 0.131190 1.209689 -0.014309
v 0.139138 1.211335 0.006760
v 0.111954 1.225409 -0.048755
v 0.136788 1.205364 0.075652
v 0.140676 1.210761 0.027903
v 0.141973 1.211335 0.051902
v 0.082579 1.218038 -0.063063
v 0.066161 1.237206 -0.072055
v 0.052441 1.237357 -0.072960
v 0.038819 1.220139 -0.068906
v 0.030719 1.214774 -0.066891
v 0.137984 1.179240 0.037020
v 0.097943 1.196717 -0.050322
v 0.068535 1.200167 -0.062029
v 0.057504 1.214070 -0.067158
v 0.129016 1.183018 -0.005664
v 0.134159 1.174634 0.013710
v 0.136203 1.170835 0.076755
v 0.138689 1.166679 0.058567
v 0.083420 1.167456 -0.048499
v 0.037985 1.161930 -0.058507
v 0.022699 1.173236 -0.059305
v 0.120895 1.179241 -0.022644
v 0.111250 1.169906 -0.031526
v 0.138809 1.150906 0.037145
v 0.097570 1.161561 -0.038691
v 0.069337 1.165321 -0.053726
v 0.055559 1.162718 -0.056756
v 0.129378 1.145352 0.002124
v 0.134631 1.149471 0.017573
v 0.136504 1.149008 0.077624
v 0.143153 1.122329 0.056434
v 0.054543 1.149398 0.128368
v 0.014878 1.170125 0.131895
v 0.127194 1.133826 -0.003324
v 0.137681 1.121424 0.014911
v 0.109731 1.147952 -0.027166
v 0.139611 1.122185 0.074811
v 0.143312 1.112248 0.030660
v 0.033892 1.159767 0.132582
v 0.095126 1.131647 -0.036814
v 0.084622 1.133071 -0.042200
v 0.071295 1.136206 -0.047881
v 0.052889 1.120082 -0.051153
v 0.020656 1.140304 -0.054043
v 0.106297 1.112396 -0.029983
v 0.145811 1.316059 0.090036
v 0.140625 1.285093 0.086180
v 0.134704 1.258383 0.089518
v 0.101683 1.257050 0.125332
v 0.035531 1.198751 0.136466
v 0.077138 1.220445 0.131125
v 0.099790 1.223321 0.123892
v 0.114598 1.166432 0.106323
v 0.054249 1.195428 0.134860
v 0.054724 1.220576 0.135607
v 0.116269 1.219891 0.113277
v 0.029787 1.227387 0.136945
v 0.073607 1.190667 0.129838
v 0.094715 1.185648 0.119927
v 0.056026 1.264364 0.137648
v 0.041841 1.278363 0.138727
v 0.073972 1.149546 0.122122
v 0.096047 1.156581 0.114575
v 0.119694 1.248367 0.109540
v 0.129377 1.212641 0.094772
v 0.129151 1.177992 0.093297
v 0.129912 1.138309 0.091176
v 0.121037 1.145658 -0.014864
v 0.014545 1.126407 0.132067
v 0.018560 1.107749 0.135720
v 0.016432 1.086098 0.136017
v 0.007360 1.100982 0.133993
v 0.053292 1.128623 0.127345
v 0.035048 1.127642 0.132081
v 0.115863 1.117679 0.104120
v 0.095738 1.130759 0.113003
v 0.144269 1.092801 0.050979
v 0.129986 1.089335 -0.010550
v 0.139534 1.087876 0.007084
v 0.055040 1.088015 0.131477
v 0.035853 1.107584 0.134590
v 0.096319 1.110608 0.113285
v 0.130170 1.102965 0.091576
v 0.139426 1.147111 0.058952
v 0.054343 1.171448 0.131316
v 0.116345 1.093768 0.105521
v 0.036645 1.085041 0.135406
v 0.144768 1.079643 0.027211
v 0.139494 1.072029 0.071381
v 0.096093 1.089044 0.116339
v 0.119073 1.120155 -0.017368
v 0.116531 1.091662 -0.026096
v 0.093697 1.113177 -0.037984
v 0.076087 1.116540 -0.044478
v 0.037704 1.126685 -0.054036
v 0.090445 1.098814 -0.041707
v 0.075076 1.105868 -0.045544
v 0.019071 1.119299 -0.053141
v 0.087462 1.082998 -0.049600
v 0.070450 1.086489 -0.053634
v 0.060366 1.091479 -0.053895
v 0.046500 1.095835 -0.055759
v 0.032200 1.100470 -0.056084
v 0.016740 1.102138 -0.054671
v 0.103431 1.094417 -0.035589
v 0.115639 1.058310 -0.045190
v 0.082335 1.043323 -0.077238
v 0.066217 1.042646 -0.081123
v 0.041227 1.045487 -0.081923
v 0.021737 1.044520 -0.079862
v 0.010647 1.044850 -0.075122
v 0.100984 1.061457 -0.056235
v 0.114452 1.039997 -0.052449
v 0.099129 1.040940 -0.068855
v 0.079501 1.018185 -0.088905
v 0.058951 1.015161 -0.092666
v 0.027790 1.010716 -0.093521
v 0.015441 1.011027 -0.087486
v 0.004223 1.011364 -0.079008
v 0.117285 1.015270 -0.065799
v 0.079667 0.986888 -0.096272
v 0.058191 0.984452 -0.097497
v 0.038280 0.981557 -0.096210
v 0.022644 0.980297 -0.091602
v 0.011151 0.980824 -0.084576
v 0.003025 0.981718 -0.075986
v 0.098447 1.018049 -0.079993
v 0.119560 0.990037 -0.072852
v 0.079094 0.958206 -0.094399
v 0.055792 0.955978 -0.094692
v 0.034396 0.953985 -0.092080
v 0.019780 0.954885 -0.086207
v 0.009451 0.955931 -0.079118
v 0.003317 0.956300 -0.070629
v 0.101423 0.988823 -0.088324
v 0.075923 0.936213 -0.088590
v 0.051818 0.933417 -0.086778
v 0.031074 0.933800 -0.081314
v 0.019144 0.936406 -0.074740
v 0.009992 0.937733 -0.068590
v 0.004811 0.939244 -0.060607
v 0.101509 0.962813 -0.087432
v 0.121926 0.942970 -0.071173
v 0.071221 0.917741 -0.080668
v 0.046316 0.917481 -0.074490
v 0.027500 0.923046 -0.064725
v 0.017711 0.924741 -0.060231
v 0.009178 0.926169 -0.053226
v 0.099832 0.939656 -0.084325
v 0.121416 0.924533 -0.069089
v 0.067937 0.901886 -0.070025
v 0.045550 0.897799 -0.056947
v 0.023565 0.906717 -0.048038
v 0.011384 0.914007 -0.040347
v 0.097299 0.921051 -0.079940
v 0.120651 0.907964 -0.066907
v 0.071684 0.878457 -0.065342
v 0.013328 0.905793 -0.034627
v 0.009402 0.908682 -0.029458
v 0.095176 0.904571 -0.076096
v 0.144296 1.051600 -0.002818
v 0.131417 1.055674 -0.027139
v 0.151329 1.043957 0.042187
v 0.150446 1.048893 0.021928
v 0.143375 1.050324 0.064533
v 0.131350 1.049873 0.088224
v 0.142360 1.031570 -0.006971
v 0.129465 1.034652 -0.033283
v 0.151066 1.028582 0.018881
v 0.144790 0.997995 0.088314
v 0.130192 1.029094 -0.034634
v 0.159953 1.001990 0.040789
v 0.154014 1.006784 0.014775
v 0.155427 0.998841 0.065436
v 0.136223 0.986306 -0.051176
v 0.162646 0.972276 0.040966
v 0.160211 0.974605 0.064401
v 0.148200 0.972275 0.086346
v 0.149711 0.965155 -0.023732
v 0.137860 0.964774 -0.051286
v 0.155989 0.981136 0.009881
v 0.163618 0.941051 0.060467
v 0.150337 0.950477 0.083140
v 0.155667 0.932185 -0.024737
v 0.139596 0.944775 -0.051318
v 0.169902 0.919424 0.033583
v 0.168493 0.909562 0.003632
v 0.140601 0.926260 -0.050218
v 0.154634 0.893476 0.082920
v 0.158784 0.909994 -0.025016
v 0.141140 0.909292 -0.049237
v 0.076893 0.874935 0.107534
v 0.114895 1.049762 0.104860
v 0.060047 1.029585 0.124132
v 0.094125 1.048087 0.113865
v 0.126688 1.001415 0.105619
v 0.041570 1.011417 0.126058
v 0.098254 1.023518 0.114104
v 0.076460 1.019323 0.118846
v 0.040162 0.981284 0.122898
v 0.058657 0.986804 0.117607
v 0.099388 0.998295 0.113907
v 0.076532 0.993953 0.114643
v 0.129195 0.971414 0.103231
v 0.037155 0.958684 0.116908
v 0.055510 0.964519 0.111828
v 0.106386 0.961016 0.111375
v 0.078246 0.968779 0.110056
v 0.130630 0.940554 0.099625
v 0.032467 0.936546 0.106270
v 0.053629 0.943173 0.104418
v 0.078050 0.945033 0.111294
v 0.025414 0.919089 0.089966
v 0.044893 0.918826 0.097459
v 0.106161 0.907498 0.107455
v 0.075646 0.909088 0.108764
v 0.134377 0.911163 0.098238
v 0.046853 0.900881 0.094272
v 0.020740 1.003578 0.128888
v 0.020140 0.958269 0.121089
v 0.016296 0.937114 0.110594
v 0.012786 0.918451 0.093898
v 0.096467 1.070103 0.116783
v 0.060174 1.064165 0.129363
v 0.034287 1.060016 0.134271
v 0.116745 1.072901 0.107140
v 0.007878 0.905588 0.072385
v 0.008427 0.901674 0.052065
v 0.004574 0.905997 -0.011765
v 0.014701 0.907570 0.070669
v 0.020750 0.905315 0.073542
v 0.009389 0.898670 0.047948
v 0.004848 0.893335 0.006205
v 0.055806 1.069466 -0.066731
v 0.102247 1.079459 -0.043773
v 0.041158 1.071602 -0.067021
v 0.027181 1.074519 -0.065520
v 0.143737 1.068646 0.004059
v 0.130010 1.074044 0.090453
v 0.145357 1.070313 0.049292
v 0.119781 0.892118 -0.065093
v 0.094727 0.887838 -0.072678
v 0.141279 0.893499 -0.047944
v 0.174921 0.876137 0.033933
v 0.047907 0.881152 0.092321
v 0.136253 0.886015 0.098178
v 0.023493 0.893711 0.072468
v 0.010916 0.890570 -0.020798
v 0.108730 0.876550 0.106415
v 0.011527 0.872854 0.045731
v 0.005438 0.859138 -0.003497
v 0.013265 0.883508 -0.024387
v 0.025611 0.859887 0.070018
v 0.016738 0.910594 -0.043784
v 0.166541 0.902233 0.059395
v 0.022843 0.887643 -0.040187
v 0.025845 0.872332 -0.040568
v 0.048680 0.864557 -0.054001
v 0.122641 0.858569 -0.061355
v 0.146040 0.851534 -0.043821
v 0.173378 0.872655 0.007497
v 0.112485 0.829879 0.107217
v 0.051166 0.839127 0.092278
v 0.011205 0.835057 0.042729
v 0.012883 0.846075 -0.024308
v 0.170882 0.859420 0.060372
v 0.026638 0.848901 -0.039765
v 0.075065 0.847969 -0.063838
v 0.080014 0.832747 0.108255
v 0.100670 0.851909 -0.068334
v 0.167094 0.799285 -0.020862
v 0.176714 0.843858 0.036630
v 0.139579 0.848298 0.097784
v 0.159152 0.845348 0.081099
v 0.027815 0.824063 0.069280
v 0.077899 0.818465 -0.065120
v 0.132123 0.801220 -0.056655
v 0.176206 0.802674 0.008412
v 0.141440 0.826304 0.096712
v 0.011625 0.789506 0.043611
v 0.003555 0.782468 0.000721
v 0.011312 0.777470 -0.019829
v 0.172380 0.814847 0.057902
v 0.029192 0.791482 -0.041143
v 0.082057 0.780554 -0.066447
v 0.054700 0.769929 -0.058544
v 0.087214 0.754371 0.100740
v 0.136576 0.757270 -0.053066
v 0.113713 0.727110 -0.063815
v 0.165283 0.758382 -0.018579
v 0.153653 0.757707 -0.037790
v 0.177067 0.790764 0.032014
v 0.172792 0.757708 0.005242
v 0.117706 0.757651 0.099596
v 0.055990 0.750867 0.087957
v 0.144357 0.761422 0.087325
v 0.161922 0.761933 0.068803
v 0.028940 0.760806 0.066081
v 0.015165 0.745347 0.041712
v 0.006430 0.742187 -0.001647
v 0.012632 0.741843 -0.021834
v 0.171370 0.760261 0.048655
v 0.028488 0.748310 -0.042027
v 0.088367 0.721460 -0.066804
v 0.061278 0.721697 -0.059416
v 0.091140 0.721843 0.094630
v 0.137101 0.724104 -0.050803
v 0.156513 0.708337 -0.020162
v 0.152148 0.723306 -0.035479
v 0.170277 0.722527 0.019175
v 0.166105 0.721262 -0.000025
v 0.121410 0.723595 0.091667
v 0.060728 0.720361 0.086102
v 0.146531 0.726335 0.078552
v 0.162860 0.724293 0.059937
v 0.035553 0.718622 0.065200
v 0.024638 0.686884 0.034187
v 0.017564 0.683992 -0.009085
v 0.168693 0.722109 0.038156
v 0.033599 0.704670 -0.044558
v 0.090452 0.686032 -0.062840
v 0.066426 0.691588 -0.058744
v 0.096574 0.693789 0.085013
v 0.128179 0.668206 -0.045917
v 0.111521 0.676543 -0.057553
v 0.146495 0.694460 -0.034031
v 0.157287 0.690999 -0.005883
v 0.123792 0.694217 0.079445
v 0.067619 0.692680 0.080928
v 0.145305 0.693261 0.065598
v 0.157677 0.690769 0.046320
v 0.041258 0.690242 0.061106
v 0.024888 0.670122 -0.028126
v 0.162225 0.689448 0.024771
v 0.068696 0.649755 -0.057897
v 0.102670 0.665921 0.074728
v 0.148648 0.665197 -0.022766
v 0.140356 0.667937 -0.035066
v 0.153135 0.663903 0.001264
v 0.152754 0.663723 -0.008340
v 0.126198 0.665574 0.065601
v 0.076479 0.664156 0.072711
v 0.142415 0.664189 0.049785
v 0.141827 0.636833 0.029079
v 0.049503 0.662853 0.054151
v 0.033718 0.658021 0.030857
v 0.022260 0.651042 -0.012705
v 0.147848 0.644533 0.008787
v 0.039973 0.661385 -0.045393
v 0.089481 0.644920 -0.061953
v 0.108647 0.638915 0.065334
v 0.124267 0.644816 -0.047229
v 0.109515 0.646633 -0.056946
v 0.146258 0.622867 -0.025232
v 0.137663 0.643243 -0.035274
v 0.149939 0.638311 -0.003230
v 0.125880 0.637606 0.053967
v 0.137124 0.636678 0.039273
v 0.058562 0.635505 0.051858
v 0.041757 0.631112 0.028834
v 0.024757 0.625643 -0.013100
v 0.030049 0.618004 -0.031520
v 0.040275 0.630387 -0.044974
v 0.091536 0.606819 -0.064578
v 0.072812 0.607274 -0.061181
v 0.109565 0.591028 0.055584
v 0.128817 0.621163 -0.046965
v 0.111469 0.621387 -0.058530
v 0.137958 0.618858 -0.036913
v 0.140193 0.611679 0.009904
v 0.148955 0.614799 -0.014276
v 0.122017 0.598416 0.048158
v 0.089893 0.614376 0.062809
v 0.134319 0.608016 0.028850
v 0.064965 0.610595 0.046550
v 0.048386 0.605521 0.022098
v 0.029323 0.602817 -0.014643
v 0.146486 0.591113 -0.025543
v 0.139891 0.595411 -0.039682
v 0.141401 0.594535 0.002555
v 0.147291 0.590957 -0.015705
v 0.094094 0.589502 0.057518
v 0.133052 0.592519 0.026157
v 0.069912 0.586689 0.045676
v 0.052820 0.578566 0.021474
v 0.039226 0.565941 -0.019640
v 0.045551 0.565587 -0.038405
v 0.053393 0.594127 -0.049295
v 0.094227 0.583761 -0.069219
v 0.076628 0.577353 -0.063363
v 0.110544 0.564298 0.045464
v 0.130736 0.579882 -0.057423
v 0.113690 0.583164 -0.066951
v 0.146780 0.568946 -0.030129
v 0.141116 0.573530 -0.045768
v 0.144756 0.566961 -0.006134
v 0.147175 0.565044 -0.018241
v 0.124017 0.539957 0.029265
v 0.094287 0.564624 0.046093
v 0.128841 0.558341 0.026440
v 0.137569 0.559660 0.010315
v 0.073009 0.561830 0.033049
v 0.058636 0.572238 -0.052289
v 0.096253 0.564749 -0.077375
v 0.079318 0.553235 -0.071983
v 0.109823 0.537923 0.035674
v 0.131836 0.564254 -0.066564
v 0.115546 0.566864 -0.074411
v 0.143168 0.558398 -0.054258
v 0.148614 0.539095 -0.010401
v 0.094553 0.536009 0.033110
v 0.131326 0.538432 0.025332
v 0.136793 0.535721 0.017393
v 0.074562 0.534418 0.020978
v 0.060650 0.533869 0.003649
v 0.048181 0.536413 -0.032191
v 0.052335 0.539138 -0.047615
v 0.079297 0.523787 -0.076293
v 0.108436 0.515992 0.032720
v 0.129920 0.539307 -0.077026
v 0.114453 0.529994 -0.085272
v 0.152994 0.527112 -0.048516
v 0.143910 0.536266 -0.063345
v 0.153586 0.531971 -0.027259
v 0.120473 0.519548 0.031205
v 0.093518 0.512503 0.026806
v 0.130941 0.507971 0.023984
v 0.077111 0.508959 0.011803
v 0.065708 0.510957 -0.001249
v 0.051464 0.509710 -0.034386
v 0.054511 0.512259 -0.050255
v 0.147384 0.516619 0.000148
v 0.065464 0.517895 -0.064287
v 0.104719 0.490637 0.029710
v 0.133089 0.490927 -0.088666
v 0.146746 0.495588 -0.076146
v 0.161459 0.487929 -0.016941
v 0.165228 0.484852 -0.036236
v 0.118330 0.496591 0.030095
v 0.090258 0.486351 0.021977
v 0.142984 0.506139 0.012856
v 0.066903 0.483970 -0.001694
v 0.051869 0.482974 -0.037005
v 0.054289 0.485494 -0.052370
v 0.067002 0.477427 -0.071549
v 0.095318 0.476090 -0.094039
v 0.077529 0.469173 -0.085045
v 0.099817 0.452617 0.025855
v 0.114546 0.482547 -0.095121
v 0.158318 0.492292 -0.060516
v 0.115088 0.466386 0.028463
v 0.086322 0.441476 0.017791
v 0.129422 0.473535 0.025009
v 0.144242 0.480550 0.015287
v 0.075027 0.448729 0.007487
v 0.046097 0.419725 -0.036876
v 0.049027 0.421465 -0.055123
v 0.154171 0.485640 0.002239
v 0.094119 0.436770 -0.096573
v 0.075782 0.429571 -0.087160
v 0.132928 0.451041 -0.093488
v 0.115460 0.444081 -0.098260
v 0.160919 0.455443 -0.067635
v 0.148590 0.454224 -0.082521
v 0.165890 0.447895 -0.018505
v 0.169779 0.452142 -0.040772
v 0.109049 0.435750 0.027791
v 0.124800 0.434613 0.026739
v 0.140908 0.441224 0.019707
v 0.055990 0.418074 -0.005442
v 0.156523 0.446951 0.002889
v 0.095939 0.387032 -0.093744
v 0.074849 0.380512 -0.083410
v 0.092722 0.376393 0.019647
v 0.133966 0.391917 -0.091327
v 0.117335 0.388838 -0.095407
v 0.162344 0.393666 -0.064233
v 0.149228 0.391633 -0.080601
v 0.164706 0.389900 -0.014087
v 0.169286 0.391057 -0.038376
v 0.075260 0.368921 0.009641
v 0.120108 0.380438 0.025456
v 0.137167 0.389157 0.021317
v 0.057055 0.371821 -0.004257
v 0.048208 0.367776 -0.035919
v 0.051054 0.370680 -0.053819
v 0.152340 0.389771 0.006163
v 0.062975 0.374635 -0.069426
v 0.079277 0.324677 -0.071554
v 0.095000 0.269437 0.014639
v 0.129405 0.327701 -0.079598
v 0.112897 0.325679 -0.082400
v 0.154362 0.322550 -0.055167
v 0.143712 0.325001 -0.070558
v 0.152194 0.320522 -0.005958
v 0.158851 0.319554 -0.028501
v 0.104790 0.258687 0.018019
v 0.080427 0.319009 0.009287
v 0.129162 0.323155 0.020416
v 0.075574 0.288771 0.000646
v 0.075147 0.254683 -0.003914
v 0.136600 0.293485 0.010884
v 0.069993 0.321897 -0.061414
v 0.095532 0.260422 -0.066434
v 0.083251 0.252362 -0.058763
v 0.122542 0.257370 -0.062966
v 0.109818 0.254742 -0.065495
v 0.142307 0.253259 -0.038680
v 0.137840 0.255554 -0.049856
v 0.133641 0.205714 0.000736
v 0.136034 0.209400 -0.013921
v 0.085448 0.259574 0.009545
v 0.111778 0.260878 0.019271
v 0.117406 0.214357 0.016238
v 0.068238 0.260427 -0.028225
v 0.073961 0.252793 -0.039314
v 0.077923 0.254938 -0.047694
v 0.095242 0.056423 0.037070
v 0.084540 0.064665 0.046199
v 0.080434 0.071669 0.065260
v 0.130476 0.172922 0.001605
v 0.130290 0.165130 -0.022630
v 0.130089 0.144267 -0.020448
v 0.130389 0.139350 -0.001699
v 0.085889 0.202054 -0.052382
v 0.096719 0.213690 0.016570
v 0.120212 0.198246 -0.049870
v 0.103145 0.159875 -0.054099
v 0.134226 0.202640 -0.031239
v 0.130115 0.200660 -0.039799
v 0.125559 0.207989 0.011123
v 0.109103 0.211941 0.018897
v 0.088337 0.214245 0.012364
v 0.080860 0.211585 -0.001220
v 0.077571 0.204780 -0.020388
v 0.079360 0.174823 -0.027216
v 0.080661 0.202829 -0.041623
v 0.096578 0.159369 -0.057998
v 0.087537 0.164535 -0.050312
v 0.098029 0.178575 0.021994
v 0.120688 0.161770 -0.041563
v 0.133756 0.110951 -0.018277
v 0.128815 0.164643 -0.032154
v 0.118210 0.173502 0.016016
v 0.108128 0.176933 0.022251
v 0.093210 0.178723 0.019593
v 0.086533 0.179007 0.011746
v 0.079799 0.178883 -0.007433
v 0.081230 0.153560 -0.036137
v 0.098421 0.155608 0.029168
v 0.124002 0.145808 0.015189
v 0.128960 0.130468 0.008617
v 0.103296 0.154662 0.028837
v 0.093267 0.157858 0.026501
v 0.114161 0.149703 0.024423
v 0.035201 1.684052 0.143766
v 0.077683 0.100818 0.161424
v 0.059127 0.090062 0.160340
v 0.078490 0.085925 0.154772
v 0.066122 0.100005 0.179900
v 0.063456 0.095165 0.191556
v 0.080897 0.094046 0.193764
v 0.078795 0.098153 0.178234
v 0.066430 0.097555 0.193287
v 0.080451 0.096715 0.192095
v 0.057606 0.089430 0.181897
v 0.083054 0.088424 0.185741
v 0.079296 0.100569 0.170029
v 0.065451 0.103323 0.168076
v 0.082756 0.084900 0.169226
v 0.055459 0.088735 0.172074
v 0.064236 0.080126 0.162999
v 0.068921 0.094644 0.197217
v 0.065370 0.080597 0.186501
v 0.063806 0.077479 0.171632
v 0.067524 0.083833 0.191041
v 0.070631 0.077452 0.168835
v 0.071185 0.078691 0.164809
v 0.077450 0.083028 0.190074
v 0.077610 0.094432 0.196200
v 0.077485 0.079435 0.183218
v 0.075321 0.088963 0.195499
v 0.068349 0.098960 0.180378
v 0.060089 0.098037 0.161894
v 0.079403 0.096733 0.157753
v 0.064602 0.099031 0.182851
v 0.080961 0.097065 0.180996
v 0.066231 0.098862 0.186159
v 0.058553 0.097271 0.171197
v 0.082182 0.096540 0.168218
v 0.082512 0.095795 0.174714
v 0.061503 0.083757 0.162493
v 0.060322 0.084322 0.182947
v 0.058779 0.083054 0.173324
v 0.081342 0.085202 0.187386
v 0.066874 0.091890 0.194930
v 0.063348 0.086223 0.189912
v 0.080048 0.081956 0.170799
v 0.090443 0.097380 0.185967
v 0.088762 0.094970 0.193115
v 0.098680 0.092417 0.194438
v 0.097193 0.096972 0.185693
v 0.098410 0.095182 0.188552
v 0.088683 0.095326 0.189287
v 0.085665 0.092455 0.185759
v 0.100138 0.087017 0.179106
v 0.087756 0.097962 0.183272
v 0.100825 0.089662 0.186937
v 0.090553 0.091081 0.196784
v 0.090799 0.093710 0.196356
v 0.089029 0.080351 0.182794
v 0.088753 0.085624 0.193916
v 0.095110 0.084499 0.194336
v 0.095976 0.092324 0.196835
v 0.095288 0.080519 0.182308
v 0.097872 0.094367 0.194573
v 0.090018 0.100001 0.180161
v 0.097588 0.099216 0.179888
v 0.100141 0.093938 0.179956
v 0.089119 0.094152 0.195443
v 0.085360 0.083932 0.182149
v 0.099621 0.086900 0.190508
v 0.086298 0.088254 0.190332
v 0.099233 0.083106 0.181670
v 0.086200 0.085041 0.170192
v 0.097591 0.083648 0.166980
v 0.031504 1.648596 0.141546
v 0.018824 1.636958 0.145705
v 0.019230 1.655641 0.144097
v 0.019749 1.661975 0.141022
v 0.026963 1.627559 0.144692
v 0.005103 1.622549 0.157423
v 0.015849 1.640858 0.155589
v 0.013906 1.620632 0.154874
v 0.038362 1.619868 0.137805
v 0.035877 1.604864 0.138417
v 0.038787 1.636785 0.140805
v 0.051305 1.632582 0.128632
v 0.058290 1.641074 0.120894
v 0.015087 1.567549 0.139768
v 0.007695 1.565533 0.142473
v 0.038405 1.589350 0.127915
v 0.032022 1.583261 0.133067
v 0.056920 1.653787 0.125620
v 0.062830 1.648868 0.111352
v 0.058114 1.700714 0.120406
v 0.062983 1.639706 0.100203
v 0.054640 1.608473 0.106903
v 0.054404 1.624667 0.118409
v 0.037435 1.596381 0.133152
v 0.014017 1.573410 0.145611
v 0.007854 1.571202 0.147949
v 0.025231 1.572196 0.133485
v 0.033648 1.576374 0.125043
v 0.045768 1.610752 0.126998
v 0.057680 1.601993 0.092037
v 0.008902 1.633631 -0.027095
v 0.016579 1.634560 -0.025024
v 0.032948 1.636370 -0.015842
v 0.045575 1.635593 -0.003744
v 0.058726 1.638940 0.013030
v 0.061650 1.635342 0.023573
v 0.063976 1.638918 0.035747
v 0.055400 1.627018 0.014494
v 0.031144 1.628762 -0.012496
v 0.043392 1.587570 0.117316
v 0.046261 1.633716 0.135367
v 0.012391 1.668989 0.142597
v 0.057136 1.646508 0.125199
v 0.060532 1.654631 0.118242
v 0.063393 1.676325 0.109309
v 0.033044 1.624443 0.142229
v 0.009605 1.620381 0.157207
v 0.061870 1.747809 0.008825
v 0.018970 1.774044 -0.007995
v 0.031183 1.771212 -0.007575
v 0.054447 1.722050 -0.018691
v 0.014950 1.737766 -0.042197
v 0.072635 1.673619 0.030772
v 0.029635 1.700221 -0.042595
v 0.011905 1.701321 -0.048237
v 0.071072 1.694572 0.060730
v 0.068848 1.665774 0.075343
v 0.071437 1.679831 0.061778
v 0.063045 1.629311 0.051563
v 0.063484 1.632313 0.044626
v 0.069615 1.656362 0.068950
v 0.080349 1.684866 0.047132
v 0.075021 1.634216 0.057218
v 0.078223 1.680110 0.053374
v 0.080350 1.684059 0.041579
v 0.081503 1.675086 0.032334
v 0.079436 1.658544 0.030570
v 0.080698 1.665275 0.029251
v 0.077250 1.632011 0.054538
v 0.071291 1.638958 0.060912
v 0.081016 1.680754 0.036550
v 0.071676 1.666537 0.061537
v 0.074192 1.676335 0.057696
v 0.073161 1.676341 0.058877
v 0.071673 1.670825 0.062493
v 0.075331 1.629101 0.050761
v 0.075411 1.631909 0.046986
v 0.077864 1.651587 0.032743
v 0.077440 1.641706 0.039057
v 0.072426 1.654539 0.060476
v 0.082457 1.682413 0.047765
v 0.078948 1.676013 0.054971
v 0.084002 1.681420 0.040326
v 0.085554 1.672655 0.033843
v 0.083230 1.660735 0.030174
v 0.072617 1.643329 0.058459
v 0.072971 1.660843 0.057307
v 0.076125 1.670575 0.058031
v 0.077912 1.632231 0.049939
v 0.079387 1.637385 0.043841
v 0.081311 1.651223 0.032814
v 0.080677 1.644660 0.037240
v 0.074562 1.652035 0.055844
v 0.081184 1.678053 0.047864
v 0.073882 1.641061 0.055146
v 0.078620 1.674482 0.052961
v 0.081749 1.678647 0.043239
v 0.082740 1.675524 0.038646
v 0.082890 1.655208 0.033559
v 0.082879 1.666492 0.034083
v 0.078453 1.636770 0.049433
v 0.077198 1.670131 0.055650
v 0.082757 1.652507 0.034370
v 0.080993 1.643885 0.040676
v 0.073275 1.652693 0.054042
v 0.077150 1.675225 0.047315
v 0.072621 1.643777 0.054991
v 0.074684 1.673061 0.051400
v 0.078562 1.677319 0.042470
v 0.080435 1.671636 0.039142
v 0.075050 1.640401 0.054313
v 0.070860 1.646451 0.055778
v 0.076133 1.666891 0.055192
v 0.077227 1.640894 0.049522
v 0.082200 1.654275 0.035384
v 0.078184 1.647061 0.044618
v 0.072424 1.656578 0.056406
v 0.070873 1.656139 0.054449
v 0.068596 1.645245 0.053822
v 0.082371 1.664566 0.040271
v 0.080931 1.655380 0.038936
v 0.073259 1.645111 0.051146
v 0.068318 1.647244 0.054817
v 0.072295 1.658634 0.053093
v 0.074359 1.664470 0.051290
v 0.075910 1.665607 0.056000
v 0.075168 1.644904 0.051996
v 0.074166 1.647534 0.045463
v 0.079381 1.650263 0.042644
v 0.073961 1.660919 0.053168
v 0.073947 1.656866 0.040242
v 0.067996 1.654287 0.051060
v 0.072851 1.650271 0.041820
v 0.068304 1.648383 0.046649
v 0.080974 1.660886 0.040348
v 0.078273 1.664271 0.045453
v 0.066891 1.650599 0.052338
v 0.077713 1.659178 0.040738
v 0.013594 1.766535 0.115668
v 0.082353 1.653258 0.039642
v 0.074908 1.664478 0.049636
v 0.073346 1.671122 0.050626
v 0.077529 1.647815 0.046485
v 0.073707 1.668737 0.052680
v 0.071943 1.658697 0.055175
v 0.078357 1.668010 0.045400
v 0.083121 1.655516 0.037634
v 0.083031 1.660370 0.037610
v 0.069985 1.659630 0.047631
v 0.079228 1.646605 0.040788
v 0.078149 1.677335 0.046815
v 0.073282 1.663095 0.050082
v 0.068722 1.650562 0.044336
v 0.071368 1.660079 0.042324
v 0.076446 1.663088 0.045872
v 0.067983 1.652412 0.047487
v 0.072097 1.655221 0.042009
v 0.080452 1.672283 0.037545
v 0.070557 1.660902 0.046971
v 0.070422 1.656536 0.045888
v 0.070187 1.655753 0.049207
v 0.070547 1.658844 0.043276
v 0.077922 1.644257 0.051282
v 0.081251 1.650970 0.039070
v 0.078192 1.668322 0.033998
v 0.075538 1.680902 0.046868
v 0.075907 1.656277 0.034233
v 0.077875 1.678392 0.038226
v 0.072537 1.632960 0.059957
v 0.073978 1.630347 0.056355
v 0.074033 1.640740 0.042814
v 0.073366 1.666138 0.033737
v 0.070716 1.654741 0.033995
v 0.069122 1.632641 0.061406
v 0.068297 1.634086 0.048696
v 0.070364 1.670271 0.068785
v 0.071905 1.681405 0.053517
v 0.069130 1.642296 0.040399
v 0.068719 1.630411 0.053063
v 0.075608 0.103864 0.150096
v 0.061485 0.104749 0.146861
v 0.060737 0.078731 0.147999
v 0.069843 0.077164 0.151498
v 0.055138 0.098910 0.142464
v 0.055841 0.081857 0.141992
v 0.074095 0.081574 0.155063
v 0.051869 0.091495 0.135566
v 0.079380 0.100557 0.149254
v 0.075591 0.077514 0.150236
v 0.078437 0.106059 0.136354
v 0.060394 0.107400 0.135263
v 0.078940 0.086705 0.151645
v 0.057081 0.076754 0.135714
v 0.079603 0.072688 0.144644
v 0.054700 0.100833 0.134381
v 0.081337 0.100096 0.144765
v 0.053781 0.082372 0.134360
v 0.098616 0.100201 0.169462
v 0.090119 0.101487 0.171989
v 0.084936 0.091462 0.167591
v 0.100558 0.087974 0.165847
v 0.089398 0.081649 0.165742
v 0.093193 0.081064 0.163425
v 0.087036 0.098294 0.169073
v 0.100401 0.093879 0.170335
v 0.086250 0.084188 0.163141
v 0.098559 0.100970 0.163478
v 0.089371 0.103213 0.163657
v 0.089057 0.081124 0.162590
v 0.100187 0.095750 0.164077
v 0.096400 0.082927 0.161028
v 0.088851 0.100826 0.157688
v 0.085093 0.092483 0.161350
v 0.098562 0.087345 0.158434
v 0.096131 0.099174 0.149822
v 0.083191 0.091568 0.156744
v 0.086884 0.077808 0.154948
v 0.091875 0.075949 0.151573
v 0.097787 0.094758 0.152531
v 0.083617 0.079866 0.156639
v 0.095955 0.079947 0.154657
v 0.096866 0.099611 0.172550
v 0.093168 0.051264 -0.057316
v 0.091924 0.101208 0.148550
v 0.094626 0.062196 -0.061046
v 0.087482 0.100482 0.150717
v 0.098064 0.100798 0.138187
v 0.087216 0.103058 0.138815
v 0.080993 0.089615 0.152256
v 0.098016 0.087617 0.151502
v 0.094822 0.077099 -0.064265
v 0.093850 0.076797 0.144995
v 0.083909 0.099510 0.145566
v 0.099358 0.097105 0.144735
v 0.080141 0.077238 0.149266
v 0.097040 0.080585 0.149732
v 0.106837 0.094124 0.178389
v 0.104522 0.092832 0.184928
v 0.114215 0.089875 0.183357
v 0.112605 0.094860 0.177719
v 0.113382 0.093157 0.185248
v 0.112209 0.093182 0.179663
v 0.101023 0.084844 0.176249
v 0.115295 0.083136 0.177009
v 0.106601 0.095818 0.174961
v 0.101568 0.086632 0.181994
v 0.115167 0.085417 0.181399
v 0.105270 0.088473 0.186473
v 0.106770 0.093262 0.187043
v 0.104874 0.078750 0.178236
v 0.104943 0.083666 0.184621
v 0.109458 0.083478 0.185956
v 0.111326 0.092807 0.187485
v 0.111161 0.077403 0.175437
v 0.111903 0.088745 0.186872
v 0.105778 0.093906 0.184538
v 0.113339 0.095841 0.168481
v 0.104896 0.077778 0.172296
v 0.105186 0.093557 0.181328
v 0.114683 0.092125 0.179512
v 0.102647 0.091845 0.177143
v 0.116188 0.088892 0.175880
v 0.101711 0.081679 0.175931
v 0.115257 0.095809 0.163889
v 0.105705 0.098209 0.163835
v 0.102120 0.086182 0.162693
v 0.115787 0.085736 0.162176
v 0.105518 0.079448 0.160424
v 0.110200 0.078836 0.160462
v 0.102864 0.091978 0.165583
v 0.116366 0.092218 0.163071
v 0.102666 0.082529 0.160969
v 0.113825 0.080486 0.163037
v 0.103221 0.092973 0.159130
v 0.107116 0.097614 0.155941
v 0.111717 0.095027 0.144726
v 0.106071 0.096631 0.146611
v 0.101808 0.085254 0.155635
v 0.114712 0.083492 0.150637
v 0.104819 0.075952 0.153129
v 0.108794 0.075176 0.150858
v 0.103271 0.093233 0.150231
v 0.113863 0.091282 0.148043
v 0.112601 0.077645 0.150697
v 0.101998 0.079677 0.154564
v 0.113629 0.094339 0.139137
v 0.104825 0.098843 0.137172
v 0.100511 0.087441 0.151309
v 0.115306 0.083588 0.145347
v 0.101180 0.072704 0.144621
v 0.109667 0.071458 0.141081
v 0.102291 0.095869 0.144193
v 0.101155 0.080050 0.149599
v 0.114696 0.077201 0.143386
v 0.119323 0.090113 0.165052
v 0.118495 0.087236 0.171878
v 0.127731 0.088088 0.169033
v 0.127513 0.088460 0.167020
v 0.119447 0.088895 0.171688
v 0.115809 0.082813 0.166299
v 0.129739 0.082842 0.168619
v 0.126998 0.090052 0.162639
v 0.120079 0.086827 0.173376
v 0.118805 0.074362 0.164395
v 0.119779 0.079221 0.172402
v 0.126144 0.078891 0.172190
v 0.126146 0.085645 0.173242
v 0.126118 0.074750 0.164315
v 0.123905 0.089194 0.167789
v 0.128585 0.078751 0.155063
v 0.125925 0.074845 0.155859
v 0.118953 0.089056 0.166949
v 0.116989 0.088026 0.164391
v 0.129642 0.086187 0.163313
v 0.126495 0.088309 0.171708
v 0.117481 0.081405 0.170650
v 0.128651 0.077851 0.162390
v 0.117929 0.076454 0.155543
v 0.128635 0.092045 0.150400
v 0.119559 0.094056 0.150027
v 0.116603 0.082634 0.153565
v 0.130456 0.082327 0.147396
v 0.119965 0.074958 0.151106
v 0.125497 0.074754 0.149867
v 0.118060 0.089067 0.154207
v 0.128680 0.087648 0.155489
v 0.117148 0.078037 0.150760
v 0.118128 0.089871 0.148133
v 0.129404 0.079081 0.148613
v 0.128003 0.091363 0.147346
v 0.120665 0.093132 0.146101
v 0.116738 0.081811 0.146473
v 0.117327 0.075088 0.146020
v 0.127000 0.090088 0.135939
v 0.120908 0.093084 0.138241
v 0.129649 0.080432 0.137297
v 0.118991 0.072324 0.144193
v 0.125094 0.072935 0.143926
v 0.129120 0.085349 0.138773
v 0.126945 0.071533 0.136702
v 0.127097 0.091019 0.156092
v 0.120358 0.092222 0.155787
v 0.123340 0.070857 0.142247
v 0.118176 0.091293 0.139474
v 0.125528 0.093667 0.129998
v 0.119819 0.093696 0.131100
v 0.115610 0.070189 0.139181
v 0.123441 0.068679 0.132132
v 0.129584 0.088703 0.131769
v 0.132713 0.085355 0.137323
v 0.143562 0.082903 0.131450
v 0.133301 0.072673 0.138128
v 0.141847 0.071615 0.131889
v 0.135901 0.089945 0.135866
v 0.141303 0.087587 0.132108
v 0.131888 0.079902 0.140194
v 0.144055 0.077262 0.133432
v 0.130688 0.070974 0.135338
v 0.143365 0.087332 0.121842
v 0.130388 0.079467 0.137236
v 0.145259 0.075484 0.126888
v 0.132042 0.088381 0.130567
v 0.146452 0.080915 0.121755
v 0.139758 0.068555 0.125518
v 0.134360 0.090404 0.125844
v 0.110058 0.098282 0.165693
v 0.072669 0.082577 0.191735
v 0.066658 0.074860 0.139986
v 0.072793 0.101504 0.175984
v 0.070506 0.111595 0.131120
v 0.070445 0.107030 0.147649
v 0.071737 0.104333 0.165454
v 0.075941 0.114184 0.102930
v 0.069626 0.111585 0.096428
v 0.103124 0.108724 0.104174
v 0.120440 0.097960 0.094671
v 0.113386 0.102916 0.101988
v 0.142397 0.082610 0.093662
v 0.132101 0.092325 0.079844
v 0.147258 0.074240 0.100714
v 0.147085 0.068140 0.096112
v 0.124984 0.095503 0.094595
v 0.084404 0.113202 0.106579
v 0.075420 0.116605 0.089496
v 0.100755 0.120563 0.075790
v 0.112257 0.110232 0.084351
v 0.136840 0.085581 0.067589
v 0.130161 0.095125 0.066772
v 0.124898 0.101270 0.072905
v 0.083273 0.119151 0.089168
v 0.092264 0.043605 -0.048095
v 0.077300 0.120837 0.058966
v 0.071652 0.115356 0.066773
v 0.091153 0.121210 0.078949
v 0.096985 0.040891 -0.040318
v 0.114475 0.119571 0.057567
v 0.134571 0.087981 0.044060
v 0.123772 0.109720 0.048913
v 0.133690 0.078181 0.028385
v 0.110241 0.120441 0.064360
v 0.086400 0.123574 0.068185
v 0.097996 0.130892 0.050311
v 0.092135 0.132755 0.047953
v 0.119212 0.124155 0.037429
v 0.110727 0.127216 0.045068
v 0.130551 0.096965 -0.014215
v 0.130994 0.108741 -0.028836
v 0.129591 0.114894 0.018798
v 0.135244 0.083076 0.038265
v 0.124706 0.128224 0.020310
v 0.085203 0.131762 0.041912
v 0.078049 0.123311 0.045260
v 0.057853 0.098927 0.105708
v 0.053324 0.075867 0.110725
v 0.054450 0.088840 0.108128
v 0.064771 0.106095 0.090111
v 0.059318 0.101623 0.093150
v 0.061031 0.080550 0.092457
v 0.057504 0.089004 0.091914
v 0.063831 0.103339 0.078012
v 0.068175 0.084997 0.068260
v 0.064408 0.093960 0.070037
v 0.065677 0.099398 0.051485
v 0.068544 0.081207 0.047567
v 0.143414 0.060971 0.100289
v 0.122199 0.058647 0.103384
v 0.137406 0.058735 0.100857
v 0.128090 0.057624 0.102445
v 0.125754 0.055966 0.080509
v 0.136944 0.060057 0.076895
v 0.128225 0.055600 0.046949
v 0.135975 0.065103 0.049243
v 0.133699 0.060435 0.043048
v 0.132046 0.066231 0.027755
v 0.124316 0.053381 0.016416
v 0.128227 0.058176 0.019590
v 0.069349 0.066229 0.115427
v 0.080303 0.065186 0.116747
v 0.088380 0.065641 0.115761
v 0.096141 0.065522 0.113451
v 0.110985 0.061595 0.105170
v 0.114869 0.062326 0.118451
v 0.059537 0.070170 0.113336
v 0.133164 0.127254 -0.019432
v 0.091601 0.066519 0.063259
v 0.113468 0.054377 0.050975
v 0.072785 0.076734 0.066531
v 0.077826 0.072304 0.090702
v 0.086664 0.069033 0.090874
v 0.095587 0.067041 0.089776
v 0.102504 0.064926 0.087047
v 0.116756 0.057998 0.083260
v 0.066604 0.075484 0.090759
v 0.114815 0.044897 -0.022406
v 0.118245 0.050192 -0.026439
v 0.066034 0.057476 -0.037787
v 0.067132 0.048095 -0.032844
v 0.071205 0.044417 -0.026168
v 0.065755 0.080772 -0.008455
v 0.063849 0.056519 -0.010239
v 0.071007 0.049845 -0.003576
v 0.067279 0.074365 0.016689
v 0.067917 0.065781 0.013163
v 0.076812 0.050440 -0.053933
v 0.100774 0.043685 -0.044951
v 0.102407 0.050359 -0.051809
v 0.080449 0.040153 -0.031792
v 0.078284 0.044059 -0.045215
v 0.110749 0.046768 -0.037409
v 0.113288 0.052571 -0.039164
v 0.109181 0.042661 -0.027728
v 0.069702 0.110659 0.046696
v 0.066915 0.103270 0.046878
v 0.107362 0.074504 -0.056256
v 0.109651 0.110601 -0.047667
v 0.107621 0.098216 -0.054937
v 0.104660 0.060723 -0.054977
v 0.116087 0.068821 -0.040092
v 0.079262 0.158334 -0.005162
v 0.118568 0.094315 -0.036200
v 0.122315 0.076254 -0.026130
v 0.002427 0.899662 0.027503
v 0.077372 0.144152 0.001458
v 0.065862 0.096489 0.018852
v 0.066824 0.104888 0.011038
v 0.070564 0.121471 0.006861
v 0.072274 0.128016 -0.013476
v 0.067706 0.095869 -0.008853
v 0.075010 0.127735 -0.030409
v 0.075234 0.113212 -0.031659
v 0.067410 0.068417 -0.040024
v 0.070666 0.082108 -0.037327
v 0.073828 0.096771 -0.033984
v 0.095340 0.104184 -0.062426
v 0.080355 0.089188 -0.053672
v 0.076958 0.076405 -0.056457
v 0.075203 0.063857 -0.057086
v 0.083454 0.105320 -0.052324
v 0.086492 0.120439 -0.049411
v 0.099124 0.129917 -0.058850
v 0.084814 0.160013 0.013112
v 0.129520 0.140002 -0.029679
v 0.097283 0.147924 -0.057435
v 0.089306 0.136045 -0.047148
v 0.078869 0.155544 -0.019682
v 0.114123 0.134700 0.030339
v 0.096874 0.140546 0.038399
v 0.131536 0.101873 0.001906
v 0.076245 0.142730 -0.014339
v 0.122213 0.132936 -0.036362
v 0.131483 0.087359 0.002840
v 0.087758 0.145191 0.027366
v 0.092376 0.143928 0.034540
v 0.105194 0.137483 0.036738
v 0.079390 0.139285 -0.032434
v 0.133035 0.101415 0.020061
v 0.125616 0.093426 -0.025617
v 0.004738 0.894325 0.027200
v 0.004526 0.836498 0.018961
v 0.003942 0.788080 0.020914
v 0.007286 0.741459 0.018222
v 0.017957 0.682176 0.011052
v 0.024182 0.652650 0.007973
v 0.030152 0.626558 0.006810
v 0.036090 0.602295 0.004990
v 0.041467 0.579511 0.002322
v 0.045918 0.557864 -0.002792
v 0.052134 0.534225 -0.013764
v 0.055743 0.511041 -0.018326
v 0.055608 0.487283 -0.018778
v 0.048725 0.418786 -0.019038
v 0.049706 0.373194 -0.019260
v 0.056738 0.324390 -0.018216
v 0.069708 0.259155 -0.015905
v 0.116271 0.045290 -0.010275
v 0.120458 0.050020 -0.013138
v 0.066340 0.094101 0.043086
v 0.070034 0.114364 0.025703
v 0.080049 0.141532 0.012414
v 0.074299 0.123784 0.024167
v 0.135446 0.090197 0.021424
v 0.120532 0.055959 0.063271
v 0.125643 0.072488 -0.011736
v 0.130901 0.094956 0.043463
v 0.124198 0.056338 -0.009465
v 0.117544 0.050861 0.021599
v 0.107335 0.051092 0.026161
v 0.072506 0.072070 0.045929
v 0.097145 0.040080 -0.030999
v 0.075350 0.043104 -0.014379
v 0.071947 0.062608 0.020740
v 0.088956 0.042189 -0.009883
v 0.080895 0.045191 -0.001873
v 0.101585 0.041415 -0.013032
v 0.113257 0.046006 0.002670
v 0.081143 0.055900 0.020746
v 0.093066 0.098955 0.180218
v 0.108926 0.090263 0.188300
v 0.122704 0.073871 0.151346
v 0.122587 0.074278 0.157178
v 0.123774 0.092807 0.155851
v 0.124446 0.094371 0.148974
v 0.109138 0.097081 0.144328
v 0.124190 0.092864 0.136995
v 0.110046 0.098757 0.158042
v 0.094357 0.103134 0.162711
v 0.094000 0.102683 0.169536
v 0.094077 0.096244 0.187883
v 0.132209 0.068385 0.128468
v 0.134916 0.069609 0.133648
v 0.093942 0.095431 0.194680
v 0.089405 0.071556 0.139360
v 0.123374 0.091094 0.165497
v 0.138324 0.090425 0.136089
v 0.136863 0.071578 0.136450
v 0.133605 0.083934 0.154540
v 0.132273 0.083082 0.158607
v 0.140490 0.082791 0.160049
v 0.140758 0.083700 0.153227
v 0.129726 0.080214 0.153457
v 0.143262 0.080158 0.149854
v 0.140582 0.085663 0.151219
v 0.131760 0.083862 0.154397
v 0.130857 0.079384 0.157816
v 0.142385 0.078255 0.156505
v 0.133489 0.082094 0.162003
v 0.134310 0.083786 0.160606
v 0.133284 0.072244 0.151549
v 0.134736 0.075418 0.159983
v 0.140703 0.076089 0.158178
v 0.141176 0.073515 0.151521
v 0.137503 0.080853 0.163059
v 0.134189 0.087283 0.149894
v 0.141743 0.083639 0.152977
v 0.139441 0.083926 0.156011
v 0.130537 0.083627 0.152322
v 0.143235 0.076230 0.150999
v 0.134619 0.088906 0.147534
v 0.132974 0.071597 0.144269
v 0.141093 0.074745 0.142579
v 0.132049 0.085689 0.145577
v 0.142303 0.084785 0.148239
v 0.130749 0.076087 0.150737
v 0.141767 0.088312 0.145928
v 0.134236 0.089324 0.143466
v 0.144742 0.080932 0.143499
v 0.131874 0.076337 0.142897
v 0.144419 0.077365 0.143686
v 0.142394 0.087892 0.142740
v 0.134092 0.072906 0.141786
v 0.136815 0.071960 0.142905
v 0.136588 0.070991 0.150606
v 0.136856 0.086561 0.152131
v 0.139291 0.090844 0.121354
v 0.054533 0.088544 0.120467
v 0.059534 0.100385 0.115364
v 0.146494 0.068043 0.107085
v 0.142241 0.082472 0.104969
v 0.068809 0.108824 0.116680
v 0.077096 0.110892 0.117499
v 0.089670 0.106577 0.119449
v 0.105197 0.101530 0.118075
v 0.116648 0.097418 0.113211
v 0.125151 0.092604 0.106631
v 0.131140 0.060045 0.112975
v 0.052568 0.077766 0.123140
v 0.056011 0.072118 0.125219
v 0.067014 0.068335 0.127279
v 0.077194 0.067277 0.128761
v 0.086317 0.067315 0.128632
v 0.121363 0.062743 0.116851
v 0.108312 0.065576 0.120575
v 0.133094 0.089655 0.103402
v 0.077651 0.048997 0.004458
v 0.052964 0.781738 0.088904
v 0.109093 0.790238 -0.066475
v 0.152907 0.795953 -0.040015
v 0.160998 0.797682 0.074883
v 0.143174 0.794848 0.093156
v 0.115271 0.791209 0.104552
v 0.083552 0.786556 0.105883
v 0.041718 1.677207 0.136153
v 0.021323 1.673753 0.139448
v -0.030294 2.084774 0.018940
v 0.000000 1.848027 0.016928
v 0.000000 1.842839 -0.001930
v 0.000000 1.834367 -0.019624
v -0.027507 2.084774 0.014391
v 0.000000 1.808695 -0.049421
v -0.024042 2.084774 0.010334
v 0.000000 1.774107 -0.068869
v 0.000000 1.754744 -0.073922
v 0.000000 1.734774 -0.075624
v -0.019985 2.084774 0.006870
v 0.014524 2.029774 -0.010324
v 0.021338 2.029774 -0.007501
v 0.027626 2.029774 -0.003648
v -0.015436 2.084774 0.004082
v -0.010507 2.084774 0.002040
v -0.005319 2.084774 0.000795
v 0.033234 2.029774 0.001142
v 0.000000 2.084774 0.000376
v 0.005319 2.084774 0.000795
v 0.003015 1.848027 0.017223
v 0.005939 1.842839 -0.001348
v 0.008682 1.834367 -0.018773
v 0.011162 1.822869 -0.034522
v 0.013302 1.808695 -0.048117
v 0.015038 1.792274 -0.059145
v 0.016318 1.774107 -0.067271
v 0.017101 1.754744 -0.072247
v 0.017365 1.734774 -0.073922
v 0.038024 2.029774 0.006750
v 0.041877 2.029774 0.013039
v 0.044700 2.029774 0.019852
v 0.046421 2.029774 0.027024
v 0.047000 2.029774 0.034376
v 0.057286 1.979774 0.043449
v 0.055161 1.979774 0.052299
v 0.051678 1.979774 0.060708
v 0.010507 2.084774 0.002040
v 0.015436 2.084774 0.004082
v 0.005939 1.848027 0.018100
v 0.011698 1.842839 0.000380
v 0.017101 1.834367 -0.016247
v 0.021985 1.822869 -0.031274
v 0.026200 1.808695 -0.044247
v 0.029620 1.792274 -0.054769
v 0.032139 1.774107 -0.062522
v 0.033682 1.754744 -0.067271
v 0.034202 1.734774 -0.068869
v 0.046923 1.979774 0.068468
v 0.041012 1.979774 0.075388
v 0.034092 1.979774 0.081299
v 0.026331 1.979774 0.086054
v 0.017923 1.979774 0.089537
v 0.009073 1.979774 0.091662
v -0.000000 1.979774 0.092376
v -0.009073 1.979774 0.091662
v 0.019985 2.084774 0.006870
v 0.024042 2.084774 0.010334
v 0.008682 1.848027 0.019533
v 0.017101 1.842839 0.003202
v 0.025000 1.834367 -0.012121
v 0.032139 1.822869 -0.025971
v 0.038302 1.808695 -0.037926
v 0.043301 1.792274 -0.047624
v 0.046985 1.774107 -0.054769
v 0.049240 1.754744 -0.059145
v 0.050000 1.734774 -0.060619
v -0.017923 1.979774 0.089537
v -0.026331 1.979774 0.086054
v -0.034092 1.979774 0.081299
v -0.041012 1.979774 0.075388
v -0.046923 1.979774 0.068468
v -0.051678 1.979774 0.060708
v -0.055161 1.979774 0.052299
v -0.057286 1.979774 0.043449
v 0.027507 2.084774 0.014391
v 0.030294 2.084774 0.018940
v 0.011162 1.848027 0.021478
v 0.021985 1.842839 0.007032
v 0.032139 1.834367 -0.006522
v 0.041318 1.822869 -0.018773
v 0.049240 1.808695 -0.029348
v 0.055667 1.792274 -0.037926
v 0.060402 1.774107 -0.044247
v 0.063302 1.754744 -0.048117
v 0.064279 1.734774 -0.049421
v -0.058000 1.979774 0.034376
v -0.057286 1.979774 0.025303
v -0.055161 1.979774 0.016453
v -0.051678 1.979774 0.008045
v -0.046923 1.979774 0.000285
v -0.041012 1.979774 -0.006636
v -0.034092 1.979774 -0.012547
v -0.026331 1.979774 -0.017302
v 0.032336 2.084774 0.023870
v 0.033581 2.084774 0.029057
v 0.013302 1.848027 0.023875
v 0.026200 1.842839 0.011753
v 0.038302 1.834367 0.000380
v 0.049240 1.822869 -0.009900
v 0.058682 1.808695 -0.018773
v 0.066341 1.792274 -0.025971
v 0.071985 1.774107 -0.031274
v 0.075441 1.754744 -0.034522
v 0.076604 1.734774 -0.035616
v -0.017923 1.979774 -0.020785
v -0.009073 1.979774 -0.022910
v 0.000000 1.979774 -0.023624
v 0.009073 1.979774 -0.022910
v 0.017923 1.979774 -0.020785
v 0.026331 1.979774 -0.017302
v 0.034092 1.979774 -0.012547
v 0.041012 1.979774 -0.006636
v 0.034000 2.084774 0.034376
v 0.029631 2.069774 0.039069
v 0.015038 1.848027 0.026652
v 0.029620 1.842839 0.017223
v 0.043301 1.834367 0.008376
v 0.055667 1.822869 0.000380
v 0.066341 1.808695 -0.006522
v 0.075000 1.792274 -0.012121
v 0.081380 1.774107 -0.016247
v 0.085287 1.754744 -0.018773
v 0.086603 1.734774 -0.019624
v 0.046923 1.979774 0.000285
v 0.051678 1.979774 0.008045
v 0.055161 1.979774 0.016453
v 0.057286 1.979774 0.025303
v 0.058000 1.979774 0.034376
v 0.061237 1.929774 0.044075
v 0.058966 1.929774 0.053535
v 0.055242 1.929774 0.062524
v 0.050159 1.929774 0.070819
v 0.000000 1.849774 0.036376
v 0.016318 1.848027 0.029724
v 0.032139 1.842839 0.023275
v 0.046985 1.834367 0.017223
v 0.060402 1.822869 0.011753
v 0.071985 1.808695 0.007032
v 0.081380 1.792274 0.003202
v 0.088302 1.774107 0.000380
v 0.092542 1.754744 -0.001348
v 0.093969 1.734774 -0.001930
v 0.043841 1.929774 0.078217
v 0.036443 1.929774 0.084535
v 0.028147 1.929774 0.089619
v 0.019159 1.929774 0.093342
v 0.009699 1.929774 0.095613
v -0.000000 1.929774 0.096376
v -0.009699 1.929774 0.095613
v -0.019159 1.929774 0.093342
v 0.028532 2.069774 0.043647
v 0.026730 2.069774 0.047996
v 0.017101 1.848027 0.032999
v 0.033682 1.842839 0.029724
v 0.049240 1.834367 0.026652
v 0.063302 1.822869 0.023875
v 0.075441 1.808695 0.021478
v 0.085287 1.792274 0.019533
v 0.092542 1.774107 0.018100
v 0.096985 1.754744 0.017223
v 0.098481 1.734774 0.016928
v -0.028147 1.929774 0.089619
v -0.036443 1.929774 0.084535
v -0.043841 1.929774 0.078217
v -0.050159 1.929774 0.070819
v -0.055242 1.929774 0.062524
v -0.058966 1.929774 0.053535
v -0.061237 1.929774 0.044075
v -0.062000 1.929774 0.034376
v 0.024271 2.069774 0.052010
v 0.021213 2.069774 0.055589
v 0.017365 1.848027 0.036376
v 0.034202 1.842839 0.036376
v 0.050000 1.834367 0.036376
v 0.064279 1.822869 0.036376
v 0.076604 1.808695 0.036376
v 0.086603 1.792274 0.036376
v 0.093969 1.774107 0.036376
v 0.098481 1.754744 0.036376
v 0.100000 1.734774 0.036376
v -0.061237 1.929774 0.024677
v -0.058966 1.929774 0.015217
v -0.055242 1.929774 0.006229
v -0.050159 1.929774 -0.002067
v -0.043841 1.929774 -0.009465
v -0.036443 1.929774 -0.015783
v -0.028147 1.929774 -0.020866
v -0.019159 1.929774 -0.024589
v 0.017634 2.069774 0.058647
v 0.013620 2.069774 0.061106
v 0.017101 1.848027 0.039753
v 0.033682 1.842839 0.043028
v 0.049240 1.834367 0.046100
v 0.063302 1.822869 0.048877
v 0.075441 1.808695 0.051275
v 0.085287 1.792274 0.053219
v 0.092542 1.774107 0.054652
v 0.096985 1.754744 0.055529
v 0.098481 1.734774 0.055825
v -0.009699 1.929774 -0.026861
v 0.000000 1.929774 -0.027624
v 0.009699 1.929774 -0.026861
v 0.019159 1.929774 -0.024589
v 0.028147 1.929774 -0.020866
v 0.036443 1.929774 -0.015783
v 0.043841 1.929774 -0.009465
v 0.050159 1.929774 -0.002067
v 0.009271 2.069774 0.062908
v 0.004693 2.069774 0.064007
v 0.016318 1.848027 0.043028
v 0.032139 1.842839 0.049478
v 0.046985 1.834367 0.055529
v 0.060402 1.822869 0.060999
v 0.071985 1.808695 0.065720
v 0.081380 1.792274 0.069550
v 0.088302 1.774107 0.072372
v 0.092542 1.754744 0.074100
v 0.093969 1.734774 0.074682
v 0.055242 1.929774 0.006229
v 0.058966 1.929774 0.015217
v 0.061237 1.929774 0.024677
v 0.062000 1.929774 0.034376
v 0.059261 1.871774 0.043762
v 0.057063 1.871774 0.052917
v 0.053460 1.871774 0.061616
v 0.048541 1.871774 0.069643
v -0.000000 2.069774 0.064376
v -0.004693 2.069774 0.064007
v 0.015038 1.848027 0.046100
v 0.029620 1.842839 0.055529
v 0.043301 1.834367 0.064376
v 0.055667 1.822869 0.072372
v 0.066341 1.808695 0.079275
v 0.075000 1.792274 0.084874
v 0.081380 1.774107 0.088999
v 0.085287 1.754744 0.091525
v 0.086603 1.734774 0.092376
v 0.042426 1.871774 0.076803
v 0.035267 1.871774 0.082917
v 0.027239 1.871774 0.087836
v 0.018541 1.871774 0.091439
v 0.009386 1.871774 0.093637
v -0.000000 1.871774 0.094376
v -0.009386 1.871774 0.093637
v -0.018541 1.871774 0.091439
v -0.009271 2.069774 0.062908
v -0.013620 2.069774 0.061106
v 0.013302 1.848027 0.048877
v 0.026200 1.842839 0.060999
v 0.038302 1.834367 0.072372
v 0.049240 1.822869 0.082652
v 0.058682 1.808695 0.091525
v 0.066341 1.792274 0.098723
v 0.071985 1.774107 0.104027
v 0.075441 1.754744 0.107275
v 0.076604 1.734774 0.108368
v -0.027239 1.871774 0.087836
v -0.035267 1.871774 0.082917
v -0.042426 1.871774 0.076803
v -0.048541 1.871774 0.069643
v -0.053460 1.871774 0.061616
v -0.057063 1.871774 0.052917
v -0.059261 1.871774 0.043762
v -0.060000 1.871774 0.034376
v -0.017634 2.069774 0.058647
v -0.021213 2.069774 0.055589
v 0.011162 1.848027 0.051275
v 0.021985 1.842839 0.065720
v 0.032139 1.834367 0.079275
v 0.041318 1.822869 0.091525
v 0.049240 1.808695 0.102100
v 0.055667 1.792274 0.110678
v 0.060402 1.774107 0.116999
v 0.063302 1.754744 0.120870
v 0.064279 1.734774 0.122173
v -0.059261 1.871774 0.024990
v -0.057063 1.871774 0.015835
v -0.053460 1.871774 0.007137
v -0.048541 1.871774 -0.000891
v -0.042426 1.871774 -0.008050
v -0.035267 1.871774 -0.014165
v -0.027239 1.871774 -0.019084
v -0.018541 1.871774 -0.022687
v -0.024271 2.069774 0.052010
v -0.026730 2.069774 0.047996
v 0.008682 1.848027 0.053219
v 0.017101 1.842839 0.069550
v 0.025000 1.834367 0.084874
v 0.032139 1.822869 0.098723
v 0.038302 1.808695 0.110678
v 0.043301 1.792274 0.120376
v 0.046985 1.774107 0.127521
v 0.049240 1.754744 0.131897
v 0.050000 1.734774 0.133371
v -0.009386 1.871774 -0.024885
v 0.000000 1.871774 -0.025624
v 0.009386 1.871774 -0.024885
v 0.018541 1.871774 -0.022687
v 0.027239 1.871774 -0.019084
v 0.035267 1.871774 -0.014165
v 0.042426 1.871774 -0.008050
v 0.048541 1.871774 -0.000891
v -0.028532 2.069774 0.043647
v -0.029631 2.069774 0.039069
v 0.005939 1.848027 0.054652
v 0.011698 1.842839 0.072372
v 0.017101 1.834367 0.088999
v 0.021985 1.822869 0.104027
v 0.026200 1.808695 0.116999
v 0.029620 1.792274 0.127521
v 0.032139 1.774107 0.135275
v 0.033682 1.754744 0.140023
v 0.034202 1.734774 0.141622
v 0.053460 1.871774 0.007137
v 0.057063 1.871774 0.015835
v 0.059261 1.871774 0.024990
v 0.060000 1.871774 0.034376
v 0.079015 1.869774 0.046891
v 0.076085 1.869774 0.059097
v 0.071281 1.869774 0.070695
v 0.064721 1.869774 0.081399
v -0.030000 2.069774 0.034376
v -0.029631 2.069774 0.029683
v 0.003015 1.848027 0.055529
v 0.005939 1.842839 0.074100
v 0.008682 1.834367 0.091525
v 0.011162 1.822869 0.107275
v 0.013302 1.808695 0.120870
v 0.015038 1.792274 0.131897
v 0.016318 1.774107 0.140023
v 0.017101 1.754744 0.144999
v 0.017365 1.734774 0.146675
v 0.056569 1.869774 0.090945
v 0.047023 1.869774 0.099097
v 0.036319 1.869774 0.105657
v 0.024721 1.869774 0.110461
v 0.012515 1.869774 0.113391
v -0.000000 1.869774 0.114376
v -0.012515 1.869774 0.113391
v -0.024721 1.869774 0.110461
v -0.028532 2.069774 0.025106
v -0.026730 2.069774 0.020756
v -0.000000 1.848027 0.055825
v -0.000000 1.842839 0.074682
v -0.000000 1.834367 0.092376
v 0.000000 1.822869 0.108368
v -0.000000 1.808695 0.122173
v -0.000000 1.792274 0.133371
v -0.000000 1.774107 0.141622
v -0.000000 1.754744 0.146675
v -0.000000 1.734774 0.148376
v -0.036319 1.869774 0.105657
v -0.047023 1.869774 0.099097
v -0.056569 1.869774 0.090945
v -0.064721 1.869774 0.081399
v -0.071281 1.869774 0.070695
v -0.076085 1.869774 0.059097
v -0.079015 1.869774 0.046891
v -0.080000 1.869774 0.034376
v -0.024271 2.069774 0.016743
v -0.021213 2.069774 0.013163
v -0.003015 1.848027 0.055529
v -0.005939 1.842839 0.074100
v -0.008682 1.834367 0.091525
v -0.011162 1.822869 0.107275
v -0.013302 1.808695 0.120870
v -0.015038 1.792274 0.131897
v -0.016318 1.774107 0.140023
v -0.017101 1.754744 0.144999
v -0.017365 1.734774 0.146675
v -0.079015 1.869774 0.021861
v -0.076085 1.869774 0.009655
v -0.071281 1.869774 -0.001943
v -0.064721 1.869774 -0.012647
v -0.056569 1.869774 -0.022192
v -0.047023 1.869774 -0.030345
v -0.036319 1.869774 -0.036904
v -0.024721 1.869774 -0.041708
v -0.017634 2.069774 0.010106
v -0.013620 2.069774 0.007646
v -0.005939 1.848027 0.054652
v -0.011698 1.842839 0.072372
v -0.017101 1.834367 0.088999
v -0.021985 1.822869 0.104027
v -0.026200 1.808695 0.116999
v -0.029620 1.792274 0.127521
v -0.032139 1.774107 0.135275
v -0.033682 1.754744 0.140023
v -0.034202 1.734774 0.141622
v -0.012515 1.869774 -0.044639
v 0.000000 1.869774 -0.045624
v 0.012515 1.869774 -0.044639
v 0.024721 1.869774 -0.041708
v 0.036319 1.869774 -0.036904
v 0.047023 1.869774 -0.030345
v 0.056569 1.869774 -0.022192
v 0.064721 1.869774 -0.012647
v -0.009271 2.069774 0.005844
v -0.004693 2.069774 0.004745
v -0.008682 1.848027 0.053219
v -0.017101 1.842839 0.069550
v -0.025000 1.834367 0.084874
v -0.032139 1.822869 0.098723
v -0.038302 1.808695 0.110678
v -0.043301 1.792274 0.120376
v -0.046985 1.774107 0.127521
v -0.049240 1.754744 0.131897
v -0.050000 1.734774 0.133371
v 0.071281 1.869774 -0.001943
v 0.076085 1.869774 0.009655
v 0.079015 1.869774 0.021861
v 0.080000 1.869774 0.034376
v 0.086917 1.864774 0.048142
v 0.083693 1.864774 0.061570
v 0.078409 1.864774 0.074327
v 0.071193 1.864774 0.086101
v 0.000000 2.069774 0.004376
v 0.004693 2.069774 0.004745
v -0.011162 1.848027 0.051275
v -0.021985 1.842839 0.065720
v -0.032139 1.834367 0.079275
v -0.041318 1.822869 0.091525
v -0.049240 1.808695 0.102100
v -0.055667 1.792274 0.110678
v -0.060402 1.774107 0.116999
v -0.063302 1.754744 0.120870
v -0.064279 1.734774 0.122173
v 0.062225 1.864774 0.096602
v 0.051725 1.864774 0.105570
v 0.039951 1.864774 0.112785
v 0.027193 1.864774 0.118069
v 0.013766 1.864774 0.121293
v -0.000000 1.864774 0.122376
v -0.013766 1.864774 0.121293
v -0.027193 1.864774 0.118069
v 0.009271 2.069774 0.005844
v 0.013620 2.069774 0.007646
v -0.013302 1.848027 0.048877
v -0.026200 1.842839 0.060999
v -0.038302 1.834367 0.072372
v -0.049240 1.822869 0.082652
v -0.058682 1.808695 0.091525
v -0.066341 1.792274 0.098723
v -0.071985 1.774107 0.104027
v -0.075441 1.754744 0.107275
v -0.076604 1.734774 0.108368
v -0.039951 1.864774 0.112785
v -0.051725 1.864774 0.105570
v -0.062225 1.864774 0.096602
v -0.071193 1.864774 0.086101
v -0.078409 1.864774 0.074327
v -0.083693 1.864774 0.061570
v -0.086917 1.864774 0.048142
v -0.088000 1.864774 0.034376
v 0.017634 2.069774 0.010106
v 0.021213 2.069774 0.013163
v -0.015038 1.848027 0.046100
v -0.029620 1.842839 0.055529
v -0.043301 1.834367 0.064376
v -0.055667 1.822869 0.072372
v -0.066341 1.808695 0.079275
v -0.075000 1.792274 0.084873
v -0.081380 1.774107 0.088999
v -0.085287 1.754744 0.091525
v -0.086602 1.734774 0.092376
v -0.086917 1.864774 0.020610
v -0.083693 1.864774 0.007183
v -0.078409 1.864774 -0.005575
v -0.071193 1.864774 -0.017349
v -0.062225 1.864774 -0.027849
v -0.051725 1.864774 -0.036817
v -0.039951 1.864774 -0.044032
v -0.027193 1.864774 -0.049317
v 0.024271 2.069774 0.016743
v 0.026730 2.069774 0.020756
v -0.016318 1.848027 0.043028
v -0.032139 1.842839 0.049478
v -0.046985 1.834367 0.055529
v -0.060402 1.822869 0.060999
v -0.071985 1.808695 0.065720
v -0.081380 1.792274 0.069550
v -0.088302 1.774107 0.072372
v -0.092542 1.754744 0.074100
v -0.093969 1.734774 0.074682
v -0.013766 1.864774 -0.052540
v 0.000000 1.864774 -0.053624
v 0.013766 1.864774 -0.052540
v 0.027193 1.864774 -0.049317
v 0.039951 1.864774 -0.044032
v 0.051725 1.864774 -0.036817
v 0.062225 1.864774 -0.027849
v 0.071193 1.864774 -0.017349
v 0.028532 2.069774 0.025106
v 0.029631 2.069774 0.029683
v -0.017101 1.848027 0.039753
v -0.033682 1.842839 0.043028
v -0.049240 1.834367 0.046100
v -0.063302 1.822869 0.048877
v -0.075441 1.808695 0.051275
v -0.085287 1.792274 0.053219
v -0.092542 1.774107 0.054652
v -0.096985 1.754744 0.055529
v -0.098481 1.734774 0.055825
v 0.078409 1.864774 -0.005575
v 0.083693 1.864774 0.007183
v 0.086917 1.864774 0.020610
v 0.088000 1.864774 0.034376
v 0.083954 1.809774 0.047673
v 0.080840 1.809774 0.060643
v 0.075736 1.809774 0.072965
v 0.068766 1.809774 0.084338
v 0.030000 2.069774 0.034376
v 0.046421 2.029774 0.041729
v -0.017365 1.848027 0.036376
v -0.034202 1.842839 0.036376
v -0.050000 1.834367 0.036376
v -0.064279 1.822869 0.036376
v -0.076604 1.808695 0.036376
v -0.086602 1.792274 0.036376
v -0.093969 1.774107 0.036376
v -0.098481 1.754744 0.036376
v -0.100000 1.734774 0.036376
v 0.060104 1.809774 0.094480
v 0.049962 1.809774 0.103143
v 0.038589 1.809774 0.110112
v 0.026266 1.809774 0.115216
v 0.013297 1.809774 0.118330
v -0.000000 1.809774 0.119376
v -0.013297 1.809774 0.118330
v -0.026266 1.809774 0.115216
v 0.044700 2.029774 0.048900
v 0.041877 2.029774 0.055714
v -0.017101 1.848027 0.032999
v -0.033682 1.842839 0.029724
v -0.049240 1.834367 0.026652
v -0.063302 1.822869 0.023875
v -0.075441 1.808695 0.021478
v -0.085287 1.792274 0.019533
v -0.092542 1.774107 0.018100
v -0.096985 1.754744 0.017223
v -0.098481 1.734774 0.016928
v -0.038589 1.809774 0.110112
v -0.049962 1.809774 0.103143
v -0.060104 1.809774 0.094480
v -0.068766 1.809774 0.084338
v -0.075736 1.809774 0.072965
v -0.080840 1.809774 0.060643
v -0.083954 1.809774 0.047673
v -0.085000 1.809774 0.034376
v 0.038024 2.029774 0.062002
v 0.033234 2.029774 0.067610
v -0.016318 1.848027 0.029724
v -0.032139 1.842839 0.023275
v -0.046985 1.834367 0.017223
v -0.060402 1.822869 0.011753
v -0.071985 1.808695 0.007032
v -0.081380 1.792274 0.003202
v -0.088302 1.774107 0.000380
v -0.092542 1.754744 -0.001348
v -0.093969 1.734774 -0.001930
v -0.083954 1.809774 0.021079
v -0.080840 1.809774 0.008110
v -0.075736 1.809774 -0.004213
v -0.068766 1.809774 -0.015586
v -0.060104 1.809774 -0.025728
v -0.049962 1.809774 -0.034390
v -0.038589 1.809774 -0.041359
v -0.026266 1.809774 -0.046464
v 0.027626 2.029774 0.072400
v 0.021338 2.029774 0.076253
v -0.015038 1.848027 0.026652
v -0.029620 1.842839 0.017223
v -0.043301 1.834367 0.008376
v -0.055667 1.822869 0.000380
v -0.066341 1.808695 -0.006522
v -0.075000 1.792274 -0.012121
v -0.081380 1.774107 -0.016247
v -0.085287 1.754744 -0.018773
v -0.086602 1.734774 -0.019624
v -0.013297 1.809774 -0.049577
v 0.000000 1.809774 -0.050624
v 0.013297 1.809774 -0.049577
v 0.026266 1.809774 -0.046464
v 0.038589 1.809774 -0.041359
v 0.049962 1.809774 -0.034390
v 0.060104 1.809774 -0.025728
v 0.068766 1.809774 -0.015586
v 0.014524 2.029774 0.079076
v 0.007352 2.029774 0.080797
v -0.013302 1.848027 0.023875
v -0.026200 1.842839 0.011753
v -0.038302 1.834367 0.000380
v -0.049240 1.822869 -0.009900
v -0.058682 1.808695 -0.018773
v -0.066341 1.792274 -0.025971
v -0.071985 1.774107 -0.031274
v -0.075441 1.754744 -0.034522
v -0.076604 1.734774 -0.035616
v 0.075736 1.809774 -0.004213
v 0.080840 1.809774 0.008110
v 0.083954 1.809774 0.021079
v 0.085000 1.809774 0.034376
v 0.070000 1.739774 -0.058124
v 0.100000 1.390503 -0.065624
v 0.070000 1.739774 -0.023124
v 0.100000 1.390503 -0.015624
v -0.000000 2.029774 0.081376
v -0.007352 2.029774 0.080797
v -0.011162 1.848027 0.021478
v -0.021985 1.842839 0.007032
v -0.032139 1.834367 -0.006522
v -0.041318 1.822869 -0.018773
v -0.049240 1.808695 -0.029348
v -0.055667 1.792274 -0.037926
v -0.060402 1.774107 -0.044247
v -0.063302 1.754744 -0.048117
v -0.064279 1.734774 -0.049421
v -0.070000 1.739774 -0.058124
v -0.100000 1.390503 -0.065624
v -0.070000 1.739774 -0.023124
v -0.100000 1.390503 -0.015624
v -0.145000 1.465503 0.072444
v -0.085000 1.465503 0.072444
v -0.085000 1.465503 0.102444
v -0.145000 1.465503 0.102444
v -0.014524 2.029774 0.079076
v -0.021338 2.029774 0.076253
v -0.008682 1.848027 0.019533
v -0.017101 1.842839 0.003202
v -0.025000 1.834367 -0.012121
v -0.032139 1.822869 -0.025971
v -0.038302 1.808695 -0.037926
v -0.043301 1.792274 -0.047624
v -0.046985 1.774107 -0.054769
v -0.049240 1.754744 -0.059145
v -0.050000 1.734774 -0.060619
v -0.150000 1.265503 0.066890
v -0.080000 1.265503 0.066890
v -0.080000 1.265503 0.096890
v -0.150000 1.265503 0.096890
v -0.088000 1.734774 0.112444
v -0.088000 1.734774 -0.045624
v -0.100000 1.734774 -0.045624
v -0.100000 1.734774 0.112444
v -0.027626 2.029774 0.072400
v -0.033234 2.029774 0.067610
v -0.005939 1.848027 0.018100
v -0.011698 1.842839 0.000380
v -0.017101 1.834367 -0.016247
v -0.021985 1.822869 -0.031274
v -0.026200 1.808695 -0.044247
v -0.029620 1.792274 -0.054769
v -0.032139 1.774107 -0.062522
v -0.033682 1.754744 -0.067270
v -0.034202 1.734774 -0.068869
v -0.120000 1.445503 0.107444
v -0.120000 1.445503 -0.055624
v -0.170000 1.445503 -0.055624
v -0.170000 1.445503 0.107444
v 0.085000 1.465503 0.072444
v 0.145000 1.465503 0.072444
v 0.145000 1.465503 0.102444
v 0.085000 1.465503 0.102444
v -0.038024 2.029774 0.062002
v -0.041877 2.029774 0.055714
v -0.003015 1.848027 0.017223
v -0.005939 1.842839 -0.001348
v -0.008682 1.834367 -0.018773
v -0.011162 1.822869 -0.034522
v -0.013302 1.808695 -0.048117
v -0.015038 1.792274 -0.059145
v -0.016318 1.774107 -0.067270
v -0.017101 1.754744 -0.072247
v -0.017365 1.734774 -0.073922
v 0.080000 1.265503 0.066890
v 0.150000 1.265503 0.066890
v 0.150000 1.265503 0.096890
v 0.080000 1.265503 0.096890
v 0.088000 1.734774 0.112444
v 0.088000 1.734774 -0.045624
v 0.100000 1.734774 -0.045624
v 0.100000 1.734774 0.112444
v -0.044700 2.029774 0.048900
v -0.046421 2.029774 0.041729
v -0.047000 2.029774 0.034376
v -0.046421 2.029774 0.027024
v -0.044700 2.029774 0.019852
v 0.000000 1.822869 -0.035616
v -0.041877 2.029774 0.013039
v 0.000000 1.792274 -0.060619
v -0.038024 2.029774 0.006750
v -0.033234 2.029774 0.001142
v -0.027626 2.029774 -0.003648
v 0.120000 1.445503 0.107444
v -0.021338 2.029774 -0.007501
v -0.014524 2.029774 -0.010324
v -0.007352 2.029774 -0.012045
v 0.120000 1.445503 -0.055624
v 0.170000 1.445503 -0.055624
v 0.170000 1.445503 0.107444
v 0.000000 2.029774 -0.012624
v 0.007352 2.029774 -0.012045
v -0.032336 2.084774 0.023870
v -0.033581 2.084774 0.029057
v -0.034000 2.084774 0.034376
v -0.033581 2.084774 0.039695
v -0.032336 2.084774 0.044883
v -0.030294 2.084774 0.049812
v -0.027507 2.084774 0.054361
v -0.024042 2.084774 0.058418
v -0.019985 2.084774 0.061883
v -0.015436 2.084774 0.064670
v -0.010507 2.084774 0.066712
v -0.005319 2.084774 0.067958
v -0.000000 2.084774 0.068376
v 0.005319 2.084774 0.067958
v 0.010507 2.084774 0.066712
v 0.015436 2.084774 0.064670
v 0.019985 2.084774 0.061883
v 0.024042 2.084774 0.058418
v 0.027507 2.084774 0.054361
v 0.030294 2.084774 0.049812
v 0.032336 2.084774 0.044883
v 0.033581 2.084774 0.039695
v 0.020000 2.099774 0.034376
v 0.019754 2.099774 0.031247
v 0.019021 2.099774 0.028196
v 0.017820 2.099774 0.025296
v 0.016180 2.099774 0.022620
v 0.014142 2.099774 0.020234
v 0.011756 2.099774 0.018196
v 0.009080 2.099774 0.016556
v 0.006180 2.099774 0.015355
v 0.003129 2.099774 0.014622
v 0.000000 2.099774 0.014376
v -0.003129 2.099774 0.014622
v -0.006180 2.099774 0.015355
v -0.009080 2.099774 0.016556
v -0.011756 2.099774 0.018196
v -0.014142 2.099774 0.020234
v -0.016180 2.099774 0.022620
v -0.017820 2.099774 0.025296
v -0.019021 2.099774 0.028196
v -0.019754 2.099774 0.031247
v -0.020000 2.099774 0.034376
v -0.019754 2.099774 0.037505
v -0.019021 2.099774 0.040556
v -0.017820 2.099774 0.043456
v -0.016180 2.099774 0.046132
v -0.014142 2.099774 0.048518
v -0.011756 2.099774 0.050556
v -0.009080 2.099774 0.052196
v -0.006180 2.099774 0.053397
v -0.003129 2.099774 0.054130
v -0.000000 2.099774 0.054376
v 0.003129 2.099774 0.054130
v 0.006180 2.099774 0.053397
v 0.009080 2.099774 0.052196
v 0.011756 2.099774 0.050556
v 0.014142 2.099774 0.048518
v 0.016180 2.099774 0.046132
v 0.017820 2.099774 0.043456
v 0.019021 2.099774 0.040556
v 0.019754 2.099774 0.037505
v 0.000000 2.099774 0.034376
v -0.045000 1.834774 -0.018124
v -0.045000 1.964774 -0.018124
v -0.045000 1.834774 -0.043124
v -0.045000 1.964774 -0.043124
v 0.045000 1.834774 -0.018124
v 0.045000 1.964774 -0.018124
v 0.045000 1.834774 -0.043124
v 0.045000 1.964774 -0.043124
v -0.016000 1.534492 0.143444
v -0.013600 1.619492 0.141044
v -0.016000 1.534492 0.111444
v -0.013600 1.619492 0.113844
v 0.016000 1.534492 0.143444
v 0.013600 1.619492 0.141044
v 0.016000 1.534492 0.111444
v 0.013600 1.619492 0.113844
v 0.200000 0.060000 -0.006447
v 0.197538 0.060000 -0.037734
v 0.190211 0.060000 -0.068251
v 0.178201 0.060000 -0.097245
v 0.161803 0.060000 -0.124004
v 0.141421 0.060000 -0.147869
v 0.117557 0.060000 -0.168251
v 0.090798 0.060000 -0.184648
v 0.061803 0.060000 -0.196658
v 0.031287 0.060000 -0.203985
v 0.000000 0.060000 -0.206447
v -0.031287 0.060000 -0.203985
v -0.061803 0.060000 -0.196658
v -0.090798 0.060000 -0.184648
v -0.117557 0.060000 -0.168251
v -0.141421 0.060000 -0.147869
v -0.161803 0.060000 -0.124004
v -0.178201 0.060000 -0.097245
v -0.190211 0.060000 -0.068251
v -0.197538 0.060000 -0.037734
v -0.200000 0.060000 -0.006447
v -0.197538 0.060000 0.024840
v -0.190211 0.060000 0.055356
v -0.178201 0.060000 0.084351
v -0.161803 0.060000 0.111110
v -0.141421 0.060000 0.134974
v -0.117557 0.060000 0.155356
v -0.090798 0.060000 0.171754
v -0.061803 0.060000 0.183764
v -0.031287 0.060000 0.191091
v -0.000000 0.060000 0.193553
v 0.031287 0.060000 0.191091
v 0.061803 0.060000 0.183764
v 0.090798 0.060000 0.171754
v 0.117557 0.060000 0.155356
v 0.141421 0.060000 0.134974
v 0.161803 0.060000 0.111110
v 0.178201 0.060000 0.084351
v 0.190211 0.060000 0.055356
v 0.197538 0.060000 0.024840
v 0.190000 0.360000 -0.006447
v 0.187661 0.360000 -0.036170
v 0.180701 0.360000 -0.065160
v 0.169291 0.360000 -0.092705
v 0.153713 0.360000 -0.118126
v 0.134350 0.360000 -0.140797
v 0.111679 0.360000 -0.160160
v 0.086258 0.360000 -0.175738
v 0.058713 0.360000 -0.187148
v 0.029723 0.360000 -0.194108
v 0.000000 0.360000 -0.196447
v -0.029723 0.360000 -0.194108
v -0.058713 0.360000 -0.187148
v -0.086258 0.360000 -0.175738
v -0.111679 0.360000 -0.160160
v -0.134350 0.360000 -0.140797
v -0.153713 0.360000 -0.118126
v -0.169291 0.360000 -0.092705
v -0.180701 0.360000 -0.065160
v -0.187661 0.360000 -0.036170
v -0.190000 0.360000 -0.006447
v -0.187661 0.360000 0.023275
v -0.180701 0.360000 0.052266
v -0.169291 0.360000 0.079811
v -0.153713 0.360000 0.105232
v -0.134350 0.360000 0.127903
v -0.111679 0.360000 0.147266
v -0.086258 0.360000 0.162844
v -0.058713 0.360000 0.174254
v -0.029723 0.360000 0.181214
v -0.000000 0.360000 0.183553
v 0.029723 0.360000 0.181214
v 0.058713 0.360000 0.174254
v 0.086258 0.360000 0.162844
v 0.111679 0.360000 0.147266
v 0.134350 0.360000 0.127903
v 0.153713 0.360000 0.105232
v 0.169291 0.360000 0.079811
v 0.180701 0.360000 0.052266
v 0.187661 0.360000 0.023275
v 0.180000 0.660000 -0.006447
v 0.177784 0.660000 -0.034605
v 0.171190 0.660000 -0.062070
v 0.160381 0.660000 -0.088165
v 0.145623 0.660000 -0.112249
v 0.127279 0.660000 -0.133726
v 0.105801 0.660000 -0.152070
v 0.081718 0.660000 -0.166828
v 0.055623 0.660000 -0.177637
v 0.028158 0.660000 -0.184231
v 0.000000 0.660000 -0.186447
v -0.028158 0.660000 -0.184231
v -0.055623 0.660000 -0.177637
v -0.081718 0.660000 -0.166828
v -0.105801 0.660000 -0.152070
v -0.127279 0.660000 -0.133726
v -0.145623 0.660000 -0.112249
v -0.160381 0.660000 -0.088165
v -0.171190 0.660000 -0.062070
v -0.177784 0.660000 -0.034605
v -0.180000 0.660000 -0.006447
v -0.177784 0.660000 0.021711
v -0.171190 0.660000 0.049176
v -0.160381 0.660000 0.075271
v -0.145623 0.660000 0.099354
v -0.127279 0.660000 0.120832
v -0.105801 0.660000 0.139176
v -0.081718 0.660000 0.153934
v -0.055623 0.660000 0.164743
v -0.028158 0.660000 0.171337
v -0.000000 0.660000 0.173553
v 0.028158 0.660000 0.171337
v 0.055623 0.660000 0.164743
v 0.081718 0.660000 0.153934
v 0.105801 0.660000 0.139176
v 0.127279 0.660000 0.120832
v 0.145623 0.660000 0.099354
v 0.160381 0.660000 0.075271
v 0.171190 0.660000 0.049176
v 0.177784 0.660000 0.021711
v 0.170000 0.928920 -0.006447
v 0.167907 0.928920 -0.033041
v 0.161680 0.928920 -0.058980
v 0.151471 0.928920 -0.083626
v 0.137533 0.928920 -0.106371
v 0.120208 0.928920 -0.126655
v 0.099923 0.928920 -0.143980
v 0.077178 0.928920 -0.157918
v 0.052533 0.928920 -0.168127
v 0.026594 0.928920 -0.174354
v 0.000000 0.928920 -0.176447
v -0.026594 0.928920 -0.174354
v -0.052533 0.928920 -0.168127
v -0.077178 0.928920 -0.157918
v -0.099923 0.928920 -0.143980
v -0.120208 0.928920 -0.126655
v -0.137533 0.928920 -0.106371
v -0.151471 0.928920 -0.083626
v -0.161680 0.928920 -0.058980
v -0.167907 0.928920 -0.033041
v -0.170000 0.928920 -0.006447
v -0.167907 0.928920 0.020147
v -0.161680 0.928920 0.046086
v -0.151471 0.928920 0.070731
v -0.137533 0.928920 0.093476
v -0.120208 0.928920 0.113761
v -0.099923 0.928920 0.131086
v -0.077178 0.928920 0.145024
v -0.052533 0.928920 0.155232
v -0.026594 0.928920 0.161460
v -0.000000 0.928920 0.163553
v 0.026594 0.928920 0.161460
v 0.052533 0.928920 0.155232
v 0.077178 0.928920 0.145024
v 0.099923 0.928920 0.131086
v 0.120208 0.928920 0.113761
v 0.137533 0.928920 0.093476
v 0.151471 0.928920 0.070731
v 0.161680 0.928920 0.046086
v 0.167907 0.928920 0.020147
v 0.160000 1.068920 -0.006447
v 0.158030 1.068920 -0.031477
v 0.152169 1.068920 -0.055890
v 0.142561 1.068920 -0.079086
v 0.129443 1.068920 -0.100493
v 0.113137 1.068920 -0.119584
v 0.094046 1.068920 -0.135890
v 0.072638 1.068920 -0.149008
v 0.049443 1.068920 -0.158616
v 0.025030 1.068920 -0.164477
v 0.000000 1.068920 -0.166447
v -0.025030 1.068920 -0.164477
v -0.049443 1.068920 -0.158616
v -0.072638 1.068920 -0.149008
v -0.094046 1.068920 -0.135890
v -0.113137 1.068920 -0.119584
v -0.129443 1.068920 -0.100493
v -0.142561 1.068920 -0.079086
v -0.152169 1.068920 -0.055890
v -0.158030 1.068920 -0.031477
v -0.160000 1.068920 -0.006447
v -0.158030 1.068920 0.018582
v -0.152169 1.068920 0.042996
v -0.142561 1.068920 0.066191
v -0.129443 1.068920 0.087598
v -0.113137 1.068920 0.106690
v -0.094046 1.068920 0.122996
v -0.072638 1.068920 0.136114
v -0.049443 1.068920 0.145722
v -0.025030 1.068920 0.151583
v -0.000000 1.068920 0.153553
v 0.025030 1.068920 0.151583
v 0.049443 1.068920 0.145722
v 0.072638 1.068920 0.136114
v 0.094046 1.068920 0.122996
v 0.113137 1.068920 0.106690
v 0.129443 1.068920 0.087598
v 0.142561 1.068920 0.066191
v 0.152169 1.068920 0.042996
v 0.158030 1.068920 0.018582
v 0.000000 1.068920 -0.006447
v -0.250000 0.000000 0.228553
v -0.250000 0.060000 0.228553
v -0.250000 0.000000 -0.221447
v -0.250000 0.060000 -0.221447
v 0.250000 0.000000 0.228553
v 0.250000 0.060000 0.228553
v 0.250000 0.000000 -0.221447
v 0.250000 0.060000 -0.221447
s 1
f 1 2 4
f 30 4 31
f 1 6 5
f 9 7 8
f 9 11 10
f 16 14 15
f 18 2 19
f 11 9 22
f 22 9 29
f 18 32 31
f 35 20 34
f 36 34 37
f 37 2418 40
f 38 41 40
f 39 37 42
f 37 41 42
f 32 33 35
f 36 39 51
f 52 45 53
f 44 46 57
f 63 52 62
f 50 85 46
f 61 53 64
f 57 85 65
f 57 65 66
f 62 52 61
f 39 49 64
f 62 61 68
f 49 3138 70
f 68 61 71
f 63 62 72
f 70 3138 74
f 73 70 74
f 270 79 78
f 72 85 63
f 81 90 75
f 75 274 272
f 59 97 96
f 101 60 96
f 115 109 114
f 106 105 3174
f 123 2424 99
f 123 110 109
f 92 93 120
f 105 92 112
f 108 107 113
f 99 110 123
f 110 111 109
f 111 114 109
f 97 98 2412
f 105 116 117
f 111 119 118
f 2424 108 99
f 120 93 111
f 119 110 130
f 129 113 112
f 118 130 129
f 118 119 130
f 129 130 113
f 132 131 125
f 140 136 147
f 2468 2424 2423
f 145 148 149
f 151 3209 150
f 134 146 133
f 121 145 122
f 152 141 156
f 142 153 156
f 153 155 156
f 156 164 152
f 156 160 159
f 151 166 3209
f 143 144 168
f 144 170 169
f 178 170 171
f 176 166 163
f 176 165 166
f 172 137 175
f 170 185 186
f 170 186 182
f 172 181 173
f 184 176 177
f 182 186 190
f 183 192 179
f 185 178 191
f 189 194 181
f 184 196 183
f 190 197 195
f 232 217 220
f 217 208 220
f 183 199 192
f 185 191 197
f 199 207 198
f 205 187 208
f 196 203 199
f 197 205 206
f 190 202 201
f 193 200 194
f 206 218 214
f 195 206 202
f 178 180 187
f 171 180 178
f 203 219 207
f 201 214 213
f 200 212 209
f 164 167 171
f 204 215 203
f 214 218 230
f 214 230 226
f 159 167 164
f 215 231 219
f 213 226 225
f 221 212 224
f 216 227 215
f 221 240 228
f 237 226 238
f 228 239 227
f 255 242 254
f 161 160 158
f 251 239 240
f 247 235 248
f 239 257 244
f 265 255 254
f 258 264 253
f 246 260 259
f 252 259 263
f 267 256 257
f 262 257 251
f 254 264 265
f 263 251 2469
f 262 251 263
f 261 259 260
f 269 82 79
f 157 154 275
f 287 288 297
f 294 293 295
f 298 290 299
f 302 301 294
f 305 309 277
f 305 308 309
f 313 311 312
f 318 319 321
f 319 320 322
f 322 317 319
f 301 302 303
f 311 309 308
f 75 80 81
f 293 294 301
f 288 327 289
f 330 295 293
f 292 330 293
f 291 329 292
f 330 336 331
f 327 333 328
f 329 335 330
f 335 341 336
f 334 340 335
f 339 344 340
f 346 350 347
f 348 352 349
f 347 351 348
f 355 356 447
f 433 361 411
f 2450 382 381
f 346 342 378
f 67 58 86
f 58 29 57
f 56 23 58
f 28 50 46
f 32 51 31
f 35 51 32
f 45 50 30
f 27 2418 37
f 383 379 386
f 312 321 319
f 312 319 313
f 307 387 386
f 286 307 386
f 282 380 384
f 431 287 296
f 375 288 430
f 2473 408 407
f 2461 391 442
f 395 454 2453
f 2459 342 377
f 407 408 402
f 373 372 443
f 429 420 423
f 457 446 454
f 390 375 430
f 2457 376 375
f 365 433 405
f 81 428 420
f 420 429 81
f 445 446 457
f 440 441 456
f 452 354 455
f 353 442 391
f 383 305 278
f 305 383 386
f 308 386 387
f 385 277 2439
f 2463 379 383
f 387 451 312
f 450 299 316
f 299 450 298
f 353 452 442
f 350 455 351
f 468 469 3075
f 464 14 465
f 461 10 462
f 463 474 473
f 475 466 476
f 471 461 472
f 459 460 471
f 478 469 468
f 468 477 478
f 459 470 2
f 466 478 476
f 467 470 477
f 483 474 484
f 459 480 479
f 488 477 487
f 485 476 486
f 471 482 481
f 471 481 480
f 478 489 490
f 482 472 483
f 487 470 479
f 479 470 459
f 500 479 492
f 501 487 500
f 498 485 499
f 483 497 496
f 494 481 495
f 491 480 493
f 488 501 489
f 499 486 490
f 493 481 494
f 490 489 502
f 482 496 495
f 509 499 510
f 499 511 510
f 495 496 505
f 494 504 503
f 498 509 508
f 494 495 504
f 491 515 492
f 496 518 2422
f 491 516 514
f 512 501 519
f 493 503 516
f 505 496 2422
f 503 522 521
f 504 517 522
f 511 502 534
f 509 524 508
f 509 526 523
f 513 534 502
f 510 527 526
f 519 520 512
f 500 515 528
f 520 535 529
f 531 514 516
f 529 530 513
f 78 80 271 270
f 535 530 529
f 536 531 521
f 537 524 523
f 530 538 534
f 518 540 2422
f 531 533 514
f 542 537 526
f 517 539 522
f 535 538 530
f 519 535 520
f 540 517 525
f 533 543 528
f 539 536 522
f 528 543 519
f 547 555 557
f 545 558 544
f 551 549 546
f 550 556 548
f 551 546 544
f 552 547 557
f 556 550 553
f 552 539 540
f 543 556 535
f 537 551 544
f 535 553 538
f 552 540 558
f 554 538 553
f 555 533 531
f 544 541 537
f 86 58 66
f 363 283 284
f 23 22 58
f 10 11 12
f 473 462 463
f 473 483 472
f 644 613 603
f 587 577 586
f 694 682 658
f 606 801 802
f 635 607 606
f 792 636 635
f 572 564 573
f 607 800 801
f 632 565 564
f 574 565 575
f 619 639 638
f 584 585 594
f 633 566 565
f 610 611 804
f 639 611 610
f 649 302 650
f 612 645 644
f 661 690 659
f 658 682 660
f 648 314 647
f 686 596 685
f 341 676 672
f 675 352 439
f 331 677 679
f 676 673 657
f 677 672 671
f 439 674 653
f 672 657 663
f 673 655 656
f 652 655 653
f 660 648 684
f 684 647 683
f 686 651 668
f 595 685 596
f 681 668 651
f 660 684 658
f 658 684 598
f 651 294 681
f 687 325 324
f 693 690 661
f 682 694 662
f 687 324 648
f 705 698 695
f 695 696 705
f 701 708 709
f 1664 715 1663
f 723 719 1664
f 725 721 720
f 727 723 1665
f 733 728 727
f 738 734 733
f 739 735 697
f 741 737 740
f 696 697 735
f 755 764 754
f 770 771 776
f 772 1700 1699
f 773 777 772
f 778 793 779
f 766 770 775
f 767 775 780
f 775 783 788
f 783 776 789
f 787 779 793
f 794 773 772
f 799 770 766
f 802 631 630
f 801 632 631
f 803 630 629
f 804 633 632
f 790 819 784
f 782 781 817
f 780 788 816
f 815 821 621
f 832 841 831
f 823 837 824
f 830 1703 1702
f 817 827 839
f 837 847 832
f 828 840 852
f 838 843 835
f 830 841 853
f 854 857 855
f 854 856 858
f 854 858 857
f 859 861 858
f 860 886 855
f 872 859 856
f 857 858 860
f 886 865 877
f 886 864 863
f 859 872 871
f 860 867 866
f 874 873 862
f 877 876 875
f 864 594 863
f 877 875 864
f 871 878 870
f 865 866 877
f 872 873 566
f 869 878 884
f 875 692 864
f 871 566 885
f 858 868 867
f 861 868 858
f 874 594 585
f 692 875 691
f 875 879 889
f 889 887 601
f 1231 903 1232
f 1230 898 1233
f 1227 951 1239
f 905 1262 1266
f 942 898 1269
f 948 892 908
f 896 907 945
f 910 897 943
f 1238 917 953
f 918 951 949
f 953 918 949
f 912 911 1237
f 913 922 920
f 934 914 933
f 913 920 959
f 899 1394 903
f 894 923 951
f 928 971 964
f 903 924 950
f 944 964 965
f 1395 931 968
f 967 916 972
f 914 921 917
f 935 911 913
f 927 911 912
f 966 937 954
f 963 937 969
f 896 942 907
f 1233 940 1235
f 931 965 968
f 948 933 947
f 1267 905 1265
f 1236 892 1228
f 1229 950 1227
f 892 945 908
f 1232 903 1229
f 946 893 923
f 1236 896 892
f 904 891 905
f 950 923 894
f 1263 904 1266
f 926 941 924
f 940 1236 1235
f 928 963 971
f 905 1267 1262
f 967 954 936
f 938 911 935
f 956 929 944
f 958 931 1395
f 954 960 936
f 916 959 919
f 936 959 916
f 937 961 954
f 958 944 931
f 952 962 937
f 929 955 928
f 955 952 928
f 965 945 1269
f 968 965 1269
f 964 1271 945
f 939 969 966
f 964 971 1271
f 934 966 967
f 974 972 919
f 1270 963 969
f 920 919 959
f 973 927 918
f 920 973 975
f 973 974 975
f 973 921 1234
f 973 922 927
f 1237 938 1239
f 1008 987 985
f 1360 1404 984
f 1244 1022 1246
f 1016 1020 1023
f 1279 1021 1029
f 1024 977 995
f 1277 988 992
f 1398 983 996
f 1003 1019 1016
f 1002 1003 1016
f 997 1018 1243
f 1013 999 1012
f 1048 1001 1004
f 1005 1243 1003
f 979 1007 978
f 978 1016 1026
f 1400 1011 1043
f 1014 998 1033
f 1014 997 998
f 1042 1025 1028
f 1278 1017 1038
f 1013 1012 1022
f 1243 1018 1245
f 1012 1023 1246
f 996 1032 1274
f 981 993 994
f 991 983 982
f 1244 981 977
f 1272 1021 1279
f 990 1007 979
f 977 994 995
f 1040 1009 1046
f 982 1021 991
f 990 979 1241
f 1002 1016 1023
f 1007 1020 1006
f 1025 1045 1039
f 996 1272 1032
f 985 1007 1008
f 1010 1040 1041
f 984 1240 1242
f 1043 1010 1041
f 979 978 976
f 978 1007 1006
f 1021 1018 1017
f 1046 1027 1039
f 1021 1278 1029
f 1044 1028 1015
f 1017 1018 1014
f 1397 1032 1011
f 1028 1034 1015
f 1015 1033 1001
f 1025 1038 1028
f 1010 1035 1009
f 1032 1010 1011
f 1029 1027 1009
f 1027 1037 1025
f 1282 1041 1276
f 1277 1043 1282
f 1000 1044 1001
f 1275 1039 1281
f 1280 1045 1042
f 1283 1042 1044
f 1040 1275 1276
f 999 1005 1002
f 998 1005 1004
f 1005 1048 1004
f 1005 998 997
f 1016 1019 1026
f 1250 1059 1062
f 1253 1050 1094
f 1096 1098 1095
f 1285 1063 1284
f 1290 1063 1285
f 1068 1286 1401
f 1288 1403 1064
f 1086 1074 1095
f 1289 1088 1104
f 1251 1085 1254
f 1087 1252 1086
f 1103 1071 1076
f 1073 1076 1114
f 1062 1080 1081
f 1051 1096 1099
f 1111 1082 1110
f 1104 1071 1103
f 1088 1069 1071
f 1066 1091 1065
f 1055 1068 1056
f 1247 1052 1051
f 1062 1079 1052
f 1062 1247 1250
f 1095 1075 1096
f 1079 1053 1098
f 1067 1050 1066
f 1051 1079 1096
f 1068 1290 1286
f 1058 1079 1081
f 1113 1092 1111
f 1063 1049 1100
f 1110 1097 1109
f 1254 1099 1093
f 1087 1086 1094
f 1100 1085 1088
f 1107 1082 1092
f 1090 1104 1089
f 1089 1103 1073
f 1106 1092 1084
f 1101 1097 1082
f 1288 1111 1287
f 1072 1089 1073
f 1287 1110 1292
f 1291 1112 1089
f 1292 1109 1293
f 1078 1116 1075
f 1116 1070 1075
f 1116 1078 1252
f 1116 1069 1251
f 1112 1097 1090
f 1284 1100 1289
f 1090 1108 1105
f 1293 1109 1112
f 1255 1158 1260
f 1161 1162 1164
f 1295 1131 1294
f 1302 1157 1295
f 1119 1156 1160
f 1133 1126 1132
f 1123 1133 1156
f 1157 1118 1131
f 1146 1154 1260
f 1137 1154 1146
f 1141 1137 1146
f 1120 1161 1158
f 1174 1144 1173
f 1175 1145 1174
f 1177 1150 1139
f 1179 1165 1176
f 1131 1154 1149
f 1147 1141 1152
f 1148 1138 1153
f 1152 1146 1155
f 1261 1147 1164
f 1152 1158 1161
f 1179 1144 1151
f 1127 1121 1143
f 1296 1135 1301
f 1163 1125 1124
f 1160 1153 1159
f 1257 1121 1256
f 1164 1152 1161
f 1142 1122 1162
f 1144 1179 1173
f 1259 1123 1119
f 1301 1163 1302
f 1127 1142 1121
f 1126 1122 1258
f 1256 1120 1255
f 1121 1142 1120
f 1261 1119 1159
f 1176 1150 1177
f 1170 1144 1145
f 1405 1301 1166
f 1165 1168 1150
f 1150 1167 1139
f 1151 1172 1165
f 1299 1175 1298
f 1173 1303 1297
f 1148 1179 1176
f 1298 1173 1297
f 1148 1176 1177
f 1178 1139 1181
f 1181 1139 1167
f 1167 1136 1181
f 1178 1181 1138
f 1136 1141 1181
f 1181 1140 1138
f 1294 1131 1300
f 1200 1184 1216
f 1220 1202 1218
f 1188 1206 1207
f 1189 1187 1197
f 1218 1197 1219
f 1190 1193 1205
f 1193 1196 1194
f 1196 1188 1194
f 1191 1199 1190
f 1202 1187 1189
f 1204 1206 1202
f 1194 1208 1210
f 1184 1213 1183
f 1207 1206 1208
f 1205 1194 1210
f 1214 1184 1200
f 1222 1213 1215
f 1212 1200 1185
f 1209 1183 1222
f 1186 1182 1204
f 1201 1222 1224
f 1217 1204 1221
f 1208 1200 1210
f 1223 1203 1192
f 1203 1218 1192
f 1192 1219 1195
f 1201 1221 1211
f 1191 1223 1225
f 1191 1209 1223
f 1215 1224 1222
f 1198 1225 1195
f 1195 1219 1198
f 1198 1193 1199
f 1226 1188 1196
f 1183 1205 1216
f 1209 1211 1203
f 1203 1221 1220
f 902 1232 897
f 1236 895 941
f 932 1237 951
f 912 1237 932
f 933 914 1238
f 897 1232 943
f 895 1236 893
f 943 1227 891
f 891 1239 938
f 980 1240 1020
f 989 1399 1398
f 987 984 985
f 1018 976 1026
f 1023 1244 1246
f 1022 1012 1246
f 1241 982 983
f 1242 980 985
f 982 979 976
f 1018 1026 1245
f 1061 1250 1056
f 1095 1098 1253
f 1070 1254 1093
f 1094 1086 1253
f 1056 1247 1055
f 1055 1099 1049
f 1058 1091 1053
f 1049 1254 1085
f 1116 1251 1070
f 1116 1252 1117
f 1164 1259 1261
f 1138 1140 1147
f 1159 1153 1261
f 1124 1255 1118
f 1155 1260 1158
f 1125 1256 1124
f 1258 1122 1127
f 961 935 960
f 960 913 959
f 1263 956 958
f 956 1266 955
f 1262 962 955
f 1269 907 942
f 901 968 1269
f 915 934 972
f 971 948 908
f 1271 908 945
f 915 972 974
f 948 1268 1270
f 919 975 974
f 920 975 919
f 962 1265 961
f 1274 1032 1397
f 1038 1014 1034
f 1033 998 1004
f 1037 1278 1036
f 1030 1272 1035
f 993 1276 994
f 995 1281 1024
f 1013 1281 1280
f 1275 995 994
f 1013 1280 1283
f 1285 1101 1107
f 1290 1107 1106
f 1286 1106 1102
f 1284 1108 1101
f 1065 1287 1066
f 1087 1293 1291
f 1066 1292 1067
f 1077 1072 1114
f 1105 1284 1289
f 1405 1296 1301
f 1172 1149 1168
f 1168 1136 1167
f 1169 1300 1172
f 1294 1169 1171
f 1301 1302 1166
f 1295 1170 1166
f 1170 1294 1171
f 1133 1298 1156
f 1297 1160 1156
f 1080 1311 1060
f 1310 1397 1047
f 1313 1128 1312
f 1299 1132 1317
f 1313 1129 1143
f 1129 1313 1316
f 1307 930 1306
f 1401 1083 1310
f 902 909 1305
f 1316 1126 1129
f 1306 930 970
f 925 1304 900
f 1310 1682 1683
f 1315 1317 1334
f 1314 1356 1333
f 1309 1684 1681
f 1681 1321 1306
f 1323 1325 1340
f 1331 1628 1336
f 1340 1321 1323
f 1347 1319 1337
f 1059 1249 1360
f 1325 1351 1352
f 1336 1329 1331
f 1351 1325 1326
f 1357 1355 1370
f 1379 1373 1375
f 1380 1386 1370
f 1341 1374 1363
f 1634 1361 1383
f 1346 1393 1374
f 1631 1381 1629
f 1380 1375 1629
f 1391 1345 1324
f 1394 1235 926
f 1269 898 901
f 902 910 909
f 903 1394 926
f 930 1395 970
f 957 1395 930
f 970 1396 1264
f 900 1233 1235
f 957 1263 958
f 906 1396 901
f 1399 990 1241
f 993 1404 1277
f 1065 1402 1288
f 906 1274 1273
f 1064 1113 1288
f 1083 1102 1084
f 1047 1397 1400
f 1273 1397 1031
f 985 984 1242
f 1398 1241 983
f 1180 1405 1175
f 1400 1068 1401
f 1143 1129 1127
f 1257 1128 1130
f 1058 1402 1057
f 992 1056 1068
f 1081 1060 1058
f 1115 1084 1113
f 1132 1299 1133
f 1134 1125 1135
f 846 1410 847
f 850 849 1413
f 1411 1406 1419
f 1411 1420 1407
f 1407 1421 1408
f 847 1424 1432
f 1419 1414 1428
f 1422 1410 1409
f 1705 1430 1460
f 1411 1434 1439
f 1439 1420 1411
f 1434 1428 1443
f 1436 1423 1422
f 1429 1445 1444
f 1437 1424 1423
f 1448 1435 1420
f 1434 1457 1447
f 1450 1437 1436
f 1463 1445 1446
f 1451 1438 1437
f 1439 1447 1453
f 1453 1420 1439
f 1706 1477 1707
f 1453 1464 1470
f 1470 1448 1453
f 1477 1461 1478
f 1465 1449 1448
f 1461 1479 1478
f 1462 1469 1479
f 1468 1452 1451
f 1494 1478 1495
f 1495 1479 1496
f 1487 1465 1470
f 1489 1488 1504
f 1510 1493 1497
f 1492 1493 1506
f 1498 1511 1499
f 1508 1509 1519
f 1538 1517 1520
f 1516 1517 1529
f 1513 1525 1514
f 1709 1518 1530
f 1504 1515 1527
f 1526 1521 1533
f 1530 1531 1539
f 1522 1534 1523
f 1505 1527 1537
f 1515 1529 1536
f 1524 1535 1513
f 1709 1539 1710
f 1526 1540 1522
f 1535 1542 1525
f 1540 1550 1534
f 1531 1547 1555
f 1537 1544 1552
f 1545 1554 1562
f 1539 1555 1563
f 1549 1553 1569
f 1571 1554 1556
f 1562 1554 1580
f 1711 1563 1712
f 1567 1549 1569
f 1565 1574 1566
f 1568 1561 1579
f 1564 1559 1577
f 1328 1379 1375
f 1347 1320 1318
f 1341 1391 1324
f 1327 1345 1379
f 1308 1346 1341
f 986 989 1588
f 900 1589 1230
f 989 901 1230
f 1230 1588 989
f 1313 1332 1357
f 1249 988 1360
f 1379 1328 1327
f 1328 1312 1311
f 1248 1312 1403
f 1330 1353 1354
f 1723 1573 1572
f 1186 1592 1182
f 1217 1201 1590
f 1224 1590 1201
f 1184 1214 1593
f 1224 1215 1594
f 1217 1591 1186
f 1213 1593 1595
f 1595 1593 1600
f 1214 1212 1599
f 1215 1600 1601
f 1596 1590 1598
f 1597 1598 1590
f 1597 1215 1601
f 1602 1214 1603
f 1214 1599 1603
f 1601 1606 1607
f 1605 1592 1591
f 1596 1598 1604
f 1597 1604 1598
f 1608 1601 1607
f 1600 1602 1606
f 1607 1611 1613
f 1614 1604 1609
f 1608 1609 1604
f 1372 1607 1613
f 1602 1603 1612
f 1606 1612 1611
f 1344 1599 1610
f 1358 1610 1605
f 1617 1367 1368
f 1616 1366 1367
f 1622 1624 1621
f 1376 1635 1691
f 906 1273 1264
f 1031 1264 1273
f 1309 970 1031
f 1350 1689 1339
f 1352 1340 1325
f 1358 1614 1359
f 1064 1403 1134
f 1296 1064 1134
f 1315 1115 1296
f 1083 1334 1682
f 1353 1330 1329
f 1330 1684 1683
f 1334 1356 1628
f 1341 1324 1308
f 1359 1609 1371
f 1382 1634 1378
f 1375 1380 1355
f 1631 1629 1389
f 1626 1693 1694
f 1387 1611 1612
f 1723 1388 1382
f 1723 1381 1388
f 1579 1578 1629
f 1557 1659 1722
f 388 449 310
f 384 286 379
f 94 102 101
f 139 142 141
f 1642 188 169
f 1642 213 1643
f 250 260 248
f 224 210 222
f 175 188 1646
f 168 175 137
f 143 137 136
f 135 124 139
f 94 101 95
f 95 114 94
f 683 649 685
f 628 604 1651
f 1653 614 1654
f 1655 823 623
f 647 326 649
f 316 389 321
f 285 388 286
f 139 132 142
f 174 169 188
f 182 1642 169
f 201 1642 190
f 188 1643 211
f 250 1645 237
f 249 236 247
f 210 193 1646
f 189 1646 193
f 143 140 139
f 127 124 135
f 2412 98 2416
f 84 274 1647
f 68 71 270
f 73 1649 76
f 589 598 1650
f 561 628 562
f 622 1654 614
f 823 1655 1656
f 1629 1578 1380
f 1714 1580 1571
f 1566 1660 1722
f 726 1665 722
f 1667 806 805
f 833 1672 842
f 842 1672 1418
f 1433 1674 1446
f 1446 1675 1463
f 1480 1676 1497
f 1510 1677 1520
f 1520 1677 1538
f 1538 1678 1548
f 1556 1679 1571
f 1683 1329 1330
f 1322 1306 1321
f 1328 1080 1327
f 1684 1309 1310
f 1327 1360 1345
f 1334 1317 1333
f 987 1345 1360
f 1681 1325 1323
f 986 1588 1346
f 1589 1346 1588
f 1304 925 1320
f 1317 1315 1180
f 899 1320 925
f 902 1318 1231
f 1337 1685 1338
f 1322 1338 1685
f 1132 1314 1333
f 1335 1314 1316
f 1316 1313 1335
f 1305 1319 902
f 1687 1686 1349
f 1377 1349 1387
f 1691 1361 1690
f 1704 1386 1714
f 1376 1387 1633
f 1347 1361 1364
f 1690 1687 1377
f 1364 1392 1374
f 1342 1385 1348
f 1625 1640 1623
f 1623 1661 1585
f 1692 1584 1635
f 1632 1627 1639
f 1390 1693 1385
f 1694 1627 1632
f 1632 1695 1694
f 1696 1695 1625
f 1625 1632 1639
f 1625 1623 1696
f 1619 1616 1617
f 1696 1585 1615
f 1631 1373 1363
f 1362 1342 1356
f 1348 1356 1342
f 1626 1353 1336
f 1624 1351 1354
f 1352 1620 1618
f 1618 1350 1352
f 1685 1307 1322
f 1321 1338 1322
f 1337 1688 1687
f 1701 1667 1670
f 1700 1668 1667
f 1700 1669 1668
f 1702 1672 1669
f 1630 1704 1384
f 1674 1706 1675
f 1675 1707 1480
f 1677 1709 1678
f 1678 1710 1679
f 1635 1586 1383
f 1378 1586 1583
f 1335 1370 1704
f 1720 1436 1435
f 1435 1422 1721
f 1435 1721 1421
f 1662 1541 1524
f 1421 1658 1408
f 1377 1691 1690
f 1368 1358 1359
f 1366 1358 1367
f 1365 1344 1366
f 1365 1633 1343
f 1577 1576 1724
f 1577 1640 1582
f 1582 1639 1581
f 1636 1680 1712
f 1557 1576 1558
f 1558 1577 1559
f 1563 1570 1581
f 1575 1722 1660
f 1566 1722 1659
f 1679 1712 1680
f 1638 1714 1680
f 1640 1724 1661
f 1583 1574 1573
f 1584 1574 1586
f 1569 1568 1381
f 1581 1637 1563
f 1339 1688 1338
f 734 1730 729
f 1732 765 756
f 724 1729 719
f 809 1726 620
f 1731 1740 734
f 1737 1728 1729
f 1730 1738 724
f 1752 1741 1744
f 1739 1749 1730
f 1751 1754 1746
f 1740 1759 1739
f 1749 1758 1738
f 1761 1751 1742
f 1740 1769 1759
f 1750 1769 1740
f 1766 1756 1757
f 1779 1764 1770
f 1764 1771 1765
f 1776 1769 1750
f 1773 1766 1767
f 1775 1768 1769
f 1771 1780 1763
f 1769 1783 1775
f 1781 1771 1764
f 1782 1772 1766
f 1785 1777 1762
f 1783 1790 1774
f 1784 1791 1783
f 1789 1782 1773
f 1792 1779 1778
f 1799 1800 1792
f 1786 1794 1787
f 1799 1810 1800
f 1794 1802 1793
f 1808 1807 1790
f 878 1812 1813
f 883 1819 882
f 1795 1804 1858
f 1830 1817 1822
f 1826 1830 1822
f 1837 1822 890
f 881 1837 880
f 890 1831 888
f 1780 1839 1838
f 1793 1840 1839
f 1819 1826 881
f 1826 1819 1827
f 1841 1792 1777
f 1847 1842 1843
f 1846 1848 1849
f 1834 1850 1795
f 1820 1852 1835
f 1856 1852 1820
f 1840 1856 1820
f 1787 1793 1780
f 1800 1786 1779
f 1824 1835 1832
f 1802 1862 1840
f 1863 1857 1852
f 1863 1854 1857
f 1810 1861 1803
f 1867 1806 1807
f 1868 1872 1809
f 1870 1866 1867
f 1886 1885 1878
f 2025 1882 1874
f 1910 1918 1909
f 1918 1924 1917
f 1919 1925 1918
f 1925 1932 1924
f 1926 1938 1932
f 1941 1944 1861
f 1945 1950 1946
f 1951 1955 1957
f 1955 1961 1957
f 1961 1956 1957
f 1965 1962 1956
f 1968 1964 1960
f 1969 1966 1964
f 1921 1960 1914
f 1979 1975 1976
f 1977 1972 2012
f 1992 2000 1995
f 2002 2000 1992
f 2020 2023 2021
f 2025 1874 1875
f 714 763 752
f 1772 1762 1756
f 1788 1785 1772
f 1785 1788 1801
f 1805 1801 1788
f 1866 1811 1805
f 1866 1879 1811
f 1881 1889 1887
f 1999 2001 2003
f 2031 1969 1970
f 2001 2000 1971
f 1971 2003 2001
f 2023 2033 2038
f 2939 2038 2940
f 2044 1967 1962
f 1962 1965 2044
f 2043 1932 1937
f 2052 1969 2031
f 2049 2036 1971
f 1966 1969 2053
f 2053 2032 1966
f 2038 2041 2054
f 1936 2048 1935
f 1971 2035 2049
f 1967 2045 2061
f 2057 2045 2032
f 2068 2085 2086
f 2071 2055 2088
f 2120 2091 2105
f 2108 2124 2095
f 2107 2112 2127
f 2943 2117 2944
f 2107 2128 2113
f 2126 2123 2137
f 2126 2139 2125
f 2130 2142 2129
f 2121 2136 2109
f 2147 2149 2122
f 2126 2137 2154
f 2144 2143 2159
f 2154 2139 2126
f 2153 2137 2138
f 2155 2157 2167
f 2158 2164 2168
f 2150 2166 2156
f 2164 2158 2139
f 2168 2183 2167
f 2947 2170 2948
f 2180 2177 2193
f 2181 2183 2196
f 2168 2201 2197
f 2187 2189 2173
f 2188 2204 2192
f 2207 2205 2222
f 2212 2211 2228
f 2207 2224 2201
f 2208 2210 2225
f 2197 2215 2227
f 2224 2215 2201
f 2227 2210 2197
f 2216 2218 2189
f 2951 2228 2952
f 2223 2233 2222
f 2228 2239 2253
f 2952 2228 2253
f 2255 2258 2243
f 2232 2250 2259
f 2250 2267 2282
f 2284 2267 2268
f 2284 2288 2300
f 2275 2292 2283
f 2297 2288 2280
f 2275 2282 2292
f 2931 2938 2926
f 2341 2311 2965
f 2297 2332 2319
f 2327 2320 2334
f 2338 2313 2325
f 2327 2343 2333
f 2339 2327 2342
f 2826 2828 2820
f 17 14 16
f 33 18 20
f 20 3075 21
f 8 28 29
f 23 11 22
f 6 30 28
f 21 27 34
f 14 25 26
f 2382 2349 2360
f 2361 2352 2383
f 2373 2346 2379
f 2358 2357 2380
f 2381 2368 2366
f 2376 2372 2351
f 2371 2350 2367
f 2360 2349 2370
f 2354 2374 2378
f 2372 2375 2348
f 2361 2383 2364
f 2363 2380 2362
f 2350 2369 2367
f 2379 2355 2377
f 2409 2388 2392
f 2405 2390 2402
f 2408 2400 2398
f 2985 2404 2391
f 2396 2409 2397
f 2393 2410 2408
f 2396 2411 2407
f 38 40 2419
f 41 48 3116
f 2413 2419 2446
f 100 109 115
f 71 76 269
f 269 270 71
f 2423 2424 123
f 107 116 105
f 105 106 92
f 103 92 106
f 97 2412 95
f 15 2446 2418
f 542 526 527
f 2422 540 525
f 541 544 558
f 542 554 551
f 271 72 1648
f 17 16 3075
f 55 2446 25
f 96 95 101
f 116 108 2424
f 2416 2417 100
f 2433 154 125
f 125 131 2433
f 2412 115 114
f 115 2416 100
f 2434 131 128
f 2416 2415 2417
f 47 54 2416
f 273 2445 1647
f 88 2443 2445
f 2442 2431 2430
f 2464 384 2463
f 41 38 48
f 2447 2437 2432
f 2435 2447 2434
f 2449 2434 2438
f 2466 2442 2430
f 2466 2443 2442
f 65 84 2444
f 2441 67 86
f 82 77 83
f 272 271 75
f 2431 281 2430
f 2439 2432 2437
f 2440 2438 2427
f 2447 279 2433
f 54 2413 2414
f 2439 2437 385
f 2438 2462 2449
f 2464 2449 2462
f 79 82 426
f 2450 380 282
f 2426 2425 126
f 2425 128 127
f 2413 54 47
f 47 59 2413
f 2438 2434 128
f 131 2434 2433
f 280 275 2432
f 395 2453 2454
f 2547 2455 2456
f 2456 2459 376
f 2460 442 452
f 2455 2454 2459
f 2460 452 378
f 375 390 2457
f 2462 2438 2440
f 2435 383 2436
f 2436 385 2437
f 2449 2463 2435
f 2428 56 67
f 56 2428 2415
f 2462 2430 281
f 2440 2429 2462
f 55 23 56
f 23 55 24
f 24 12 23
f 12 24 13
f 556 533 555
f 532 518 507
f 506 507 518
f 497 507 506
f 532 537 541
f 534 542 527
f 547 550 548
f 544 546 545
f 497 508 507
f 484 498 497
f 475 484 474
f 13 25 14
f 27 21 15
f 15 21 3075
f 486 476 490
f 490 502 511
f 527 511 534
f 2425 2465 2429
f 128 132 124
f 158 155 157
f 157 161 158
f 126 2423 100
f 100 2417 126
f 2428 2426 2415
f 122 2467 2468
f 2424 2468 116
f 138 177 163
f 173 184 177
f 181 196 184
f 194 204 196
f 233 2469 240
f 263 2469 252
f 261 263 259
f 265 263 261
f 267 262 263
f 265 267 263
f 268 267 264
f 204 194 200
f 136 138 151
f 2445 2441 2444
f 62 68 1648
f 2473 409 408
f 441 2474 410
f 397 393 2457
f 397 2457 392
f 430 2480 390
f 2458 390 2480
f 283 2479 430
f 91 364 90
f 365 2588 2594
f 367 2589 2587
f 2421 358 2590
f 283 2590 2595
f 2487 2493 2583
f 2492 2592 2585
f 2577 2485 2581
f 2488 2582 2590
f 2498 2491 2490
f 2487 2504 2493
f 2499 2484 2500
f 2502 2486 2501
f 2504 2494 2493
f 2485 2500 2484
f 2498 2490 2482
f 2505 2495 2496
f 2482 2499 2497
f 2511 2501 2505
f 2497 2509 2507
f 2522 2483 2518
f 2481 2513 2506
f 2515 2505 2504
f 2508 2503 2498
f 2488 2481 2506
f 2502 2510 2500
f 2487 2514 2504
f 2499 2510 2509
f 2512 2501 2511
f 2488 2518 2483
f 2519 2524 2508
f 2527 2526 2566
f 2542 2529 2513
f 2522 2525 2514
f 2557 2569 2560
f 2575 2518 2576
f 2574 2542 2541
f 2544 2551 2561
f 2563 2543 2544
f 2539 2537 2540
f 2576 2544 2536
f 2536 2540 2538
f 2544 2530 2551
f 2535 2545 2541
f 2524 2535 2508
f 2535 2513 2489
f 2506 2529 2516
f 454 2452 2453
f 394 395 2547
f 2496 2586 2584
f 2535 2489 2492
f 2534 2551 2530
f 2506 2523 2488
f 2518 2488 2523
f 2528 2538 2527
f 2557 2556 2521
f 2523 2530 2576
f 2550 2560 2527
f 2515 2514 2528
f 2520 2568 2521
f 2511 2569 2512
f 2510 2520 2509
f 2509 2517 2507
f 2563 2540 2543
f 2534 2561 2551
f 2541 2562 2574
f 2544 2561 2573
f 2573 2563 2544
f 2567 2539 2563
f 2539 2565 2533
f 2574 2571 2573
f 2565 2572 2570
f 2571 2572 2567
f 2573 2561 2574
f 2555 2516 2553
f 2559 2521 2556
f 2575 2525 2522
f 2541 2542 2513
f 2523 2576 2518
f 2519 2554 2524
f 2553 2534 2555
f 2530 2555 2534
f 2538 2558 2536
f 2560 2537 2533
f 2556 2546 2559
f 2531 2554 2552
f 2482 2578 2484
f 366 2581 2588
f 2583 2483 2487
f 2584 2494 2496
f 2517 2508 2507
f 2584 2596 2591
f 2585 2491 2492
f 2490 2593 2594
f 2583 2597 2595
f 2580 2495 2486
f 2597 2494 2591
f 2577 366 2587
f 2586 2589 2596
f 2585 2592 2593
f 2579 2588 2578
f 2587 2580 2577
f 2595 2582 2583
f 2584 2591 2494
f 2593 2491 2585
f 358 2592 2481
f 2589 2586 2580
f 2588 2581 2578
f 2519 2559 2552
f 283 2597 2479
f 2479 2591 2480
f 2592 2478 2593
f 2590 363 2421
f 2596 392 2458
f 2533 2564 2546
f 2533 2546 2532
f 2532 2557 2533
f 2569 2557 2568
f 406 401 400
f 2498 2507 2508
f 2579 2482 2490
f 361 365 434
f 2476 445 2475
f 2796 2598 2345
f 2345 2605 2374
f 2609 2603 2607
f 2607 2601 2609
f 2604 2608 2599
f 2606 2613 2617
f 2617 2600 2606
f 2616 2598 2610
f 2629 2624 2630
f 2821 2890 2889
f 2618 2631 2625
f 2821 2887 2816
f 2816 2888 2644
f 2960 2894 2895
f 2916 2650 2915
f 2654 2635 2647
f 2655 2637 2651
f 2644 2899 2646
f 2656 2638 2642
f 2653 2636 2639
f 2641 2649 2633
f 2666 2673 2671
f 2674 2672 2659
f 2663 2678 2673
f 2664 2680 2676
f 2667 2658 2668
f 2669 2665 2670
f 2694 2685 2690
f 2684 2695 2691
f 2706 2707 2698
f 2715 2702 2712
f 2716 2707 2706
f 2706 2711 2716
f 2714 2700 2703
f 2715 2701 2705
f 2737 2721 2739
f 2741 2727 2738
f 2724 2718 2720
f 2725 2739 2726
f 2732 2741 2738
f 2741 2746 2734
f 2751 2742 2747
f 2750 2732 2744
f 2748 2722 2752
f 2769 2760 2750
f 2750 2758 2769
f 2771 2755 2766
f 2716 2759 2768
f 2770 2756 2761
f 2716 2757 2763
f 2773 2787 2784
f 3052 2787 3048
f 3006 2775 3000
f 2782 2774 2780
f 2783 2775 2779
f 2779 2773 2783
f 2782 2772 2778
f 2783 2785 2775
f 2906 2909 2907
f 2619 2984 2391
f 2403 3002 2385
f 2619 2997 2984
f 2696 2994 2685
f 2661 2657 2660
f 2635 2995 3001
f 2612 2655 2609
f 2655 2614 2609
f 2402 2391 2984
f 2656 2710 2715
f 2715 2652 2656
f 2771 2782 2758
f 2769 2782 2780
f 2636 2995 2632
f 2660 2788 2677
f 2829 2823 2822
f 2819 2827 2825
f 2878 2902 2892
f 2311 2310 2867
f 2830 2822 2825
f 2825 2827 2830
f 2836 2817 2818
f 2924 2340 2937
f 2845 2846 2843
f 2805 2802 2813
f 2872 2307 2871
f 2803 2813 2802
f 2970 2865 2969
f 2915 2913 2916
f 2811 2807 2800
f 2852 2857 2853
f 2967 2876 2968
f 2877 2892 2891
f 2893 2877 2891
f 2815 2797 2809
f 2889 2880 2881
f 2343 2932 2919
f 2887 2892 2888
f 2821 2891 2887
f 2846 2847 2959
f 2900 2896 2902
f 2933 2835 2932
f 2913 2915 2911
f 2915 2914 2918
f 2922 2329 2326
f 2967 2958 2824
f 2967 2859 2958
f 2900 2897 2898
f 2921 2338 2936
f 2328 2329 2923
f 2896 2900 2898
f 2342 2925 2339
f 2906 2846 2884
f 2021 2939 2904
f 2961 2835 2836
f 3050 2837 2840
f 2968 2876 2957
f 2967 2878 2877
f 2813 2803 2964
f 2824 2966 2967
f 2858 2859 2957
f 2842 2837 2839
f 2846 2840 2843
f 2776 2772 2781
f 2720 2730 2731
f 2387 2985 2390
f 2738 2736 2732
f 2721 2747 2735
f 2752 2744 2748
f 2753 2755 2762
f 2765 2737 2749
f 2733 2749 2737
f 2743 2751 2747
f 2753 2758 2744
f 2855 2858 2969
f 2337 2336 2901
f 2966 2824 2834
f 2815 2817 2826
f 2973 2889 2976
f 2893 2973 2977
f 2976 2881 2974
f 2959 2971 2975
f 2979 2304 2972
f 2884 2959 2885
f 2982 2972 2858
f 2959 2884 2846
f 2306 2975 2971
f 2974 2978 2976
f 2883 2974 2881
f 2817 2815 2809
f 2865 2874 2864
f 2865 2849 2851
f 2759 3007 3008
f 2369 2789 2367
f 2795 2608 2794
f 2795 2599 2608
f 2601 2374 2605
f 2791 2601 2607
f 2792 2345 2354
f 2792 2355 2346
f 2351 2348 2793
f 2351 2372 2348
f 2370 2349 2375
f 2353 2384 2381
f 2384 2368 2381
f 2347 2379 2357
f 2604 2611 2615
f 2366 2368 2790
f 2358 2602 2606
f 2368 2365 2363
f 2361 2362 2380
f 2368 2364 2790
f 2789 2359 2360
f 2789 2360 2367
f 2361 2363 2362
f 2638 2652 3003
f 2633 2626 2641
f 2405 2643 2625
f 2396 2397 2398
f 2394 2395 2399
f 3002 2395 2406
f 2387 2386 2401
f 2387 3002 2998
f 2391 2390 2985
f 2389 2625 2621
f 2410 2621 2627
f 2627 2400 2410
f 2997 2643 2984
f 2997 2628 2618
f 2622 2641 2626
f 2637 2623 2638
f 2642 2623 2627
f 2995 2636 3001
f 2850 2851 2849
f 2798 2840 2818
f 2843 2840 2837
f 2827 2820 2828
f 2925 2828 2933
f 2933 2343 2925
f 2822 2830 2829
f 2602 2614 2613
f 2358 2603 2602
f 2703 2696 2694
f 2686 2680 2662
f 2664 2676 2788
f 2672 2668 2675
f 2675 2679 2659
f 2665 2680 2682
f 2686 2683 2692
f 2669 2692 2683
f 2678 2688 2669
f 2701 2694 2686
f 2701 2692 2705
f 2688 2705 2692
f 2710 2703 2701
f 2654 2710 2645
f 2640 2645 2634
f 2627 2634 2642
f 2634 2631 2640
f 2628 2640 2631
f 2631 2634 2621
f 2631 2621 2625
f 2388 2404 2392
f 2388 2624 2404
f 2619 2404 2624
f 2620 2630 2624
f 2633 2630 2620
f 2639 2632 2630
f 2649 2639 2633
f 2616 2649 2612
f 2612 2605 2616
f 2600 2373 2347
f 2599 2373 2604
f 2380 2352 2361
f 2357 2377 2352
f 2376 2350 2371
f 2681 2663 2666
f 2681 2687 2663
f 2695 2687 2691
f 2698 2702 2688
f 2706 2698 2693
f 2693 2697 2706
f 2704 2711 2697
f 2711 2708 2770
f 2711 2761 2757
f 2992 2767 2766
f 3007 2759 2745
f 2745 2763 2749
f 2757 2749 2763
f 2990 2753 2752
f 2729 2726 2727
f 2988 2729 2734
f 2747 2723 2735
f 2722 2748 2736
f 3004 2764 2989
f 2987 2733 2988
f 2751 2757 2761
f 2761 2754 2751
f 2990 2756 2992
f 3008 2769 2993
f 2677 2691 2681
f 2690 2676 2680
f 2684 2704 2695
f 2994 2700 2991
f 2712 2707 2713
f 2285 2283 2292
f 2287 2271 2270
f 2266 2239 2236
f 2226 2211 2209
f 2118 2103 2132
f 2156 2143 2141
f 2088 2103 2118
f 3071 2066 2052
f 2070 2057 2079
f 2014 1997 2007
f 2042 2055 2040
f 2040 2039 2042
f 1937 2024 2034
f 2019 2016 2017
f 2610 2795 2794
f 2346 2795 2796
f 2629 2997 2619
f 2632 2996 2629
f 2651 2638 3003
f 2674 2668 2672
f 2708 2991 2709
f 2671 2673 2670
f 2994 2699 2684
f 2659 2679 2661
f 2734 2987 2988
f 2768 3008 2993
f 2669 2673 2678
f 2689 2698 2688
f 2754 2990 2742
f 3042 2774 3039
f 2730 3004 2719
f 2733 2729 2988
f 2753 2992 2755
f 2717 2730 2720
f 2781 3005 2776
f 3047 2774 3042
f 2647 2714 2654
f 2616 2648 2653
f 3053 3050 2798
f 3054 2794 3053
f 3057 2767 2708
f 3057 2766 2767
f 3049 2617 3059
f 3059 2866 2838
f 3062 2860 3061
f 3063 2861 3062
f 3058 2849 3064
f 3065 2993 3064
f 3065 2864 3066
f 2712 3003 2652
f 2404 2985 2403
f 2392 2403 2385
f 2409 2385 2406
f 2406 2397 2409
f 2398 2386 2408
f 2387 2393 2386
f 3018 3017 3010
f 2390 2405 2387
f 3020 3036 3016
f 3013 3029 3021
f 3029 3033 3023
f 3013 3040 3029
f 3040 3033 3029
f 3036 3032 3039
f 3039 2778 3036
f 3036 3019 3032
f 2793 2355 2792
f 2377 2348 2375
f 2352 2375 2349
f 3035 3038 3013
f 3041 3038 3030
f 3026 3010 3025
f 2383 2349 2382
f 2382 2364 2383
f 3012 3025 3016
f 2778 3034 3012
f 3044 3041 3030
f 3044 3030 3031
f 3045 3015 3046
f 2359 2366 2790
f 3026 3022 3018
f 3024 3017 3018
f 2350 2381 2369
f 3034 3015 3027
f 3043 3032 3019
f 3047 3032 3043
f 3047 3042 3032
f 3044 2776 3005
f 3011 3009 3028
f 3033 3047 3043
f 3023 3020 3021
f 3014 3046 3030
f 2376 2353 2350
f 2351 2378 2376
f 2354 2793 2792
f 3038 2773 2779
f 2779 3040 3038
f 3033 2775 3006
f 3048 2777 3005
f 2786 3005 2781
f 3067 2807 2804
f 2780 3006 3000
f 3067 3048 2786
f 2848 2853 3058
f 2798 3054 3053
f 2808 3054 2797
f 2799 3055 2808
f 2801 2807 3057
f 2838 3049 3059
f 2613 3059 2617
f 2866 3061 2860
f 2614 3062 3061
f 2614 3063 3062
f 2865 3064 2849
f 2768 3066 2713
f 2713 3066 2712
f 2862 3063 2863
f 2766 2781 2771
f 2784 3052 2805
f 2783 2805 3051
f 2848 2783 3051
f 2780 3000 2999
f 2785 3000 2775
f 2999 3058 2769
f 2980 2979 2974
f 2881 2882 2883
f 2879 2882 2880
f 2258 2255 2271
f 2147 2146 2161
f 2055 2063 2047
f 2047 2040 2055
f 2040 2047 2046
f 1937 2034 2043
f 2019 1939 2018
f 2017 2962 2904
f 2904 2024 2017
f 2024 2939 2039
f 3073 2083 2081
f 2943 2103 2942
f 2952 2229 2951
f 2664 2660 2657
f 2661 2660 2681
f 2682 2657 2679
f 2665 2679 2658
f 2667 2670 2665
f 2670 2667 2986
f 2674 2670 2986
f 2671 2674 2666
f 2659 2666 2674
f 2661 2666 2659
f 2740 2736 2738
f 2740 2738 2728
f 2726 2728 2727
f 2724 2739 2718
f 2721 2717 2718
f 2723 2717 2735
f 3016 3025 3010
f 3016 3010 3017
f 3011 3013 3022
f 3045 3028 3009
f 3009 3015 3045
f 2067 2057 2053
f 2065 2052 2050
f 2050 2051 2065
f 2051 2048 2064
f 2056 2063 2071
f 2055 2071 2063
f 2055 2042 2069
f 2054 2062 2068
f 2076 2093 2075
f 2091 2072 2073
f 2087 2942 2103
f 2074 2082 3074
f 2088 2069 2087
f 2073 2071 2090
f 2079 2067 2080
f 2070 3072 2061
f 2083 3072 2084
f 460 5 461
f 19 3075 20
f 468 19 467
f 463 10 12
f 464 12 13
f 14 464 13
f 469 17 3075
f 3077 3076 3078
f 3081 3104 3080
f 3082 3104 3081
f 3098 3084 3085
f 3095 3089 3088
f 3092 3076 3106
f 3094 3093 3091
f 3095 3093 3094
f 5309 3106 3077
f 3094 3091 3108
f 3092 3109 3091
f 3102 3108 3109
f 3111 3102 3109
f 3111 5421 3102
f 3114 3111 3110
f 3116 3111 3117
f 43 3117 3114
f 41 3117 42
f 3120 3104 3121
f 3112 3124 3110
f 3114 49 43
f 3126 3124 3106
f 3125 3106 5309
f 3107 3124 3112
f 3128 3121 3131
f 3137 3125 3123
f 3123 3128 3137
f 3138 3124 3126
f 3135 3126 3125
f 3124 49 3114
f 3144 3142 3135
f 3145 3135 3136
f 3148 3147 3152
f 3156 3128 3155
f 3156 3155 3157
f 3132 3166 3133
f 3122 3133 3166
f 3171 60 102
f 3174 103 106
f 3163 3176 3175
f 3176 3174 105
f 3175 3193 3163
f 3168 3167 3185
f 3169 3181 3177
f 3178 3179 3182
f 3177 3168 3185
f 5385 117 116
f 3191 3187 3395
f 3183 3167 3194
f 3194 3167 3168
f 3194 3182 3195
f 3195 3182 3193
f 3199 3198 3202
f 3207 3199 3187
f 3205 3204 3201
f 5426 3186 5385
f 3208 3196 149
f 3209 3207 150
f 3197 3191 3196
f 122 149 3184
f 3211 3204 3210
f 3190 3211 3188
f 3188 3211 3212
f 3216 3211 3210
f 3212 3217 161
f 3215 3210 3213
f 3187 3197 3207
f 150 3208 148
f 3209 165 3219
f 3222 3201 3221
f 3223 3205 3222
f 3223 3229 3224
f 3219 3236 3218
f 165 179 3219
f 3218 3236 3228
f 3223 3222 3227
f 3220 3225 3230
f 3235 3223 3232
f 3226 3222 3221
f 3236 3238 3228
f 3236 192 3238
f 245 232 3271
f 3238 3243 3244
f 3245 3232 3242
f 232 3262 3271
f 208 3262 220
f 192 198 3243
f 3234 3235 3245
f 3242 3232 3227
f 3252 187 3234
f 3243 207 3251
f 3252 3245 3253
f 3250 3242 3249
f 3246 3241 3237
f 3237 3247 3246
f 3262 3253 3259
f 3253 3242 3250
f 3234 180 3229
f 3257 3248 3256
f 180 3224 3229
f 3251 219 3260
f 3259 3249 3258
f 3247 3254 3246
f 3251 3260 3261
f 3273 3259 3268
f 162 3217 3216
f 3260 231 3269
f 3271 3262 3272
f 3268 3258 3267
f 3261 3269 3270
f 3274 3266 3263
f 3263 3275 3274
f 3270 3280 3281
f 3279 3273 3268
f 3280 3288 3281
f 3284 3277 3276
f 244 256 3292
f 3281 3288 3289
f 3300 3291 3296
f 3299 258 3290
f 3283 3294 3293
f 3289 3294 3283
f 3295 3285 3284
f 256 266 3292
f 3292 3297 3288
f 3291 3299 3290
f 3288 3298 3289
f 3288 3297 3298
f 3293 3294 3298
f 3305 3214 276
f 3317 3316 3327
f 3319 3328 3329
f 3331 3322 3333
f 3330 3332 3333
f 309 311 3336
f 3325 3351 3323
f 3321 3351 3350
f 3320 3350 3349
f 3318 3349 3348
f 3351 3358 3357
f 3348 3355 3354
f 3349 3356 3355
f 3350 3357 3356
f 3357 3363 3362
f 3356 3362 3361
f 3362 3368 3367
f 3451 356 355
f 3421 3376 3375
f 3427 3430 3429
f 3371 3393 3364
f 3141 3140 3118
f 3120 3123 3103
f 3124 3107 3106
f 3313 3312 3394
f 3335 3399 3337
f 3339 3338 3344
f 3344 3338 3340
f 3342 3332 3329
f 3314 3326 3313
f 3313 3316 3436
f 3418 3374 3382
f 5440 3379 3378
f 3420 5427 3377
f 5410 391 2461
f 3455 3406 5411
f 3392 3393 5418
f 3454 3393 3371
f 3415 3414 3412
f 3419 3418 3437
f 3409 3406 3410
f 3153 3152 3431
f 3449 3448 3455
f 3315 3400 3335
f 396 3448 3449
f 5431 3444 3456
f 3454 3442 3441
f 353 391 3441
f 3438 3439 3431
f 3126 3146 3138
f 3188 3212 3305
f 276 280 3309
f 3336 3400 3334
f 306 309 3336
f 304 3306 277
f 5407 3398 4634
f 3453 3329 3328
f 427 3143 437
f 3372 356 3451
f 3373 3440 357
f 3371 3442 3454
f 3439 3443 5518
f 3076 3458 3457
f 6021 3081 3080
f 3459 3080 3078
f 3462 3088 3087
f 3461 3084 3460
f 3470 3090 3462
f 3469 3461 3468
f 3472 3464 3473
f 3471 6022 3090
f 3468 3460 3083
f 3466 6021 3459
f 3467 3083 6021
f 3465 3463 3472
f 3483 3465 3472
f 3478 3469 3468
f 3477 3467 3476
f 3475 3457 3474
f 3481 3471 3470
f 3484 3472 3473
f 3476 3466 3475
f 3465 3474 3457
f 3496 3474 3483
f 3474 3487 3486
f 3494 3481 3480
f 3493 3478 3492
f 3490 3477 3476
f 3486 3475 3474
f 3485 3498 3484
f 3497 3484 3498
f 3495 3482 3481
f 3489 3476 3475
f 3492 3478 3491
f 3505 3495 3494
f 3508 3497 3498
f 3492 3491 3501
f 3508 3498 3509
f 3507 3496 3497
f 3505 3494 3504
f 3500 3490 3499
f 3486 3511 3510
f 3514 3496 3507
f 3502 3492 3513
f 3512 3486 3510
f 3489 3488 3512
f 3508 3515 3526
f 3526 3507 3508
f 3517 3489 3516
f 3518 3505 3504
f 3496 3514 3521
f 3522 3515 3509
f 3520 3506 3525
f 3512 3516 3489
f 3510 3523 3512
f 3501 3531 3513
f 3511 3521 3534
f 3513 3524 3502
f 3518 3525 3506
f 3517 3529 3500
f 3523 3528 3516
f 3514 3527 3533
f 3501 3529 3531
f 3530 3538 3525
f 3513 3531 3537
f 3528 3536 3517
f 3520 3535 3522
f 3552 3539 3551
f 3549 3542 3550
f 3544 3543 3547
f 3541 3551 3539
f 3540 3552 3546
f 3551 3541 3545
f 3541 3547 3548
f 3536 3546 3531
f 3536 3550 3546
f 3552 3537 3531
f 3532 3551 3530
f 3378 3312 3402
f 3118 3140 3105
f 3460 3468 3461
f 3590 3581 3633
f 3634 3602 3635
f 3603 3611 3602
f 3661 3679 3644
f 3780 3595 3781
f 3596 3625 3595
f 3626 3770 3625
f 3779 3596 3780
f 3577 3569 3568
f 3587 3578 3577
f 3629 3608 3628
f 3570 3561 3560
f 3561 3622 3560
f 3600 3599 3783
f 3600 3629 3599
f 599 600 3661
f 3615 3634 3601
f 3601 3635 3610
f 3645 3676 3675
f 3645 3675 3674
f 600 3674 3665
f 3646 3661 3644
f 3637 3346 3341
f 3639 3324 3331
f 3659 3363 3656
f 3660 3352 3662
f 3657 3659 3643
f 3656 3660 3655
f 3643 3656 3647
f 3641 3657 3642
f 3641 3640 3658
f 3331 3638 3639
f 3583 3668 3669
f 3646 3669 3673
f 3324 3639 3664
f 3661 3665 3679
f 3673 3666 687
f 3673 3661 3646
f 3678 3587 3665
f 697 654 3681
f 3682 3689 3680
f 3681 3680 3689
f 3692 3685 3693
f 3701 3705 3704
f 3698 3699 3703
f 4655 3700 3704
f 3708 3704 3709
f 3713 3709 3714
f 3710 3707 3711
f 4656 3708 3712
f 3715 3710 3716
f 3712 3713 3718
f 3719 739 697
f 3721 741 740
f 697 3681 3719
f 3743 3734 3733
f 4695 3774 4694
f 3756 3751 3774
f 3765 3607 3771
f 3757 3765 3751
f 3749 3745 3754
f 3762 3755 3749
f 3757 3764 3758
f 3754 3746 3759
f 3762 3754 3766
f 3765 3758 3770
f 3751 3771 3774
f 3620 3781 3619
f 3621 3780 3620
f 3619 3782 3618
f 3622 3783 3621
f 3753 3743 3752
f 3753 3744 3743
f 3797 3768 3763
f 3760 3761 3795
f 3635 3611 3793
f 3766 3759 3794
f 3796 3767 3762
f 3810 3798 3768
f 3795 3790 3799
f 3811 3808 3817
f 4698 3809 4697
f 3815 3799 3793
f 3806 3795 3816
f 3800 3801 3812
f 3817 3807 3831
f 3814 3825 3824
f 4698 3832 3809
f 3835 3838 3834
f 3840 3834 3833
f 3836 3833 3838
f 3841 3851 3834
f 3837 3846 3840
f 3850 3851 3841
f 3843 3869 3839
f 3846 3847 3840
f 3855 3843 3839
f 3844 3859 3845
f 3862 3851 3850
f 3857 3864 3858
f 3861 4799 3862
f 3677 3856 3843
f 3840 3848 3834
f 3836 3853 3842
f 3848 3841 3834
f 3851 3852 3835
f 3561 3570 3863
f 3856 3677 3676
f 3870 3857 3856
f 3864 3857 3870
f 887 3870 601
f 4379 3881 3903
f 3922 4214 3928
f 3918 4215 4224
f 3874 3901 3926
f 4249 3885 4255
f 4251 3890 4250
f 3921 3879 3919
f 3924 3873 3918
f 3887 3873 4252
f 3891 3892 4223
f 3900 3893 3934
f 3912 3894 3898
f 3910 3897 3916
f 3896 3897 3899
f 4379 3880 3884
f 3926 3875 3922
f 3947 3906 3939
f 3939 3907 3940
f 3895 3943 3944
f 3896 3899 4221
f 3891 3913 3893
f 3891 3905 3892
f 3941 3915 3945
f 3923 3916 3896
f 3930 3911 3912
f 3922 3916 3926
f 3915 3938 3945
f 3904 3920 4222
f 3921 3919 3887
f 3872 3890 3885
f 4220 3919 3879
f 3874 3902 3901
f 3925 3917 3928
f 3873 4216 4215
f 3876 4217 4214
f 3884 3902 3904
f 4252 3873 3888
f 4217 3876 3884
f 3901 3876 3875
f 4251 3885 3890
f 4216 3919 4222
f 3940 3907 3942
f 3885 3928 3872
f 3938 3906 3947
f 4256 3885 4249
f 3924 3911 3930
f 3943 3929 3941
f 3891 3917 3913
f 3935 3929 3914
f 3934 3914 3895
f 3936 3915 3929
f 3907 3933 3909
f 3937 3927 3915
f 3907 3931 3932
f 3927 3931 3906
f 4252 3942 4258
f 4381 3942 4380
f 3944 3943 3912
f 4259 3939 4252
f 3947 3939 4259
f 3912 3941 3930
f 3945 3938 4257
f 3905 3948 3897
f 3898 3950 3949
f 3934 3950 3900
f 3950 3899 3948
f 3917 4256 4254
f 3917 4223 3928
f 3985 3963 3984
f 4385 3962 4227
f 4389 4226 4384
f 4004 3954 3951
f 3999 4231 4233
f 4005 3953 3997
f 3971 3952 3999
f 4383 3964 4389
f 3972 3959 4390
f 4233 3994 3977
f 3995 3978 4002
f 3991 4230 3975
f 3982 3976 4028
f 3994 3978 3977
f 3978 3981 3977
f 3973 3980 3978
f 3983 3955 3954
f 3985 3984 3962
f 4005 3954 4004
f 3968 3988 4382
f 4028 3992 4025
f 3977 3981 4230
f 3974 4267 4013
f 3973 3989 3974
f 3993 4268 4267
f 3989 3973 4232
f 3996 3972 4263
f 3969 3957 3970
f 3959 3998 3958
f 3966 3983 3985
f 4021 3986 3987
f 3955 3966 4228
f 4002 3994 4000
f 3956 3983 3997
f 4231 3957 4225
f 3998 3951 3958
f 4261 3967 3998
f 3983 3961 3985
f 4021 3987 4022
f 4225 3960 4229
f 4024 3987 3988
f 3954 3955 3951
f 3970 3952 3971
f 3971 3999 4001
f 3967 4007 3951
f 4026 4006 3986
f 4268 3967 4260
f 4019 4006 4020
f 4000 4005 4002
f 4002 4004 3995
f 4001 3990 3991
f 4025 4008 4023
f 4014 4008 3992
f 4013 3992 3976
f 4018 4003 4008
f 4003 4016 4017
f 3987 4009 4015
f 3987 4012 3988
f 4006 4009 3986
f 4266 4022 4024
f 4383 4024 3968
f 3975 4025 3991
f 4264 4020 4026
f 3991 4023 4269
f 3982 4028 3975
f 4264 4021 4265
f 3982 3980 3979
f 4023 4003 4019
f 4269 4019 4270
f 4065 4040 4064
f 4236 4039 4042
f 4037 4235 4237
f 4239 4030 4031
f 4276 4045 4044
f 4047 4037 4075
f 4274 4041 4037
f 4044 4029 4082
f 4239 4056 4069
f 4053 4275 4087
f 4074 4238 4240
f 4079 4062 4056
f 4051 4053 4059
f 4059 4086 4058
f 4058 4098 4096
f 4056 4057 4061
f 4043 4064 4039
f 4093 4066 4076
f 4055 4070 4098
f 4053 4087 4086
f 4052 4057 4062
f 4082 4386 4044
f 4072 4271 4275
f 4045 4074 4029
f 4081 4077 4033
f 4043 4063 4065
f 4234 4043 4236
f 4077 4034 4063
f 4032 4081 4234
f 4062 4031 4077
f 4271 4072 4045
f 4032 4077 4081
f 4277 4386 4272
f 4063 4038 4065
f 4095 4076 4068
f 4092 4080 4066
f 4078 4062 4032
f 4049 4069 4054
f 4070 4071 4094
f 4074 4072 4053
f 4066 4089 4076
f 4087 4071 4070
f 4086 4070 4055
f 4076 4085 4068
f 4080 4083 4066
f 4274 4093 4095
f 4098 4070 4278
f 4278 4094 4280
f 4273 4092 4093
f 4092 4279 4280
f 4052 4099 4057
f 4059 4100 4238
f 4099 4238 4100
f 4094 4080 4092
f 4071 4088 4080
f 4246 4105 4104
f 4388 4108 4243
f 4142 4241 4247
f 4248 4105 4246
f 4145 4102 4141
f 4287 4111 4147
f 4116 4107 4041
f 4138 4129 4247
f 4138 4117 4129
f 4130 4117 4123
f 4130 4123 4122
f 4145 4103 4142
f 4162 4132 4161
f 4149 4163 4160
f 4136 4137 4120
f 4134 4129 4130
f 4248 4130 4137
f 4142 4134 4145
f 4114 4105 4115
f 4107 4147 4106
f 4140 4125 4109
f 4144 4137 4136
f 4158 4126 4127
f 4102 4134 4130
f 4141 4104 4124
f 4163 4126 4157
f 4115 4105 4144
f 4281 4135 4112
f 4282 4112 4111
f 4283 4147 4116
f 4124 4245 4125
f 4111 4101 4106
f 4104 4108 4245
f 4106 4147 4111
f 4159 4127 4128
f 4103 4242 4241
f 4141 4140 4103
f 4112 4148 4101
f 4132 4160 4161
f 4138 4135 4131
f 4387 4128 4283
f 4154 4149 4132
f 4153 4132 4121
f 4156 4133 4149
f 4133 4155 4126
f 4127 4150 4151
f 4126 4155 4150
f 4285 4159 4387
f 4160 4163 4288
f 4284 4158 4159
f 4284 4157 4158
f 4164 4121 4162
f 4121 4165 4153
f 4119 4164 4162
f 4118 4153 4165
f 4117 4165 4123
f 4135 4281 4286
f 4202 4167 4168
f 4171 4167 4201
f 4192 4187 4186
f 4188 4207 4205
f 4191 4179 4187
f 4193 4173 4194
f 4172 4174 4182
f 4182 4205 4206
f 4186 4178 4175
f 4180 4177 4211
f 4187 4179 4178
f 4173 4181 4179
f 4176 4175 4183
f 4172 4188 4174
f 4193 4203 4188
f 4190 4186 4176
f 4195 4179 4197
f 4192 4190 4196
f 4193 4194 4195
f 4168 4200 4184
f 4184 4199 4169
f 4209 4185 4171
f 4204 4203 4170
f 4197 4202 4184
f 4195 4184 4169
f 4211 4189 4210
f 4205 4189 4177
f 4206 4177 4180
f 4185 4208 4204
f 4176 4210 4190
f 4183 4211 4176
f 4206 4180 4183
f 4183 4213 4206
f 4206 4213 4182
f 4182 4213 4172
f 4213 4178 4181
f 4173 4213 4181
f 4201 4191 4192
f 4189 4209 4210
f 4207 4203 4208
f 4202 4197 4191
f 4189 4208 4198
f 4210 4196 4190
f 4219 3883 3878
f 3877 4216 3920
f 3918 4224 3911
f 4223 3910 3922
f 4223 3892 3910
f 3911 3896 3894
f 3894 4221 3898
f 3878 4217 4219
f 4216 3877 3874
f 3920 4216 4222
f 4224 3874 3923
f 3905 3950 3948
f 4385 3965 4390
f 4000 4231 3953
f 3999 3977 3990
f 3990 3977 4230
f 3953 4231 3956
f 3958 4228 3959
f 3956 4229 3961
f 4236 4042 4386
f 4240 4052 4078
f 4069 4056 4060
f 4036 4234 4236
f 4032 4082 4029
f 4038 4075 4237
f 4240 4029 4074
f 4238 4099 4052
f 4060 4099 4100
f 4242 4106 4101
f 4388 4243 4110
f 4247 4101 4148
f 4137 4122 4119
f 4102 4246 4146
f 4247 4139 4142
f 4107 4242 4244
f 4146 4246 4104
f 4165 4122 4123
f 3931 4249 4255
f 3913 3936 3935
f 3893 3935 3934
f 3932 4251 3933
f 3932 4255 4251
f 3937 4249 3931
f 3887 4258 3921
f 3882 3942 4381
f 3924 3947 3888
f 3930 3945 3924
f 3888 4259 4252
f 3944 3898 3949
f 4254 3937 3936
f 4012 4263 4382
f 4267 4018 4014
f 3974 4013 3979
f 4267 4016 4018
f 4015 4260 4261
f 4010 3996 4012
f 4017 4260 4009
f 3969 4265 4266
f 3971 4270 4264
f 3991 4269 4001
f 4001 4270 3971
f 3971 4265 3970
f 4083 4276 4089
f 4275 4088 4091
f 4088 4271 4090
f 4089 4272 4085
f 4090 4271 4083
f 4047 4273 4274
f 4054 4280 4049
f 4048 4279 4273
f 4060 4098 4054
f 4096 4100 4058
f 4058 4100 4059
f 4151 4282 4287
f 4131 4156 4154
f 4118 4154 4153
f 4286 4155 4156
f 4128 4287 4283
f 4114 4284 4285
f 4115 4288 4284
f 4120 4160 4136
f 4136 4288 4144
f 4382 4292 4027
f 4296 4109 4110
f 4113 4285 4301
f 4289 4250 4300
f 4296 4243 4299
f 4285 4387 4301
f 4067 4294 4097
f 4250 3889 4300
f 4294 4084 4292
f 4108 4299 4243
f 3908 4678 3946
f 4676 4292 4677
f 4301 4298 4680
f 4679 4291 4675
f 4675 4305 4307
f 4309 4307 4319
f 4235 4293 4040
f 4307 4305 4319
f 4319 4329 4332
f 4328 4303 4302
f 4042 4039 4340
f 4316 4321 4335
f 4333 4309 4334
f 4316 4312 4321
f 4309 4333 4310
f 4361 4363 4375
f 4371 4364 4358
f 4355 4320 4342
f 4327 4365 4373
f 4624 4687 4377
f 4326 4378 4355
f 4340 3963 4226
f 4325 4362 4359
f 4296 4344 4295
f 4222 4379 3904
f 3879 4218 4220
f 4258 3882 3879
f 3890 3883 3889
f 4380 3908 3946
f 4381 3946 4253
f 4220 3881 4222
f 3886 4381 4253
f 3966 4385 4228
f 3960 4384 4229
f 3969 4389 3960
f 4263 3886 4262
f 4046 4095 4097
f 4067 4085 4084
f 4382 4262 4011
f 3961 4384 3963
f 4228 4390 3959
f 3886 4390 3965
f 4084 4272 4050
f 4244 4109 4041
f 4038 4237 4040
f 4050 4386 4042
f 4236 4386 4036
f 4097 4068 4067
f 4244 4041 4107
f 4245 4108 4388
f 3828 3829 4398
f 4395 4409 4394
f 4410 4391 4396
f 4396 4406 4410
f 4392 4407 4406
f 4395 4403 4418
f 4405 4399 4391
f 4416 4700 4701
f 4407 4421 4406
f 4420 4414 4405
f 4426 4415 4411
f 4409 4423 4408
f 4430 4415 4426
f 4395 4424 4409
f 4422 4433 4421
f 4442 4420 4432
f 4443 4426 4439
f 4424 4435 4423
f 4430 4447 4431
f 4425 4436 4424
f 4432 4410 4438
f 4421 4438 4410
f 4461 4702 4703
f 4448 4438 4454
f 4433 4454 4438
f 4461 4445 4701
f 4434 4449 4433
f 4463 4445 4462
f 4453 4446 4463
f 4437 4452 4436
f 4478 4462 4461
f 4479 4463 4462
f 4460 4477 4464
f 4449 4471 4454
f 4472 4473 4487
f 4477 4476 4489
f 4486 4465 4471
f 4502 4491 4490
f 4488 4475 4499
f 4505 4499 4465
f 4495 4496 4508
f 4501 4500 4511
f 4513 4503 4502
f 4498 4487 4510
f 4501 4521 4504
f 4517 4505 4509
f 4510 4488 4519
f 4522 4497 4503
f 4511 4498 4518
f 4508 4496 4516
f 4513 4512 4529
f 4526 4519 4535
f 4539 4524 4522
f 4516 4523 4534
f 4537 4527 4545
f 4538 4529 4546
f 4547 4536 4531
f 4534 4541 4549
f 4537 4552 4540
f 4551 4539 4538
f 4560 4544 4535
f 4549 4557 4556
f 4537 4545 4562
f 4563 4707 4708
f 4550 4554 4553
f 4551 4546 4563
f 4548 4555 4554
f 4363 4353 4375
f 4304 4328 4302
f 4308 4378 3962
f 4227 3962 4574
f 4575 3881 4218
f 4227 3882 3965
f 4218 4574 4575
f 4363 4293 4353
f 4296 4336 4358
f 4235 4295 4293
f 4572 4554 4567
f 4167 4171 4579
f 4200 4168 4578
f 4580 4577 4199
f 4212 4576 4582
f 4582 4579 4212
f 4578 4167 4581
f 4578 4581 4584
f 4585 4580 4200
f 4204 4583 4587
f 4584 4579 4586
f 4170 4577 4583
f 4587 4576 4204
f 4582 4576 4589
f 4589 4586 4582
f 4588 4585 4578
f 4583 4596 4587
f 4593 4586 4595
f 4577 4591 4583
f 4596 4576 4587
f 4588 4584 4593
f 4592 4585 4594
f 4577 4580 4592
f 4592 4594 4601
f 4596 4591 4603
f 4599 4595 4602
f 4603 4590 4596
f 4589 4597 4604
f 4604 4595 4589
f 4601 4588 4600
f 4600 4593 4599
f 4324 4592 4323
f 4338 4598 4324
f 4347 4607 4348
f 4346 4606 4347
f 4356 4625 4689
f 4619 4370 4330
f 3886 3965 3882
f 3968 4042 3964
f 4262 3886 4253
f 4253 4011 4262
f 3946 4291 4011
f 4685 4332 4329
f 4319 4334 4309
f 4603 4338 4339
f 3968 4084 4050
f 4097 4298 4152
f 4680 4294 4676
f 4335 4310 4333
f 4679 4312 4677
f 4313 4337 4315
f 4320 4290 4359
f 4299 4314 4336
f 4597 4339 4351
f 4360 4623 4624
f 4367 4365 4376
f 4373 4366 4327
f 4352 4597 4351
f 4604 4682 4602
f 4372 4599 4331
f 4368 4688 4623
f 4560 4367 4559
f 4632 3332 3342
f 3452 3401 3337
f 4633 3311 4634
f 3240 4635 3227
f 3258 4635 4636
f 3266 3274 3276
f 3241 3246 3248
f 3240 3231 3248
f 3221 3230 3231
f 3200 3202 3201
f 3172 3164 3165
f 3668 3583 3589
f 3571 3580 4640
f 3555 3562 3565
f 4645 3612 4646
f 3823 4649 4648
f 4573 4674 4562
f 3667 4632 3346
f 3346 4632 3343
f 3200 3204 4639
f 3222 3205 3201
f 3227 3226 3240
f 3227 4635 3242
f 4635 3249 3242
f 4636 3240 3257
f 3287 3295 3296
f 3295 3286 3293
f 3286 3276 3274
f 3248 3237 3241
f 3221 3231 3226
f 3220 3201 3202
f 4639 3395 3187
f 3122 3180 5381
f 3565 3571 3574
f 3555 4641 3617
f 3813 4647 3802
f 4366 4567 4360
f 4365 4560 4561
f 4533 4650 4555
f 3711 3707 4656
f 3785 4659 3784
f 4664 3811 4404
f 4666 4419 4431
f 4667 4431 4447
f 4668 4464 4477
f 4669 4493 4504
f 4670 4504 4521
f 4671 4530 4540
f 4672 4552 4566
f 4306 4678 4300
f 4064 4293 4311
f 4064 4311 4039
f 4291 4679 4292
f 4340 4311 4325
f 4313 4301 4680
f 4678 4289 4300
f 3984 4290 4308
f 4308 3962 3984
f 4574 3962 4378
f 4378 4575 4574
f 3903 4326 4304
f 4304 3880 3903
f 4302 3883 4219
f 4317 4681 4303
f 4113 4314 4297
f 4299 4297 4314
f 4303 3889 3883
f 4313 4680 4676
f 4601 4323 4592
f 4683 4682 4684
f 4357 4331 4683
f 4688 4687 4623
f 4699 4674 4371
f 4328 4350 4687
f 4686 4683 4687
f 4322 4370 4374
f 4629 4618 4615
f 4630 4615 4613
f 4652 4613 4569
f 4568 4689 4625
f 4346 4569 4605
f 4374 4619 4620
f 4691 4609 4692
f 4616 4620 4619
f 4618 4614 4615
f 4614 4690 4615
f 4613 4615 4690
f 4609 4606 4692
f 4692 4605 4690
f 4569 4690 4605
f 4314 4337 4341
f 4344 4376 4375
f 4322 4341 4337
f 4612 4333 4610
f 4608 4332 4349
f 4300 4681 4306
f 4318 4329 4305
f 4318 4305 4306
f 4317 4684 4318
f 3707 4655 3708
f 4657 3721 3720
f 4659 4696 4662
f 4660 4695 4659
f 4661 4695 4660
f 4664 4697 4661
f 4664 4698 4697
f 4622 4699 4371
f 4702 4666 4667
f 4703 4667 4464
f 4668 4703 4464
f 4704 4493 4669
f 4707 4671 4672
f 4570 4625 4368
f 4360 4570 4368
f 4358 4336 4371
f 4423 4715 4422
f 4408 4422 4716
f 4716 4422 4407
f 4649 4407 4393
f 4357 4688 4356
f 4348 4338 4347
f 4338 4346 4347
f 4324 4345 4346
f 4557 4558 4717
f 4630 4558 4565
f 4629 4565 4564
f 4708 4673 4628
f 4555 4651 4570
f 4537 4566 4552
f 4541 4558 4557
f 4553 4547 4550
f 4561 4560 4536
f 4564 4565 4551
f 4650 4556 4651
f 4708 4672 4673
f 4628 4566 4674
f 4717 4630 4652
f 4556 4652 4631
f 4708 4627 4563
f 4559 4364 4573
f 4627 4564 4563
f 4684 4329 4318
f 3744 4725 3735
f 3709 3705 4722
f 3718 4723 4724
f 4721 4731 3705
f 4724 4733 4742
f 4734 4744 4737
f 4723 4732 4741
f 4733 4741 4751
f 4738 4745 4747
f 4748 4759 4749
f 4757 4758 4764
f 4763 1776 1750
f 4759 4766 4760
f 4765 4772 4759
f 4768 4775 4752
f 4762 4767 4773
f 4771 4777 4764
f 4772 4779 4766
f 4837 4783 4784
f 4782 4777 4788
f 1784 4774 1797
f 4777 4784 4791
f 4795 4796 4780
f 4718 4799 4728
f 4818 4809 4819
f 3866 3847 4802
f 4838 4792 4785
f 4745 4801 4756
f 4810 1818 4803
f 3865 3871 4814
f 4819 4806 4820
f 4813 3847 3860
f 3847 4813 4804
f 4808 4804 4813
f 1816 1845 4822
f 4823 4825 4824
f 4786 1816 4822
f 4783 4820 4790
f 4826 4835 4829
f 4820 4828 4836
f 4788 4791 4832
f 4784 4790 4830
f 4773 4797 4774
f 4816 4806 4812
f 4770 4819 4783
f 4785 4815 4838
f 4821 4781 4787
f 4790 4836 4842
f 4791 4830 4841
f 4833 4843 4835
f 1863 2008 2009
f 1861 1810 1941
f 4796 4848 4773
f 1797 4797 1869
f 4794 4847 4795
f 4797 4848 4851
f 1865 1879 2026
f 1875 1870 1871
f 4798 4845 4858
f 4864 1886 1878
f 4853 4860 4861
f 1883 1892 1882
f 4869 4875 4876
f 4881 4895 4888
f 4907 4911 4912
f 1926 4912 1939
f 4917 4916 4922
f 1950 1980 1978
f 1979 1983 1984
f 1974 1982 1981
f 4972 1977 4973
f 4924 4934 4928
f 4935 4939 4929
f 4937 4941 4938
f 4940 4943 4937
f 1972 4972 2012
f 4955 4949 4951
f 4918 4923 4927
f 4957 4960 4962
f 4968 4970 4962
f 4973 4958 4953
f 4854 4850 4853
f 4915 4845 4831
f 4980 4981 4983
f 4983 4985 4984
f 4853 4987 4854
f 4833 4977 4843
f 4755 4765 4748
f 4776 4778 4765
f 4778 4776 4789
f 4789 4793 4778
f 4798 4846 4793
f 4978 4840 4824
f 4862 4869 4870
f 4943 4996 4944
f 4968 4969 4945
f 4999 4968 5002
f 5000 4985 5003
f 5003 5897 5898
f 4906 5009 5007
f 5009 4905 5010
f 4999 5002 5015
f 4943 5013 4996
f 5012 4995 4994
f 4943 4940 5014
f 4997 5014 4940
f 5006 5003 5017
f 4905 4910 5011
f 5015 4945 5022
f 5019 4942 5027
f 5016 5022 4945
f 5019 5025 4997
f 5039 5029 5038
f 5030 5013 6016
f 5080 5061 5064
f 5064 5063 5080
f 5070 5900 5901
f 5062 5061 5079
f 5075 5074 5088
f 5089 5095 5104
f 5092 5101 5109
f 5102 5088 5116
f 5101 5123 5109
f 5107 5093 5124
f 5109 5124 5093
f 5107 5122 5108
f 5118 5141 5116
f 5136 5153 5154
f 5138 5905 5906
f 5159 5151 5144
f 5163 5154 5166
f 5148 5147 5162
f 5154 5163 5149
f 5158 5157 5171
f 5150 5163 5177
f 5188 5174 5173
f 5191 5175 5177
f 5181 5182 5195
f 5180 5178 5192
f 5185 5166 5194
f 5176 5175 5189
f 5185 5190 5163
f 5180 5194 5166
f 5186 5171 5198
f 5195 5909 5910
f 5208 5195 5223
f 5220 5201 5227
f 5226 5225 5242
f 5235 5220 5250
f 5235 5252 5236
f 5255 5252 5267
f 5913 5254 5912
f 5255 5263 5248
f 2300 2288 2319
f 2297 2319 2288
f 5285 5266 5250
f 5287 5254 5913
f 2298 2295 2317
f 5267 5266 5285
f 5300 5286 5287
f 5281 5291 5257
f 5281 5280 5294
f 5293 5307 5303
f 5297 5308 5304
f 3079 3078 3080
f 3095 3094 3096
f 5309 3079 3103
f 3102 3094 3108
f 5317 5349 5326
f 5319 5346 5350
f 5322 5337 5342
f 5345 5324 5311
f 5351 5334 5330
f 5342 5313 5322
f 5321 5343 5310
f 5341 5336 5313
f 5350 5327 5329
f 5328 5347 5345
f 5323 5331 5312
f 5323 5351 5331
f 5748 5321 5751
f 5376 5358 5374
f 5375 5368 5377
f 5374 5358 5378
f 5368 5379 5377
f 5363 5373 5362
f 5376 5364 5365
f 5361 5377 5359
f 5354 5369 5367
f 3097 3082 3084
f 3122 5381 3134
f 3115 3396 5382
f 3177 3170 3180
f 3151 77 1649
f 3170 3185 3189
f 3176 117 3186
f 3174 3176 3163
f 3163 3173 3174
f 3163 3164 3173
f 3139 3105 3140
f 3160 3379 3159
f 3129 5383 5380
f 3525 3538 3520
f 3548 3538 3545
f 3101 3089 3102
f 3309 2448 5405
f 3101 3129 3100
f 3165 3171 3172
f 5385 3186 117
f 3164 3172 104
f 3164 3179 3165
f 3169 3165 3179
f 5381 3180 3170
f 3308 5389 3192
f 5381 5384 3127
f 3127 3134 5381
f 3303 5424 3304
f 3115 5382 5421
f 5398 3159 3304
f 5404 5394 5393
f 5404 5393 5406
f 5404 5406 5396
f 5396 5395 5403
f 5422 5398 5423
f 5423 3304 5424
f 3158 3380 3304
f 3139 3157 3155
f 3139 3140 5397
f 3154 77 3151
f 3149 5399 3150
f 3303 3304 3380
f 3159 5400 3160
f 5396 5406 5407
f 5396 5407 5395
f 5395 5408 5403
f 5401 5409 3160
f 427 83 3154
f 3119 5383 3101
f 5383 5421 5382
f 5392 5391 5402
f 5388 5425 3395
f 3192 5388 3395
f 5389 3308 5403
f 3133 3122 3396
f 5403 3308 5396
f 3310 5396 3308
f 3133 3113 3132
f 3189 3395 5384
f 5412 5418 5411
f 5410 2461 2451
f 5414 5417 5413
f 391 5411 3454
f 5413 5418 5412
f 5389 5408 5388
f 5406 3397 3398
f 5406 3307 3397
f 5393 3306 3307
f 5390 3141 3130
f 5390 3130 5380
f 3130 3118 3129
f 3098 3129 3118
f 3085 3099 3098
f 3159 3158 3304
f 3543 3534 3533
f 3537 3532 3524
f 3502 3519 3503
f 3503 3493 3502
f 3149 3302 5399
f 3147 3301 3149
f 3148 3144 3147
f 3146 1649 74
f 3520 3538 3535
f 3129 5380 3130
f 3099 3100 3129
f 3102 5421 3119
f 3544 3542 3543
f 3542 3544 3541
f 3541 3539 3540
f 3530 3519 3532
f 3518 3503 3519
f 3504 3493 3503
f 3494 3480 3493
f 3086 3087 3099
f 3100 3099 3087
f 3096 3102 3089
f 3096 3089 3095
f 3482 3473 3471
f 3509 3482 3506
f 3506 3520 3509
f 5392 5420 5391
f 5388 5390 5425
f 3191 3395 3189
f 4639 3190 3192
f 3184 5426 5385
f 3207 3197 3206
f 3189 5387 3191
f 5384 5425 5390
f 3184 2467 122
f 5387 5426 3196
f 3206 3197 3196
f 3228 3238 3233
f 3233 3244 3239
f 3239 3251 3247
f 3270 3281 3275
f 5387 3196 3191
f 3185 5387 3189
f 5426 5387 3186
f 3298 3300 3296
f 3297 266 3298
f 3300 266 3299
f 266 268 3299
f 3275 3289 3283
f 3275 3263 3270
f 3255 3247 3261
f 3233 3225 3228
f 3228 3220 3198
f 5423 5397 5422
f 5424 3139 5423
f 3142 3151 3146
f 410 2474 5431
f 3413 3414 3419
f 3437 3418 5432
f 3382 5432 3418
f 3430 5435 3381
f 3388 5439 5438
f 5439 3388 5416
f 5438 3312 3388
f 3382 3374 5556
f 5552 3403 5551
f 5440 3378 5553
f 5547 5450 5445
f 5455 5448 5549
f 5555 5451 5454
f 5546 5458 5550
f 5467 5454 5451
f 5453 5461 5452
f 5465 5440 5449
f 5462 5450 5444
f 5464 5446 5447
f 5470 5446 5464
f 5456 5468 5455
f 5445 5462 5463
f 5449 5442 5465
f 5452 5461 5443
f 5457 5471 5458
f 5462 5441 5460
f 5470 5482 5471
f 5476 5460 5473
f 5480 5469 5483
f 5481 5451 5505
f 5480 5442 5448
f 5471 5483 5469
f 5467 5481 5461
f 5463 5477 5479
f 5477 5462 5476
f 5478 5470 5464
f 5469 5480 5468
f 5465 5486 5491
f 5481 5487 5475
f 5494 5543 5482
f 5496 5524 5466
f 5542 5486 5490
f 5517 5500 5514
f 5499 5515 5514
f 5516 5497 5502
f 5513 5498 5501
f 5531 5505 5509
f 5515 5525 5520
f 5519 5510 5512
f 5505 5492 5481
f 5466 5459 5496
f 5472 5496 5459
f 3449 2451 396
f 3434 3162 5435
f 5466 5505 5451
f 5525 5515 5499
f 5507 5513 5506
f 5512 5508 5519
f 5495 5508 5522
f 5542 5522 5506
f 5489 5525 5499
f 5491 5498 5502
f 5494 5519 5543
f 5543 5519 5508
f 5490 5474 5480
f 5480 5493 5490
f 5483 5493 5480
f 5482 5529 5483
f 5493 5529 5495
f 5534 5515 5520
f 5491 5472 5465
f 5527 5494 5478
f 5494 5482 5478
f 5496 5472 5484
f 5488 5530 5485
f 5488 5477 5476
f 5530 5476 5473
f 5516 5535 5511
f 5509 5528 5531
f 5533 5510 5517
f 5538 5531 5528
f 5536 5510 5541
f 5525 5521 5520
f 5538 5528 5541
f 5540 5539 5528
f 5540 5528 5509
f 5503 5540 5509
f 5533 5541 5510
f 5532 5539 5535
f 5536 5541 5539
f 5502 5484 5491
f 5525 5489 5488
f 5506 5486 5542
f 5493 5542 5490
f 5524 5509 5466
f 5487 5523 5521
f 5509 5524 5503
f 5501 5498 5506
f 5506 5522 5507
f 5522 5508 5507
f 5527 5500 5526
f 5520 5523 5504
f 5441 5444 5545
f 5446 5544 5447
f 5442 5549 5448
f 5456 5550 5458
f 5475 5530 5473
f 5557 5550 5554
f 5437 5452 5556
f 5558 5549 3402
f 5475 5485 5530
f 5457 5546 5446
f 5558 5456 5455
f 3383 5544 5551
f 5552 5550 5557
f 5555 5454 5437
f 5545 3382 5556
f 5546 5551 5544
f 5440 5553 5449
f 5548 3402 5549
f 5453 5437 5454
f 5547 3382 5444
f 5533 5517 5534
f 5485 5487 5521
f 5439 5557 5554
f 5435 5437 3381
f 5521 5525 5485
f 5438 5554 5558
f 5436 5555 5437
f 5432 3383 5551
f 3403 5552 5557
f 3403 5557 5416
f 5499 5527 5489
f 5478 5489 5527
f 5479 5537 5478
f 5463 5447 5445
f 5544 5445 5447
f 5473 5461 5475
f 5443 5460 5441
f 5545 5443 5441
f 5556 3374 3381
f 3430 3374 3377
f 5428 3446 5429
f 3412 3408 3415
f 3447 5433 3410
f 3447 5434 5433
f 5751 5559 5750
f 5567 5559 5338
f 5562 5568 5565
f 5312 5565 5568
f 5572 5564 5576
f 5563 5570 5574
f 5566 5576 5564
f 5575 5559 5567
f 5378 5579 5585
f 5590 5593 5580
f 5589 5577 5584
f 5770 5845 5844
f 5585 5581 5378
f 5851 5917 5852
f 5610 5875 5874
f 5613 5594 5598
f 5614 5596 5599
f 5602 5856 5845
f 5597 5615 5600
f 5615 5593 5600
f 5603 5612 5605
f 5599 5608 5614
f 5625 5622 5642
f 5626 5633 5623
f 5632 5634 5620
f 5623 5633 5652
f 5617 5627 5628
f 5625 5629 5630
f 5629 5642 5637
f 5653 5644 5654
f 5664 5659 5651
f 5651 5657 5664
f 5665 5655 5662
f 5672 5659 5664
f 5660 5673 5663
f 5668 5663 5673
f 5656 5671 5661
f 5657 5672 5664
f 5685 5696 5680
f 5677 5688 5676
f 5695 5683 5684
f 5683 5697 5702
f 5696 5689 5680
f 5700 5706 5697
f 5707 5699 5710
f 5706 5711 5712
f 5712 5702 5706
f 5708 5701 5689
f 5689 5703 5708
f 5702 5697 5706
f 5714 5723 5707
f 5728 5713 5718
f 5673 5716 5712
f 5711 5673 5712
f 5730 5738 5734
f 5738 5997 5993
f 5732 5954 5949
f 5739 5731 5735
f 5732 5740 5736
f 5730 5736 5740
f 5729 5739 5735
f 5366 5364 5368
f 5357 5950 5947
f 5944 5654 5644
f 5616 5621 5619
f 5614 5571 5568
f 5371 5936 5355
f 5606 5603 5594
f 5615 5667 5609
f 5673 5670 5726
f 5672 5611 5669
f 5739 5728 5715
f 5719 5739 5715
f 5605 5945 5603
f 5355 5360 5352
f 5745 5619 5636
f 5789 5777 5787
f 5775 5784 5779
f 5781 5893 5886
f 5893 5784 5885
f 5305 5304 5789
f 5757 5759 5766
f 5824 5829 5828
f 5825 5831 5830
f 5813 5812 5815
f 5825 5921 5831
f 5755 5761 5768
f 5808 5921 5810
f 5812 5809 5806
f 5833 5924 5915
f 5849 5834 5848
f 5850 5834 5833
f 5752 5769 5763
f 5836 5846 5837
f 5753 5795 5995
f 5891 5307 5880
f 5844 5849 5848
f 5774 5848 5850
f 5880 5300 5301
f 5790 5892 5891
f 5302 5292 5883
f 5879 5882 5889
f 5302 5883 5894
f 5883 5882 5879
f 5879 5889 5854
f 5886 5306 5303
f 5789 5885 5783
f 5916 5863 5841
f 5373 5950 5353
f 2015 2962 4981
f 5861 4985 4981
f 5776 5788 5920
f 5796 5995 5795
f 5860 5922 5834
f 5833 5915 5914
f 5798 5792 5796
f 5852 5916 5802
f 5802 5799 5852
f 5924 5834 5922
f 5733 5741 5729
f 5678 5688 5691
f 5767 5777 5768
f 5718 5715 5728
f 5693 5680 5689
f 5679 5704 5700
f 5701 5698 5705
f 5698 5701 5709
f 5707 5711 5700
f 5709 5715 5718
f 5708 5715 5701
f 5778 5922 5788
f 5779 5765 5775
f 5773 5780 5769
f 5925 5921 5825
f 5928 5846 5774
f 5926 5932 5931
f 5271 5932 5926
f 5931 5933 5926
f 5272 5930 5935
f 5841 5803 5916
f 5833 5914 5850
f 5930 5272 5927
f 5772 5771 5851
f 5831 5821 5820
f 5570 5750 5749
f 5343 5321 5344
f 5323 5344 5320
f 5318 5326 5333
f 5314 5341 5339
f 5351 5320 5348
f 5342 5311 5324
f 5565 5331 5562
f 5562 5325 5561
f 5563 5566 5311
f 5566 5563 5574
f 5332 5327 5334
f 5747 5562 5561
f 5345 5561 5325
f 5334 5327 5330
f 5346 5328 5327
f 5329 5327 5746
f 5333 5326 5335
f 5330 5327 5328
f 5611 5597 5951
f 5585 5595 5599
f 5372 5601 5371
f 5365 5364 5366
f 5950 5356 5947
f 5352 5947 5355
f 5584 5359 5580
f 5379 5580 5359
f 5379 5368 5582
f 5601 5946 5936
f 5946 5586 5945
f 5599 5588 5585
f 5596 5582 5588
f 5600 5582 5597
f 5607 5603 6000
f 5808 5807 5805
f 5886 5782 5781
f 5784 5775 5783
f 5747 5561 5572
f 5341 5318 5316
f 5661 5654 5656
f 5745 5643 5944
f 5640 5645 5622
f 5638 5621 5616
f 5638 5635 5620
f 5625 5640 5622
f 5642 5645 5651
f 5651 5637 5642
f 5653 5657 5645
f 5661 5667 5657
f 5613 5667 5671
f 5598 5609 5613
f 5598 5586 5589
f 5580 5589 5584
f 5358 5583 5579
f 5360 5578 5583
f 5583 5592 5579
f 5591 5595 5592
f 5945 5594 5603
f 5605 5608 5595
f 5575 5608 5612
f 5571 5567 5312
f 5338 5312 5567
f 5311 5337 5563
f 5337 5560 5563
f 5343 5312 5338
f 5347 5319 5324
f 5315 5340 5318
f 5316 5318 5340
f 5621 5620 5639
f 5618 5639 5620
f 5652 5633 5648
f 5641 5646 5650
f 5663 5648 5660
f 5652 5658 5646
f 5662 5668 5665
f 5723 5668 5711
f 5711 5707 5723
f 5719 5703 5717
f 5725 5943 5724
f 5940 5698 5941
f 5952 5691 5688
f 5678 5682 5694
f 5684 5683 5685
f 5939 5687 5683
f 5704 5674 5721
f 5705 5681 5693
f 5952 5721 5674
f 5702 5938 5939
f 5707 5710 5714
f 5941 5714 5710
f 5722 5717 5716
f 5630 5629 5631
f 5637 5633 5629
f 5650 5636 5641
f 5649 5624 5644
f 5745 5644 5624
f 5658 5650 5646
f 5662 5643 5650
f 5944 5656 5654
f 5208 5234 5205
f 5181 5193 5179
f 5071 5054 5086
f 5025 5036 5045
f 5006 5016 4998
f 5000 4998 4971
f 4986 4911 5001
f 4982 2016 2018
f 5316 5336 5341
f 5313 5748 5322
f 5569 5750 5559
f 5322 5750 5560
f 5582 5368 5581
f 5637 5648 5633
f 5946 5587 5578
f 5945 5591 5587
f 5573 5597 5596
f 5363 5367 5369
f 5937 5634 5632
f 5694 5682 5686
f 5665 5942 5655
f 5669 5660 5659
f 5631 5629 5633
f 5655 5944 5643
f 5690 5938 5703
f 5726 5722 5716
f 5648 5659 5660
f 5941 5710 5699
f 5721 5940 5699
f 5685 5683 5687
f 5703 5716 5717
f 5720 5952 5681
f 5724 5943 5713
f 5952 5688 5677
f 5709 5943 5941
f 5990 5731 5954
f 5671 5606 5613
f 5575 5607 5569
f 5749 5999 5998
f 6001 5754 6000
f 5724 6003 6002
f 5576 5994 6005
f 6005 5822 6006
f 6007 5572 6006
f 5816 6008 6007
f 5817 6009 6008
f 5805 6004 6010
f 5727 5821 6010
f 5820 5821 6011
f 5951 5669 5611
f 5358 5357 5360
f 5973 5958 5974
f 5376 5353 5358
f 5373 5365 5362
f 5981 5961 5973
f 5366 5362 5365
f 5964 5970 5976
f 5354 5366 5375
f 5975 5962 5972
f 5361 5356 5354
f 5372 5355 5356
f 5968 5982 5967
f 5964 5976 5960
f 5987 5960 5976
f 5980 5977 5984
f 5981 5983 5961
f 5977 5983 5984
f 5974 5955 5966
f 5981 5985 5983
f 5985 5988 5983
f 5350 5314 5319
f 5349 5329 5326
f 5962 5959 5963
f 5980 5735 5959
f 5983 5988 5953
f 5961 5983 5977
f 5972 5961 5977
f 5746 5326 5329
f 5957 5974 5966
f 5348 5335 5332
f 5968 5967 5991
f 5991 5978 5990
f 5729 5984 5733
f 5953 5733 5984
f 5970 5990 5979
f 5968 5970 5969
f 5320 5340 5315
f 5344 5316 5340
f 5953 5988 5734
f 5734 5988 5730
f 5985 5730 5988
f 5736 5987 5732
f 5979 5732 5987
f 5738 5993 5953
f 5953 5744 5733
f 6012 5761 6003
f 5758 6012 5997
f 5954 5979 5990
f 5737 5954 5731
f 5993 6012 5744
f 5806 5804 6004
f 5794 5995 5792
f 5753 5999 5752
f 5999 5762 5752
f 6000 5754 5762
f 6001 5666 5665
f 5756 6002 5755
f 5755 6003 5761
f 5759 5996 5760
f 5793 5994 5794
f 6005 5572 5576
f 6007 5822 5816
f 5737 5727 5948
f 6010 5821 5805
f 6011 5726 5670
f 6011 5670 5669
f 6009 5818 5819
f 5741 5724 5728
f 5742 5997 5738
f 5740 5759 5742
f 5949 5743 5732
f 6004 5948 5727
f 5932 5840 5929
f 5838 5870 5835
f 5867 5872 5871
f 5302 5289 5290
f 5256 5239 5241
f 5911 5238 5912
f 5156 5170 5140
f 5140 5141 5156
f 5102 5086 5073
f 5027 5036 5019
f 5027 5026 5032
f 5001 4911 5007
f 1939 4982 2018
f 2016 5861 2962
f 5861 4986 5897
f 5897 4986 5004
f 5015 5032 5026
f 5071 5901 5900
f 5640 5616 5624
f 5625 5638 5640
f 5631 5627 5630
f 5631 5634 5937
f 5634 5631 5626
f 5626 5618 5634
f 5626 5639 5618
f 5952 5677 5681
f 5676 5693 5677
f 5680 5676 5694
f 5680 5686 5685
f 5686 5684 5685
f 5695 5682 5675
f 5695 5675 5679
f 5679 5691 5692
f 5691 5674 5692
f 5963 5956 5962
f 5957 5969 5964
f 5964 5973 5957
f 5958 5962 5955
f 5025 5019 5036
f 5021 5023 5029
f 5060 5042 5041
f 5054 5071 5053
f 5900 5070 5052
f 5033 5051 5028
f 5037 5039 5056
f 5030 6015 5023
f 5031 5045 5046
f 6017 5036 5027
f 3457 3078 3076
f 3085 3462 3086
f 3090 6022 3095
f 167 3215 3224
f 161 3217 162
f 5405 2439 5394
f 5394 2439 3306
f 30 3 4
f 1 3 6
f 5 6 7
f 18 31 4
f 18 4 2
f 20 18 19
f 23 12 11
f 15 14 26
f 9 8 29
f 6 3 30
f 18 33 32
f 7 6 28
f 35 33 20
f 39 36 37
f 37 40 41
f 43 39 42
f 45 30 31
f 35 36 51
f 39 43 49
f 53 45 51
f 52 50 45
f 63 50 52
f 50 63 85
f 64 53 51
f 57 46 85
f 61 52 53
f 51 39 64
f 73 64 70
f 64 49 70
f 75 271 80
f 369 371 417 416
f 270 269 79
f 86 66 65
f 65 85 84
f 84 85 87
f 72 87 85
f 75 90 274
f 258 253 241 245
f 97 95 96
f 98 97 59
f 60 48 96
f 101 102 60
f 47 2416 98
f 48 59 96
f 107 105 112
f 108 113 99
f 104 102 103
f 93 114 111
f 110 119 111
f 92 120 112
f 120 111 118
f 112 113 107
f 127 135 134
f 113 130 99
f 130 110 99
f 120 129 112
f 129 120 118
f 132 128 131
f 2468 2467 116
f 136 137 138
f 141 144 143
f 132 153 142
f 148 147 151
f 145 146 148
f 148 151 150
f 145 121 133
f 145 149 122
f 132 125 153
f 155 153 125
f 160 156 155
f 157 155 154
f 155 158 160
f 135 140 147
f 146 147 148
f 156 141 142
f 159 164 156
f 163 166 151
f 171 170 152
f 166 165 3209
f 144 141 170
f 152 164 171
f 141 152 170
f 165 176 179
f 137 172 173
f 177 176 163
f 170 178 185
f 174 168 144
f 176 183 179
f 169 170 182
f 189 172 175
f 172 189 181
f 184 183 176
f 186 185 197
f 175 174 188
f 241 229 232 245
f 189 193 194
f 211 210 1646 188
f 190 186 197
f 232 229 217
f 192 199 198
f 217 205 208
f 183 196 199
f 205 191 187
f 199 203 207
f 197 191 205
f 190 195 202
f 196 204 203
f 195 197 206
f 191 178 187
f 202 206 214
f 217 218 206 205
f 171 167 180
f 203 215 219
f 218 242 243 230
f 201 202 214
f 200 193 212
f 204 216 215
f 211 223 222 210
f 244 231 227 239
f 215 227 231
f 218 217 229
f 216 221 228
f 213 214 226
f 221 209 212
f 216 228 227
f 159 160 162
f 229 241 242 218
f 224 236 233 221
f 237 225 226
f 230 243 238 226
f 228 240 239
f 255 243 242
f 223 235 234 222
f 161 162 160
f 236 249 246 233
f 243 255 250 238
f 253 254 242 241
f 247 234 235
f 244 257 256
f 251 257 239
f 381 431 285 380
f 240 2469 251
f 237 238 250
f 265 261 255
f 258 268 264
f 246 249 260
f 252 246 259
f 250 255 261
f 260 247 248
f 267 266 256
f 262 267 257
f 254 253 264
f 124 132 139
f 278 305 277
f 289 298 297 288
f 291 290 298 289
f 284 431 381 382
f 290 291 292
f 296 287 297
f 299 290 300
f 316 321 451 450
f 312 311 308
f 319 317 313
f 320 319 318
f 301 300 292 293
f 322 323 317
f 314 320 318
f 300 301 303
f 300 303 299
f 292 300 290
f 328 291 289 327
f 330 331 295
f 292 329 330
f 291 328 329
f 334 329 328 333
f 327 332 333
f 330 335 336
f 338 333 332 337
f 329 334 335
f 339 334 333 338
f 335 340 341
f 343 338 337 342
f 334 339 340
f 345 341 340 344
f 344 339 338 343
f 347 343 342 346
f 349 345 344 348
f 348 344 343 347
f 674 439 448 357
f 347 350 351
f 348 351 352
f 357 448 447 356
f 2472 440 414 360
f 359 413 412 2470
f 360 414 413 359
f 2478 358 88 273
f 411 361 362
f 358 2421 2420 88
f 273 364 2478
f 420 422 423
f 371 368 419 417
f 393 398 394
f 368 422 420 419
f 375 376 332 327
f 288 375 327
f 377 337 332 376
f 323 322 324 325
f 342 337 377
f 350 346 378
f 67 56 58
f 58 22 29
f 34 36 35
f 29 44 57
f 27 37 34
f 29 28 46
f 31 51 45
f 28 30 50
f 44 29 46
f 2450 89 382
f 313 315 311
f 315 313 317
f 324 322 320 314
f 277 385 278
f 379 286 386
f 307 310 387
f 312 451 321
f 316 299 303 389
f 318 326 314
f 388 296 449
f 288 287 431 430
f 285 431 296
f 2471 415 440 2472
f 285 296 388
f 365 361 433
f 2470 412 411 362
f 2421 363 284 382
f 378 342 2459 2454
f 454 446 2452
f 2454 2460 378
f 396 446 445 404
f 376 2459 377
f 452 350 378
f 401 402 398
f 398 393 400 401
f 399 398 402 403
f 397 400 393
f 402 401 406 407
f 414 409 2473 413
f 2476 441 410
f 408 409 2475
f 415 2474 441 440
f 2473 412 413
f 416 417 418 374
f 424 421 80 78
f 416 443 444 369
f 81 91 90
f 81 80 421
f 395 394 398 399
f 425 424 78 79
f 454 395 399 457
f 430 431 284 283
f 420 428 419
f 443 372 370 444
f 428 435 418
f 2548 69 437
f 455 355 447
f 438 458 453 374
f 427 437 69 426
f 71 61 73
f 435 438 374 418
f 417 419 428 418
f 455 354 355
f 2476 2475 456 441
f 452 353 354
f 435 424 425 438
f 453 373 443
f 306 304 277 309
f 61 64 73
f 125 154 155
f 157 275 276
f 308 305 386
f 449 297 298 450
f 2419 40 2418
f 297 449 296
f 450 451 387 310
f 406 432 433 411
f 308 387 312
f 397 392 367
f 425 79 426 69
f 458 436 373 453
f 351 455 447
f 457 399 403 445
f 456 409 414 440
f 448 352 351 447
f 352 448 439
f 350 452 455
f 409 456 2475
f 443 416 374 453
f 458 2549 2548 436
f 425 2549 458 438
f 577 587 643 642
f 1 459 2
f 461 5 9
f 460 1 5
f 465 14 17
f 19 2 467
f 461 9 10
f 475 464 465
f 468 467 477
f 475 465 466
f 472 461 462
f 471 460 461
f 467 2 470
f 466 469 478
f 487 477 470
f 483 473 474
f 485 475 476
f 471 472 482
f 459 471 480
f 488 489 478
f 488 478 477
f 490 476 478
f 500 487 479
f 479 491 492
f 483 484 497
f 491 479 480
f 488 487 501
f 499 485 486
f 495 481 482
f 493 480 481
f 482 483 496
f 489 512 513
f 512 489 501
f 499 490 511
f 503 493 494
f 502 489 513
f 498 499 509
f 496 497 506
f 491 514 515
f 519 501 500
f 496 506 518
f 504 495 517
f 491 493 516
f 512 529 513
f 517 495 505
f 500 492 515
f 503 504 522
f 505 525 517
f 509 523 524
f 509 510 526
f 500 528 519
f 510 511 527
f 512 520 529
f 516 503 521
f 521 531 516
f 515 533 528
f 513 530 534
f 514 533 515
f 522 536 521
f 526 537 523
f 518 541 540
f 519 543 535
f 540 539 517
f 545 552 558
f 547 548 555
f 556 555 548
f 551 554 549
f 552 545 547
f 553 550 549
f 549 554 553
f 537 542 551
f 531 536 555
f 535 556 553
f 539 552 557
f 558 540 541
f 2421 382 89
f 473 472 462
f 596 643 587
f 568 577 642 641
f 560 568 641 640
f 627 560 640 646
f 621 613 644 645
f 586 595 596 587
f 561 567 568 560
f 577 568 567
f 628 561 560 627
f 604 603 613 614
f 614 613 621 622
f 580 590 589 579
f 571 580 579 570
f 563 571 570 562
f 563 562 629 630
f 606 802 803 605
f 606 605 634 635
f 635 634 615 616
f 616 615 623 624
f 581 591 590 580
f 572 581 580 571
f 564 572 571 563
f 564 563 630 631
f 617 616 624 625
f 606 607 801
f 635 636 607
f 792 787 636
f 582 592 591 581
f 573 582 581 572
f 608 607 636 637
f 631 632 564
f 607 608 800
f 779 792 617 786
f 583 593 592 582
f 574 583 582 573
f 565 574 573 564
f 804 800 608 609
f 609 608 637 638
f 638 637 618 619
f 658 590 591 694
f 575 584 583 574
f 593 583 584
f 610 609 638 639
f 632 633 565
f 609 610 804
f 576 585 584 575
f 601 661 659
f 566 576 575 565
f 661 601 600 662
f 619 620 639
f 662 600 599 678
f 643 596 597 588
f 642 643 588 578
f 641 642 578 569
f 640 641 569 559
f 646 640 559 626
f 672 677 336 341
f 602 612 644
f 678 682 662
f 659 690 691
f 598 590 658
f 598 589 590
f 648 324 314
f 647 314 326
f 651 302 294
f 341 345 676
f 295 680 681 294
f 331 336 677
f 675 673 349 352
f 331 679 680 295
f 673 676 345 349
f 670 669 680 679
f 680 669 668 681
f 673 675 655
f 671 670 679 677
f 672 676 657
f 675 439 653
f 669 666 667 668
f 653 655 675
f 653 674 654
f 657 673 656
f 665 666 669 670
f 664 665 670 671
f 663 664 671 672
f 668 597 596 686
f 685 649 650
f 684 648 647
f 302 651 650
f 685 650 651 686
f 598 684 683
f 689 688 678 599
f 668 667 597
f 688 689 687
f 661 662 694 693
f 648 660 688 687
f 690 692 691
f 688 660 682 678
f 692 690 584 594
f 694 591 592
f 690 693 593 584
f 693 694 592 593
f 697 696 653 654
f 702 703 666 665
f 655 652 695 698
f 701 702 665 664
f 696 695 652 653
f 700 701 663 657
f 664 663 701
f 699 700 657 656
f 698 699 656 655
f 666 703 704 667
f 707 708 701 700
f 706 707 700 699
f 705 706 699 698
f 711 712 704 703
f 710 711 703 702
f 709 710 702 701
f 714 713 717 718
f 716 715 1664 719
f 718 717 720 721
f 724 723 728 729
f 723 724 719
f 721 722 718
f 1665 723 1664
f 722 721 725 726
f 729 728 733 734
f 727 728 723
f 730 731 725
f 726 725 731 732
f 731 735 736 732
f 1697 733 727
f 735 731 730
f 735 739 740 736
f 737 733 1697
f 737 738 733
f 737 741 742 738
f 717 713 708 707
f 720 717 707 706
f 705 725 720 706
f 735 730 705 696
f 730 725 705
f 704 712 578 588
f 667 704 588 597
f 745 746 712 711
f 744 745 711 710
f 743 744 710 709
f 776 771 805 806
f 749 750 746 745
f 754 811 810 755
f 748 749 745 744
f 747 748 744 743
f 810 756 755
f 771 796 808 805
f 795 754 764 772
f 1701 1698 754 795
f 759 760 750 749
f 758 759 749 748
f 764 755 756 765
f 757 758 748 747
f 761 757 747 751
f 762 761 751 752
f 1699 1701 795 772
f 797 769 760 759
f 798 797 759 758
f 799 798 758 757
f 796 799 761 762
f 757 761 799
f 793 794 618 787
f 772 777 1700
f 773 778 777
f 784 777 778 785
f 778 773 793
f 767 766 775
f 783 770 776
f 777 784 1700
f 781 782 769 768
f 786 785 778 779
f 780 781 768 767
f 792 635 616 617
f 790 785 786 791
f 775 770 783
f 785 790 784
f 791 786 617 625
f 637 636 787 618
f 780 775 788
f 787 792 779
f 619 618 794 774
f 796 762 753 808
f 767 768 797 798
f 769 797 768
f 766 767 798 799
f 794 793 773
f 796 771 770 799
f 603 627 646 644
f 800 804 632
f 802 801 631
f 644 646 626 602
f 628 627 603 604
f 801 800 632
f 772 764 774 794
f 803 802 630
f 804 611 633
f 746 569 578 712
f 750 559 569 746
f 559 750 760 626
f 769 602 626 760
f 782 612 602 769
f 789 776 806 807
f 1698 1713 811 754
f 765 809 774 764
f 620 619 774 809
f 752 763 753 762
f 612 812 815 645
f 645 815 621
f 791 820 790
f 781 780 816
f 621 813 622
f 817 812 612 782
f 788 783 818
f 818 783 789
f 1702 1700 784 819
f 814 820 791 625
f 624 814 625
f 830 819 790 831
f 822 813 621 821
f 817 781 827
f 831 790 820 832
f 826 827 781 816
f 832 820 814 837
f 825 826 816 788
f 828 825 788 818
f 824 624 623 823
f 807 833 829 789
f 829 828 818 789
f 814 624 824 837
f 839 834 812 817
f 819 830 1702
f 829 833 842 840
f 812 834 838 815
f 828 829 840
f 835 821 815 838
f 836 822 821 835
f 831 841 830
f 848 849 826 825
f 852 848 825 828
f 834 839 851
f 846 837 823 845
f 850 851 839 827
f 837 846 847
f 1703 830 853
f 844 836 835 843
f 849 850 827 826
f 832 847 841
f 870 861 859 871
f 856 859 858
f 855 857 860
f 856 854 872
f 855 886 863
f 861 869 868
f 861 870 869
f 886 877 864
f 874 862 863 594
f 865 860 866
f 882 867 868 883
f 870 878 869
f 872 566 871
f 566 873 576
f 883 868 869 884
f 874 576 873
f 880 879 876 877
f 875 876 879
f 864 692 594
f 881 880 877 866
f 878 871 885
f 882 881 866 867
f 862 854 855 863
f 872 854 873
f 854 862 873
f 888 887 879 890
f 886 860 865
f 860 858 867
f 576 874 585
f 879 880 890
f 889 879 887
f 889 659 691 875
f 659 889 601
f 1391 1341 1363 1373
f 633 885 566
f 611 1725 1812
f 1394 925 900
f 1231 899 903
f 1230 901 898
f 1227 894 951
f 1228 892 947
f 923 893 953
f 941 895 924
f 942 940 898
f 948 947 892
f 1229 903 950
f 918 932 951
f 1265 938 935
f 953 917 918
f 913 911 922
f 934 915 914
f 919 972 916
f 918 912 932
f 917 921 918
f 918 927 912
f 899 925 1394
f 944 929 964
f 967 936 916
f 914 1234 921
f 927 922 911
f 966 969 937
f 1238 914 917
f 939 934 933
f 1237 911 938
f 963 952 937
f 926 1235 941
f 896 940 942
f 943 904 910
f 1233 898 940
f 931 944 965
f 946 895 893
f 948 939 933
f 905 891 938
f 929 928 964
f 903 926 924
f 946 924 895
f 1227 950 894
f 904 943 891
f 1266 904 905
f 950 946 923
f 1263 910 904
f 940 896 1236
f 950 924 946
f 892 896 945
f 1238 1228 947
f 949 923 953
f 951 923 949
f 928 952 963
f 967 966 954
f 954 961 960
f 936 960 959
f 958 956 944
f 929 956 955
f 955 962 952
f 1396 1395 968
f 972 934 967
f 971 963 1268
f 939 1270 969
f 965 964 945
f 934 939 966
f 1270 1268 963
f 921 973 918
f 920 922 973
f 1265 905 938
f 937 962 961
f 1007 980 1020
f 1399 989 986
f 1360 988 1404
f 1026 976 978
f 1244 977 1022
f 1016 1006 1020
f 1398 996 1274
f 1024 1022 977
f 1277 1404 988
f 1038 1017 1014
f 1013 1000 999
f 1012 999 1002
f 1003 1243 1019
f 1002 1005 1003
f 1399 986 1008
f 978 1006 1016
f 1400 1397 1011
f 1001 1044 1015
f 1000 1048 999
f 1014 1018 997
f 1042 1045 1025
f 1012 1002 1023
f 981 984 993
f 991 996 983
f 1024 1013 1022
f 1272 991 1021
f 990 1008 1007
f 977 981 994
f 1040 1010 1009
f 1244 1240 981
f 1021 982 976
f 996 991 1272
f 985 980 1007
f 984 981 1240
f 1043 1011 1010
f 1021 976 1018
f 1046 1009 1027
f 1021 1017 1278
f 1027 1025 1039
f 1044 1042 1028
f 1009 1035 1029
f 1028 1038 1034
f 1001 1033 1004
f 1015 1034 1033
f 1025 1036 1038
f 1025 1037 1036
f 1032 1030 1010
f 1030 1035 1010
f 1029 1037 1027
f 1282 1043 1041
f 1277 1400 1043
f 1039 1045 1281
f 1000 1283 1044
f 1041 1040 1276
f 1275 1046 1039
f 1280 1281 1045
f 1040 1046 1275
f 1283 1280 1042
f 1048 1000 1001
f 1081 1080 1060
f 1250 1249 1059
f 1248 1403 1402
f 1253 1098 1050
f 1065 1091 1057
f 1094 1050 1067
f 1288 1402 1403
f 1063 1055 1049
f 1075 1070 1093
f 1289 1100 1088
f 1095 1074 1075
f 1251 1069 1085
f 1087 1072 1252
f 1074 1078 1075
f 1062 1059 1080
f 1111 1092 1082
f 1074 1252 1078
f 1104 1088 1071
f 1072 1077 1252
f 1088 1085 1069
f 1253 1086 1095
f 1096 1075 1093
f 1055 1063 1068
f 1067 1087 1094
f 1098 1054 1050
f 1100 1049 1085
f 1051 1052 1079
f 1062 1081 1079
f 1062 1052 1247
f 1099 1247 1051
f 1096 1079 1098
f 1054 1091 1066
f 1068 1063 1290
f 1058 1053 1079
f 1113 1084 1092
f 1050 1054 1066
f 1284 1063 1100
f 1110 1082 1097
f 1093 1099 1096
f 1089 1112 1090
f 1107 1101 1082
f 1106 1107 1092
f 1090 1105 1104
f 1073 1103 1076
f 1089 1104 1103
f 1102 1106 1084
f 1101 1108 1097
f 1288 1113 1111
f 1072 1291 1089
f 1291 1293 1112
f 1287 1111 1110
f 1114 1072 1073
f 1292 1110 1109
f 1077 1114 1076
f 1076 1071 1117
f 1071 1069 1117
f 1117 1252 1077
f 1116 1117 1069
f 1112 1109 1097
f 1090 1097 1108
f 1259 1122 1123
f 1258 1129 1126
f 1255 1120 1158
f 1261 1259 1119
f 1295 1157 1131
f 1302 1163 1157
f 1137 1136 1154
f 1178 1177 1139
f 1147 1140 1141
f 1174 1145 1144
f 1175 1405 1166
f 1149 1154 1136
f 1179 1151 1165
f 1300 1131 1149
f 1152 1141 1146
f 1261 1153 1147
f 1152 1155 1158
f 1123 1126 1133
f 1163 1135 1125
f 1143 1121 1130
f 1160 1148 1153
f 1257 1130 1121
f 1164 1147 1152
f 1161 1142 1162
f 1131 1118 1154
f 1157 1124 1118
f 1120 1142 1161
f 1301 1135 1163
f 1127 1122 1142
f 1126 1123 1122
f 1124 1157 1163
f 1175 1166 1145
f 1256 1121 1120
f 1119 1123 1156
f 1159 1119 1160
f 1176 1165 1150
f 1165 1172 1168
f 1150 1168 1167
f 1151 1169 1172
f 1151 1144 1169
f 1171 1169 1144
f 1145 1166 1170
f 1144 1170 1171
f 1173 1179 1303
f 1138 1148 1177
f 1148 1303 1179
f 1298 1174 1173
f 1298 1175 1174
f 1178 1138 1177
f 1181 1141 1140
f 1141 1136 1137
f 1260 1154 1118
f 1216 1184 1183
f 1188 1187 1206
f 1218 1189 1197
f 1195 1225 1192
f 1194 1188 1207
f 1205 1193 1194
f 1225 1223 1192
f 1190 1199 1193
f 1218 1202 1189
f 1191 1198 1199
f 1202 1206 1187
f 1223 1209 1203
f 1220 1204 1202
f 1194 1207 1208
f 1182 1212 1185
f 1222 1183 1213
f 1204 1182 1206
f 1212 1214 1200
f 1201 1211 1222
f 1217 1186 1204
f 1182 1185 1208
f 1210 1200 1216
f 1208 1185 1200
f 1209 1191 1190
f 1203 1220 1218
f 1192 1218 1219
f 1201 1217 1221
f 1198 1191 1225
f 1198 1219 1226
f 1219 1197 1226
f 1197 1187 1226
f 1226 1193 1198
f 1226 1196 1193
f 1226 1187 1188
f 1183 1190 1205
f 1209 1222 1211
f 1209 1190 1183
f 1220 1221 1204
f 1208 1206 1182
f 1216 1205 1210
f 1203 1211 1221
f 902 1231 1232
f 900 1230 1233
f 891 1227 1239
f 953 893 1228
f 914 915 1234
f 947 933 1238
f 893 1236 1228
f 943 1229 1227
f 943 1232 1229
f 941 1235 1236
f 953 1228 1238
f 915 974 1234
f 973 1234 974
f 951 1237 1239
f 987 1360 984
f 1023 1020 1244
f 1019 1243 1245
f 1241 979 982
f 1020 1240 1244
f 1242 1240 980
f 1005 999 1048
f 1005 997 1243
f 1026 1019 1245
f 1061 1249 1250
f 1060 1248 1402
f 1049 1099 1254
f 1091 1054 1053
f 1070 1251 1254
f 1086 1252 1074
f 1057 1091 1058
f 1056 1250 1247
f 1055 1247 1099
f 1098 1053 1054
f 1118 1255 1260
f 1164 1162 1259
f 1155 1146 1260
f 1153 1138 1147
f 1125 1257 1256
f 1162 1122 1259
f 1124 1256 1255
f 955 1266 1262
f 961 1265 935
f 960 935 913
f 962 1267 1265
f 956 1263 1266
f 1262 1267 962
f 1269 945 907
f 901 1396 968
f 971 1268 948
f 1271 971 908
f 939 948 1270
f 1035 1279 1029
f 1034 1014 1033
f 1036 1278 1038
f 1035 1272 1279
f 1032 1272 1030
f 1029 1278 1037
f 993 1282 1276
f 993 1277 1282
f 1000 1013 1283
f 995 1275 1281
f 1276 1275 994
f 1013 1024 1281
f 1285 1284 1101
f 1290 1285 1107
f 1102 1401 1286
f 1105 1289 1104
f 1286 1290 1106
f 1065 1288 1287
f 1072 1087 1291
f 1066 1287 1292
f 1067 1292 1293
f 1077 1076 1117
f 1105 1108 1284
f 1087 1067 1293
f 1295 1294 1170
f 1166 1302 1295
f 1172 1300 1149
f 1168 1149 1136
f 1133 1299 1298
f 1297 1303 1160
f 1156 1298 1297
f 1169 1294 1300
f 1148 1160 1303
f 1310 1309 1397
f 1313 1143 1128
f 909 957 1307
f 1180 1315 1405
f 1299 1317 1180
f 1031 1397 1309
f 1308 1008 986
f 1307 957 930
f 1296 1405 1315
f 909 1307 1305
f 1008 1308 987
f 1132 1126 1314
f 1316 1314 1126
f 1310 1083 1682
f 1326 1325 1684
f 1314 1362 1356
f 1331 1329 1682
f 1681 1323 1321
f 1331 1334 1628
f 1248 1060 1311
f 1340 1339 1321
f 1340 1350 1339
f 1347 1318 1319
f 1336 1353 1329
f 1375 1355 1332 1328
f 1357 1370 1335
f 1704 1370 1386
f 1631 1388 1381
f 1629 1375 1389
f 1634 1392 1361
f 1391 1373 1345
f 1346 1320 1393
f 1357 1332 1355
f 1374 1393 1364
f 851 1414 1406 834
f 1394 900 1235
f 909 910 1263
f 902 897 910
f 957 958 1395
f 970 1395 1396
f 957 909 1263
f 906 1264 1396
f 993 984 1404
f 1065 1057 1402
f 906 1398 1274
f 1064 1115 1113
f 1083 1401 1102
f 1273 1274 1397
f 1398 1399 1241
f 992 1400 1277
f 990 1399 1008
f 906 989 1398
f 1400 992 1068
f 1134 1135 1296
f 1257 1403 1128
f 1058 1060 1402
f 992 1061 1056
f 1115 1083 1084
f 1127 1129 1258
f 1130 1128 1143
f 1299 1180 1175
f 1125 1403 1257
f 1134 1403 1125
f 849 848 1412
f 852 1415 1412 848
f 846 845 1409 1410
f 840 842 1418 1416
f 1416 1415 852 840
f 834 1406 1411 838
f 1407 843 838 1411
f 1413 1414 851 850
f 853 841 1417
f 1408 844 843 1407
f 1430 1705 1703 853
f 1417 841 847
f 1415 1416 1429
f 1423 1424 1410
f 1431 1430 853 1417
f 1413 1427 1428 1414
f 1432 1431 1417 847
f 1407 1420 1421
f 1426 1427 1413 849
f 1425 1426 849 1412
f 847 1410 1424
f 1415 1429 1425 1412
f 1419 1406 1414
f 1416 1418 1433 1429
f 1422 1423 1410
f 1427 1442 1443 1428
f 1411 1419 1434
f 1441 1442 1427 1426
f 1420 1435 1421
f 1440 1441 1426 1425
f 1432 1424 1438
f 1429 1444 1440 1425
f 1434 1419 1428
f 1429 1433 1446 1445
f 1436 1437 1423
f 1461 1460 1430 1431
f 1437 1438 1424
f 1456 1457 1443 1442
f 1462 1461 1431 1432
f 1448 1449 1435
f 1455 1456 1442 1441
f 1452 1462 1432 1438
f 1454 1455 1441 1440
f 1458 1454 1440 1444
f 1434 1443 1457
f 1459 1458 1444 1445
f 1450 1451 1437
f 1463 1459 1445
f 1473 1474 1457 1456
f 1451 1452 1438
f 1439 1434 1447
f 1453 1448 1420
f 1706 1460 1477
f 1453 1447 1464
f 1470 1465 1448
f 1477 1460 1461
f 1472 1473 1456 1455
f 1465 1466 1449
f 1461 1462 1479
f 1471 1472 1455 1454
f 1462 1452 1469
f 1474 1464 1447 1457
f 1475 1471 1454 1458
f 1451 1450 1467 1468
f 1459 1463 1480 1476
f 1476 1475 1458 1459
f 1490 1491 1474 1473
f 1468 1469 1452
f 1494 1477 1478
f 1466 1465 1482 1483
f 1489 1490 1473 1472
f 1495 1478 1479
f 1469 1486 1496 1479
f 1488 1489 1472 1471
f 1491 1481 1464 1474
f 1492 1488 1471 1475
f 1485 1468 1467 1484
f 1476 1480 1497 1493
f 1493 1492 1475 1476
f 1486 1469 1468 1485
f 1481 1487 1470 1464
f 1496 1509 1508 1495
f 1487 1482 1465
f 1504 1505 1490 1489
f 1486 1502 1509 1496
f 1501 1485 1484 1500
f 1488 1492 1506
f 1502 1486 1485 1501
f 1507 1708 1477 1494
f 1498 1482 1487 1503
f 1503 1487 1481
f 1495 1508 1507 1494
f 1499 1483 1482 1498
f 1491 1490 1505
f 1502 1514 1519 1509
f 1516 1515 1488 1506
f 1504 1488 1515
f 1513 1501 1500 1512
f 1493 1510 1520 1517
f 1517 1516 1506 1493
f 1514 1502 1501 1513
f 1491 1528 1521 1481
f 1518 1708 1507
f 1518 1507 1508
f 1481 1521 1526 1503
f 1515 1516 1529
f 1512 1524 1513
f 1522 1498 1503 1526
f 1508 1531 1530 1518
f 1523 1511 1498 1522
f 1528 1491 1505
f 1519 1532 1531 1508
f 1514 1525 1532 1519
f 1505 1504 1527
f 1525 1542 1547 1532
f 1529 1517 1538
f 1513 1535 1525
f 1709 1530 1539
f 1528 1505 1537
f 1527 1515 1536
f 1533 1521 1528
f 1522 1540 1534
f 1531 1532 1547
f 1537 1527 1544
f 1543 1544 1527 1536
f 1545 1543 1536 1529
f 1546 1545 1529 1538
f 1524 1541 1535
f 1548 1546 1538
f 1552 1553 1528 1537
f 1539 1531 1555
f 1528 1553 1549 1533
f 1546 1548 1556 1554
f 1533 1549 1551 1526
f 1545 1546 1554
f 1542 1559 1564 1547
f 1526 1551 1540
f 1555 1547 1564
f 1552 1544 1561
f 1560 1561 1544 1543
f 1562 1560 1543 1545
f 1558 1535 1541 1557
f 1559 1542 1535 1558
f 1563 1711 1710 1539
f 1565 1540 1551 1567
f 1567 1551 1549
f 1552 1568 1569 1553
f 1563 1555 1570
f 1566 1550 1540 1565
f 1562 1580 1578 1560
f 1570 1555 1564
f 1568 1552 1561
f 1573 1565 1567 1572
f 1557 1575 1576
f 1571 1580 1554
f 1560 1578 1579 1561
f 1565 1573 1574
f 1617 1368 1369 1618
f 1341 1346 1374
f 1347 1393 1320
f 1308 986 1346
f 1379 1345 1373
f 900 1304 1589
f 1230 1589 1588
f 1313 1312 1332
f 1249 1061 988
f 1328 1332 1312
f 1335 1313 1357
f 1312 1128 1403
f 1248 1311 1312
f 1186 1591 1592
f 1224 1594 1590
f 1213 1184 1593
f 1212 1182 1592
f 1217 1596 1591
f 1215 1213 1595
f 1596 1217 1590
f 1594 1597 1590
f 1597 1594 1215
f 1599 1212 1592
f 1215 1595 1600
f 1602 1593 1214
f 1600 1593 1602
f 1596 1605 1591
f 1601 1600 1606
f 1597 1608 1604
f 1608 1597 1601
f 1599 1592 1610
f 1596 1614 1605
f 1607 1606 1611
f 1605 1610 1592
f 1614 1596 1604
f 1608 1372 1609
f 1372 1608 1607
f 1606 1602 1612
f 1344 1343 1599
f 1358 1344 1610
f 1619 1617 1618 1620
f 1617 1616 1367
f 1616 1615 1366
f 1621 1619 1620 1622
f 1626 1348 1385 1693
f 1376 1692 1635
f 1326 1330 1354 1351
f 906 901 989
f 992 988 1061
f 1031 970 1264
f 1309 1306 970
f 1306 1309 1681
f 1350 1369 1689
f 1352 1350 1340
f 1358 1605 1614
f 1401 1047 1400
f 1296 1115 1064
f 1315 1083 1115
f 1083 1315 1334
f 1392 1382 1388 1631
f 1330 1326 1684
f 1047 1401 1310
f 1334 1333 1356
f 1320 1346 1304
f 1362 1314 1335
f 1359 1614 1609
f 1370 1355 1380
f 1382 1392 1634
f 1378 1634 1383
f 1694 1695 1624 1626
f 1613 1611 1349 1686
f 1372 1371 1609
f 1372 1613 1686
f 1633 1387 1612 1603
f 1387 1349 1611
f 1390 1342 1630 1384
f 1691 1635 1383
f 1692 1376 1365 1585
f 1342 1362 1630
f 303 302 326 389
f 1568 1579 1629
f 1662 1659 1541
f 649 326 302
f 225 1644 1643 213
f 310 449 450
f 286 388 307
f 286 384 285
f 2463 384 379
f 1642 201 213
f 223 1644 1645 235
f 248 235 1645 250
f 595 586 1650 598
f 250 261 260
f 247 236 234
f 210 212 193
f 168 137 143
f 140 143 136
f 139 140 135
f 586 577 579 1650
f 577 567 570 579
f 567 561 562 570
f 803 1651 1652 605
f 628 629 562
f 605 1652 1653 634
f 822 836 1656 1655
f 1654 623 615
f 1654 1655 623
f 845 823 1656 1657
f 845 1657 1658 1409
f 1644 223 211 1643
f 1587 1580 1386
f 326 318 389
f 318 321 389
f 307 388 310
f 380 285 384
f 94 114 93
f 2412 114 95
f 141 143 139
f 169 174 144
f 182 190 1642
f 188 1642 1643
f 1644 225 237 1645
f 236 224 222 234
f 249 247 260
f 598 683 685 595
f 224 212 210
f 189 175 1646
f 168 174 175
f 127 128 124
f 84 87 274
f 1648 68 270
f 71 73 76
f 683 647 649
f 1651 803 629 628
f 579 589 1650
f 1652 604 614 1653
f 604 1652 1651
f 1654 615 634 1653
f 1655 1654 622 813
f 1657 1656 836 844
f 813 822 1655
f 1657 844 1408 1658
f 1663 714 718 1664
f 1382 1378 1583
f 1381 1568 1629
f 1557 1541 1659
f 1578 1587 1380
f 1566 1574 1660
f 1550 1566 1659
f 1664 718 722 1665
f 808 753 1666 1670
f 805 808 1670 1667
f 807 806 1668 1669
f 1667 1668 806
f 753 763 1671 1666
f 833 807 1669 1672
f 1673 1433 1418 1672
f 1679 1556 1548 1678
f 1433 1673 1674
f 1446 1674 1675
f 1463 1675 1480
f 1497 1676 1510
f 1538 1677 1678
f 1343 1633 1603 1599
f 1680 1714 1571
f 1386 1380 1587
f 1683 1682 1329
f 1322 1307 1306
f 1328 1311 1080
f 1080 1059 1327
f 1327 1059 1360
f 987 1324 1345
f 1324 987 1308
f 1681 1684 1325
f 1132 1333 1317
f 1346 1589 1304
f 899 1318 1320
f 1318 899 1231
f 902 1319 1318
f 1337 1319 1685
f 1305 1685 1319
f 1331 1682 1334
f 1683 1684 1310
f 1384 1704 1714 1638
f 1687 1688 1686
f 1377 1687 1349
f 1691 1383 1361
f 1376 1377 1387
f 1638 1636 1627 1384
f 1364 1393 1347
f 1347 1690 1361
f 1690 1347 1687
f 1337 1687 1347
f 1364 1361 1392
f 1342 1390 1385
f 1636 1637 1639 1627
f 1641 1692 1585 1661
f 1625 1639 1640
f 1623 1640 1661
f 1366 1615 1585 1365
f 1692 1641 1584
f 1627 1390 1384
f 1392 1631 1363 1374
f 1390 1627 1693
f 1621 1624 1695
f 1621 1615 1619
f 1694 1693 1627
f 1632 1625 1695
f 1696 1621 1695
f 1696 1615 1621
f 1619 1615 1616
f 1696 1623 1585
f 1348 1626 1336 1628
f 1631 1389 1373
f 1375 1373 1389
f 1348 1628 1356
f 1626 1624 1354 1353
f 727 726 732 1697
f 1624 1622 1351
f 1622 1620 1351
f 1352 1351 1620
f 1618 1369 1350
f 1685 1305 1307
f 1321 1339 1338
f 1337 1338 1688
f 726 727 1665
f 732 736 737 1697
f 1670 1666 1698 1701
f 740 737 736
f 1666 1671 1713 1698
f 1701 1699 1667
f 1699 1700 1667
f 1705 1673 1672 1703
f 1700 1702 1669
f 1672 1702 1703
f 1460 1674 1673 1705
f 1707 1477 1676 1480
f 1674 1460 1706
f 1675 1706 1707
f 1708 1510 1676 1477
f 1708 1518 1677 1510
f 1704 1630 1362 1335
f 1677 1518 1709
f 1678 1709 1710
f 1679 1710 1711
f 1679 1711 1712
f 1635 1584 1586
f 1378 1383 1586
f 1511 1523 1715 1716
f 1715 1662 1524
f 1512 1500 1717 1716
f 1483 1499 1717 1718
f 1467 1719 1718 1484
f 1450 1720 1719 1467
f 1662 1715 1523 1534
f 1720 1450 1436
f 1435 1436 1422
f 1716 1715 1524 1512
f 1716 1717 1499 1511
f 1718 1717 1500 1484
f 1719 1466 1483 1718
f 1720 1449 1466 1719
f 1409 1658 1721 1422
f 1449 1720 1435
f 1659 1662 1534 1550
f 1421 1721 1658
f 1689 1372 1686 1688
f 1377 1376 1691
f 1372 1689 1369 1371
f 1371 1369 1368 1359
f 1564 1582 1581 1570
f 1368 1367 1358
f 1366 1344 1358
f 1365 1343 1344
f 1365 1376 1633
f 1724 1576 1575
f 1582 1640 1639
f 1581 1639 1637
f 1558 1576 1577
f 1572 1567 1569
f 1573 1723 1382 1583
f 1582 1564 1577
f 1575 1557 1722
f 1571 1679 1680
f 1575 1641 1661 1724
f 1640 1577 1724
f 1583 1586 1574
f 1584 1660 1574
f 1578 1580 1587
f 1637 1636 1712 1563
f 1381 1723 1572 1569
f 1636 1638 1680
f 1660 1584 1641 1575
f 1714 1386 1580
f 756 810 1733 1732
f 1339 1689 1688
f 1725 611 639 1727
f 729 1730 724
f 1727 639 620 1726
f 738 742 1731 734
f 716 719 1729 1728
f 1736 1727 1726 1735
f 734 1740 1739
f 1732 1733 1744 1741
f 1737 1729 724 1738
f 765 1732 1741 1742
f 809 765 1742 1743
f 1734 1725 1727 1736
f 734 1739 1730
f 1735 1726 809 1743
f 1746 1735 1743 1751
f 1747 1736 1735 1746
f 1745 1734 1736 1747
f 1731 1750 1740
f 1737 1748 1728
f 1730 1749 1738
f 1742 1751 1743
f 1755 1747 1746 1754
f 1748 1737 1757 1756
f 1741 1752 1762 1760
f 1737 1738 1758 1757
f 1742 1741 1760 1761
f 1753 1745 1747 1755
f 1739 1759 1749
f 1764 1754 1751 1770
f 1765 1755 1754 1764
f 1757 1758 1767 1766
f 1758 1749 1768 1767
f 1768 1749 1759 1769
f 1761 1770 1751
f 1763 1753 1755 1765
f 1761 1760 1777 1778
f 1766 1772 1756
f 1762 1777 1760
f 1767 1768 1774 1773
f 1770 1761 1778 1779
f 1783 1769 1776 1784
f 1775 1774 1768
f 1765 1771 1763
f 1779 1781 1764
f 1771 1781 1786 1787
f 1773 1782 1766
f 1775 1783 1774
f 1771 1787 1780
f 1779 1786 1781
f 1773 1774 1790 1789
f 1782 1788 1772
f 1777 1792 1778
f 1790 1796 1809 1808
f 1783 1796 1790
f 1787 1794 1793
f 1791 1796 1783
f 1784 1797 1791
f 1803 1786 1800 1810
f 713 743 709 708
f 1791 1809 1796
f 1786 1803 1794
f 611 1812 885 633
f 1813 1812 1734 1745
f 878 885 1812
f 1725 1734 1812
f 1824 1829 1838 1839
f 1838 1814 1763 1780
f 1814 1838 1829 1833
f 1859 1858 1798 1816
f 1858 1804 1798
f 1833 1836 1814
f 1814 1815 1753 1763
f 1815 1814 1836 884
f 883 1823 1819
f 1821 1830 1826 1825
f 1830 1821 1818
f 1827 1819 1823 1828
f 1815 1813 1745 1753
f 1822 1837 881 1826
f 1817 1831 890 1822
f 1813 1815 884 878
f 1828 1832 1827
f 1836 1833 1823 883
f 880 1837 890
f 884 1836 883
f 1833 1829 1828 1823
f 1832 1828 1829 1824
f 1820 1824 1839 1840
f 1824 1820 1835
f 1827 1834 1795 1825
f 882 1819 881
f 1825 1826 1827
f 1777 1785 1801 1841
f 1816 1798 1846 1845
f 1846 1798 1842 1847
f 1843 1844 1848 1847
f 1850 1834 1835 1852
f 1846 1849 1845
f 1846 1847 1848
f 1851 1804 1795 1850
f 1851 1850 1854 1855
f 1793 1802 1840
f 1798 1804 1851
f 1852 1857 1850
f 1799 1853 1810
f 1857 1854 1850
f 1842 1798 1851 1855
f 1788 1782 1806 1805
f 1792 1800 1779
f 1782 1789 1807 1806
f 1818 1821 1858 1859
f 1790 1807 1789
f 1858 1821 1825 1795
f 1834 1827 1832 1835
f 1860 1794 1803 1861
f 1780 1793 1839
f 1841 1799 1792
f 1856 1863 1852
f 1864 1865 1853 1799
f 1855 1843 1842
f 1840 1862 1856
f 1794 1860 1802
f 1841 1801 1811 1864
f 1799 1841 1864
f 1805 1806 1867 1866
f 1791 1868 1809
f 1868 1791 1797 1869
f 1808 1867 1807
f 1808 1809 1872 1871
f 1867 1808 1871 1870
f 2025 2027 1884 1883
f 1811 1865 1864
f 1811 1879 1865
f 1874 1882 1881
f 2025 1883 1882
f 1880 1865 2026 1887
f 1888 1880 1887 1889
f 1885 1884 2027
f 1897 1890 1891 1898
f 1898 1891 1892 1899
f 1900 1892 1893 1901
f 1892 1900 1899
f 1901 1893 1894 1902
f 1894 1895 1903 1902
f 1906 1897 1898 1907
f 1907 1898 1899 1908
f 1905 1896 1904 1913
f 1908 1899 1900 1909
f 1909 1900 1901 1910
f 1910 1901 1902 1911
f 1902 1903 1912 1911
f 1915 1906 1907 1916
f 1912 1919 1911
f 1916 1907 1908 1917
f 1905 1913 1920 1914
f 1917 1908 1909 1918
f 1918 1910 1911 1919
f 1919 1912 1926 1925
f 1922 1915 1916 1923
f 1923 1916 1917 1924
f 1921 1914 1920 1927
f 1930 1923 1924 1931
f 1918 1925 1924
f 1928 1921 1927 1933
f 1929 1922 1923 1930
f 1924 1932 1931
f 1926 1932 1925
f 1935 1929 1930 1936
f 1934 1928 1933 1940
f 1946 1862 2028 1945
f 1932 1938 1937
f 1926 1939 1938
f 1943 1860 1861 1944
f 1945 2028 1860 1943
f 1947 1941 1942 1948
f 1949 1944 1941 1947
f 1959 1950 1954 1958
f 1944 1949 1943
f 1952 1953 1957 1956
f 1954 1952 1956 1958
f 1963 1959 1958 1962
f 1951 1960 1955
f 1961 1955 1964 1966
f 1956 1962 1958
f 1960 1964 1955
f 1956 1961 1966 1965
f 1962 1967 1963
f 1964 1968 1970 1969
f 1948 1942 1880 1888
f 1971 2036 2003
f 1967 2037 2002
f 1865 1880 1942
f 1951 1905 1914 1960
f 1896 1905 1951
f 1960 1921 1928 1968
f 1968 1928 1934 1970
f 2009 2008 1976 1975
f 1974 1977 2012
f 2010 2009 1975 1974
f 2008 2013 1973 1976
f 1979 1976 1973 1978
f 1989 1983 1980 1986
f 1979 1974 1975
f 1982 1984 1990 1988
f 1984 1983 1989 1990
f 1985 1977 2004 2005
f 1981 1982 1988 1987
f 1995 1989 1986 1992
f 1988 1990 1996 1994
f 1990 1989 1995 1996
f 1985 2005 2006 1991
f 1987 1988 1994 1993
f 1994 1996 2001 1999
f 1996 1995 2000 2001
f 1991 2006 2007 1997
f 1993 1994 1999 1998
f 2004 1981 1987 2005
f 2005 1987 1993 2006
f 2006 1993 1998 2007
f 2021 2015 2014 2020
f 1974 2012 2011 2010
f 2020 2022 2023
f 751 747 743 713
f 1878 1885 1877
f 1874 1881 1873
f 1875 1876 2027 2025
f 1876 1877 1885 2027
f 1992 1986 1959 1963
f 1978 1973 1946 1950
f 1973 2013 1862 1946
f 1986 1980 1950 1959
f 1967 2002 1992
f 752 751 713 714
f 1963 1967 1992
f 714 1663 1671 763
f 1713 1663 715 811
f 1713 1671 1663
f 811 715 716 810
f 1728 1733 810 716
f 1744 1728 1748 1752
f 1728 1744 1733
f 1752 1748 1756 1762
f 1887 2026 1873 1881
f 1772 1785 1762
f 1805 1811 1801
f 1913 1904 1890 1897
f 1920 1913 1897 1906
f 1927 1920 1906 1915
f 1933 1927 1915 1922
f 1922 1929 1940 1933
f 2031 1970 1934 2029
f 1940 2030 2029 1934
f 1966 2032 1965
f 2030 1940 1929 1935
f 2037 2035 2000 2002
f 2023 2022 2033
f 2032 2045 2044 1965
f 1971 2000 2035
f 2939 2023 2038
f 2038 2033 2041
f 1967 2044 2045
f 1931 2043 2046 1930
f 2043 1931 1932
f 1936 1930 2046 2047
f 2051 2030 1935 2048
f 2940 2038 2054
f 2031 2029 2050 2052
f 2030 2051 2050 2029
f 2060 2058 2035 2037
f 2049 2035 2058
f 1936 2056 2048
f 2054 2041 2062
f 2053 2057 2032
f 2037 1967 2061 2060
f 2049 2059 2036
f 2056 1936 2047 2063
f 2059 2049 3074 2082
f 2082 2085 2062 2059
f 2086 2942 2941 2068
f 2069 2941 2942 2087
f 2064 2056 2073 3068
f 2088 2055 2069
f 2073 2056 2071
f 2064 3068 3069 2051
f 2075 3070 3069 2076
f 2052 2065 3070 3071
f 2116 2117 2086 2102
f 2111 2097 2094
f 2091 2106 2072
f 2110 2096 2097 2111
f 2100 2114 2112 2098
f 2104 2119 2115 2101
f 2117 2943 2942 2086
f 2113 2099 2092 2107
f 2119 2104 2096 2110
f 2114 2100 2101 2115
f 2093 2108 2095
f 2109 2076 2072 2106
f 2076 2109 2108 2093
f 2098 2112 2107 2092
f 2133 2119 2110 2125
f 2129 2114 2115 2130
f 2094 2123 2126 2111
f 2120 2122 2091
f 2106 2121 2109
f 2121 2106 2091 2122
f 2125 2110 2111 2126
f 2117 2116 2131
f 2114 2129 2127 2112
f 2119 2133 2130 2115
f 2123 2094 2095 2124
f 2127 2140 2134 2107
f 2143 2144 2117 2131
f 2129 2142 2140 2127
f 2144 2945 2944 2117
f 2123 2124 2138 2137
f 2141 2128 2107 2134
f 2138 2124 2108 2135
f 2125 2139 2133
f 2109 2136 2135 2108
f 2120 2147 2122
f 2138 2135 2151 2153
f 2139 2158 2133
f 2157 2142 2130 2158
f 2152 2136 2121 2148
f 2152 2151 2135 2136
f 2140 2155 2150 2134
f 2148 2121 2122 2149
f 2142 2157 2155 2140
f 2159 2946 2945 2144
f 2158 2130 2133
f 2156 2141 2134 2150
f 2162 2165 2154 2137
f 2169 2170 2159 2143
f 2139 2154 2165 2164
f 2170 2947 2946 2159
f 2137 2153 2163 2162
f 2167 2157 2158 2168
f 2151 2163 2153
f 2182 2166 2150 2174
f 2147 2171 2149
f 2163 2151 2175 2178
f 2179 2168 2164
f 2173 2149 2171 2187
f 2152 2148 2172 2176
f 2176 2175 2151 2152
f 2155 2181 2174 2150
f 2162 2177 2180 2165
f 2172 2148 2149 2173
f 2164 2165 2180 2179
f 2170 2169 2184
f 2167 2183 2181 2155
f 2162 2163 2178 2177
f 2188 2172 2173 2189
f 2190 2174 2181
f 2198 2199 2170 2184
f 2199 2949 2948 2170
f 2193 2177 2178 2194
f 2182 2174 2190 2195
f 2178 2175 2191 2194
f 2179 2201 2168
f 2196 2183 2168 2197
f 2192 2176 2172 2188
f 2176 2192 2191 2175
f 2212 2950 2949 2199
f 2197 2201 2215
f 2205 2193 2194 2206
f 2195 2190 2202 2209
f 2206 2194 2191 2203
f 2192 2204 2203 2191
f 2197 2210 2196
f 2187 2216 2189
f 2208 2202 2190 2181
f 2193 2205 2207 2180
f 2211 2212 2199 2198
f 2201 2179 2180 2207
f 2210 2208 2181 2196
f 2204 2221 2220 2203
f 2225 2219 2202 2208
f 2217 2188 2189 2218
f 2228 2951 2950 2212
f 2222 2205 2206 2223
f 2209 2202 2219 2226
f 2223 2206 2203 2220
f 2221 2204 2188 2217
f 2240 2238 2227 2215
f 2226 2219 2232 2236
f 2210 2227 2238 2237
f 2224 2240 2215
f 2231 2218 2216 2241
f 2235 2232 2219 2225
f 2222 2233 2234 2207
f 2237 2235 2225 2210
f 2218 2231 2217
f 2228 2211 2239
f 2207 2234 2224
f 2243 2231 2241 2255
f 2245 2221 2217 2242
f 2221 2245 2244 2220
f 2246 2249 2234 2233
f 2232 2235 2250
f 2242 2217 2231 2243
f 2224 2234 2249 2248
f 2251 2250 2235 2237
f 2256 2252 2238 2240
f 2246 2233 2223 2247
f 2256 2240 2224 2248
f 2247 2223 2220 2244
f 2237 2238 2252 2251
f 2248 2249 2265 2264
f 2272 2268 2252 2256
f 2250 2251 2267
f 2253 2269 2953 2952
f 2262 2246 2247 2263
f 2236 2232 2259 2266
f 2256 2248 2264 2272
f 2263 2247 2244 2260
f 2251 2252 2268 2267
f 2261 2245 2242 2257
f 2245 2261 2260 2244
f 2262 2265 2249 2246
f 2257 2242 2243 2258
f 2266 2269 2253 2239
f 2277 2261 2257 2273
f 2258 2289 2274
f 2261 2277 2276 2260
f 2282 2275 2259 2250
f 2278 2281 2265 2262
f 2273 2257 2258 2274
f 2266 2285 2286 2269
f 2264 2265 2281 2280
f 2288 2284 2268 2272
f 2269 2286 2954 2953
f 2262 2263 2279 2278
f 2266 2259 2275 2283
f 2272 2264 2280 2288
f 2263 2260 2276 2279
f 2280 2281 2298 2297
f 2301 2286 2285
f 2286 2301 2955 2954
f 2282 2267 2299
f 2278 2279 2296 2295
f 2279 2276 2293 2296
f 2267 2284 2300 2299
f 2291 2274 2289 2303
f 2294 2277 2273 2290
f 2277 2294 2293 2276
f 2295 2298 2281 2278
f 2290 2273 2274 2291
f 2833 2965 2926 2938
f 2311 2341 2332 2308
f 2297 2298 2308 2332
f 2298 2317 2309 2308
f 2331 2309 2317 2318
f 2310 2309 2331 2920
f 2321 2333 2335 2322
f 2300 2320 2299
f 2327 2314 2320
f 2313 2326 2312
f 2310 2311 2308 2309
f 2335 2956 2322
f 2333 2321 2314 2327
f 2334 2300 2319 2332
f 2331 2318 2315 2328
f 2316 2312 2326 2329
f 2329 2328 2315 2316
f 2344 2334 2332 2340
f 2327 2339 2343
f 2920 2929 2867 2310
f 2885 2883 2882 2884
f 2826 2835 2828
f 2332 2341 2340
f 2342 2327 2334
f 3 1 4
f 9 5 7
f 8 7 28
f 20 21 34
f 2358 2347 2357
f 2379 2346 2355
f 2354 2345 2374
f 2372 2370 2375
f 2360 2359 2382
f 2363 2358 2380
f 2791 2365 2356
f 2356 2365 2384
f 2409 2407 2388
f 2408 2410 2400
f 2401 2386 2399
f 90 364 273 1647
f 2407 2411 2388
f 2395 2394 2406
f 2396 2407 2409
f 2393 2389 2410
f 2414 2413 2446
f 115 2412 2416
f 3116 48 60
f 2413 38 2419
f 100 123 109
f 76 1649 77
f 100 2423 123
f 107 108 116
f 103 93 92
f 93 103 94
f 134 126 127
f 3075 16 15
f 27 15 2418
f 58 57 66
f 98 59 47
f 270 271 1648
f 89 2420 2421
f 55 2414 2446
f 15 26 2446
f 505 2422 525
f 536 539 557
f 542 538 554
f 271 272 72
f 280 276 275
f 275 154 279
f 2433 279 154
f 94 103 102
f 2416 54 2415
f 2426 126 2417
f 274 72 272
f 2431 2442 2443
f 2448 280 2432
f 2447 2436 2437
f 2435 2436 2447
f 2449 2435 2434
f 2443 89 2431
f 2466 2445 2443
f 86 65 2444
f 2444 2441 86
f 82 76 77
f 269 76 82
f 2443 88 2420 89
f 1647 274 90
f 83 427 426 82
f 25 2446 26
f 2439 2448 2432
f 279 2447 2432
f 2434 2447 2433
f 2413 59 38
f 2415 54 2414
f 2431 89 281
f 281 89 2450
f 2461 2460 2453 2452
f 2450 381 380
f 2435 2463 383
f 2425 2427 128
f 2427 2438 128
f 59 48 38
f 279 2432 275
f 72 274 87
f 2454 2455 2547 395
f 281 2450 282 2464
f 390 2458 2457
f 2454 2453 2460
f 2452 2451 2461
f 2456 376 2457
f 2460 2461 442
f 2456 2455 2459
f 126 2425 127
f 2427 2425 2440
f 2436 383 278
f 2436 278 385
f 2449 2464 2463
f 282 384 2464
f 2430 2462 2429
f 2464 2462 281
f 2414 56 2415
f 2430 2429 2465 2466
f 2446 2419 2418
f 2440 2425 2429
f 88 2445 273
f 556 543 533
f 541 518 532
f 463 464 474
f 557 555 536
f 534 538 542
f 55 56 2414
f 24 55 25
f 547 549 550
f 549 547 545
f 546 549 545
f 532 524 537
f 524 532 507
f 507 508 524
f 497 498 508
f 484 485 498
f 475 485 484
f 475 474 464
f 13 24 25
f 209 216 204 200
f 2425 2426 2428
f 2425 2428 2465
f 2468 121 122
f 134 2423 126
f 157 3214 161
f 147 136 151
f 147 146 135
f 134 135 146
f 2417 2415 2426
f 2465 2428 67
f 67 2466 2465
f 121 2468 2423
f 138 163 151
f 2423 133 121
f 133 146 145
f 138 173 177
f 173 181 184
f 181 194 196
f 221 233 240
f 233 252 2469
f 2423 134 133
f 265 264 267
f 268 266 267
f 233 246 252
f 221 216 209
f 2444 84 1647 2445
f 173 138 137
f 2466 67 2441
f 2445 2466 2441
f 2473 407 406 412
f 72 62 1648
f 73 74 1649
f 429 423 434 2477
f 406 411 412
f 405 433 432
f 2588 365 405
f 405 366 2588
f 435 428 421 424
f 2593 364 91
f 2593 2478 364
f 430 2479 2480
f 2477 434 365
f 367 392 2589
f 2581 2485 2484
f 283 363 2590
f 2591 2458 2480
f 358 2478 2592
f 2492 2489 2592
f 2488 2483 2582
f 2496 2495 2586
f 2492 2491 2503
f 2504 2505 2496
f 2498 2503 2491
f 2485 2502 2500
f 2486 2495 2501
f 2505 2501 2495
f 2482 2484 2499
f 2496 2494 2504
f 2497 2499 2509
f 2492 2503 2535
f 2522 2487 2483
f 2481 2489 2513
f 2508 2535 2503
f 2502 2512 2510
f 2487 2522 2514
f 2499 2500 2510
f 2512 2502 2501
f 2514 2515 2504
f 2528 2527 2566
f 2568 2557 2521
f 2559 2520 2521
f 2569 2526 2560
f 2517 2520 2559
f 2528 2525 2575
f 2575 2522 2518
f 2539 2533 2537
f 2561 2534 2542
f 2536 2543 2540
f 2544 2576 2530
f 2535 2531 2545
f 2550 2540 2537
f 2506 2513 2529
f 81 421 428
f 81 429 91
f 2451 2452 446 396
f 2458 392 2457
f 69 2548 2549
f 69 2549 425
f 2547 2456 393 394
f 2477 365 2594 2593
f 2457 393 2456
f 429 2477 91
f 2477 2593 91
f 2515 2511 2505
f 2544 2543 2536
f 2540 2550 2538
f 2506 2516 2523
f 2528 2558 2538
f 2554 2531 2524
f 2575 2576 2558
f 2523 2555 2530
f 2527 2538 2550
f 2528 2566 2515
f 2511 2515 2566
f 2528 2514 2525
f 2564 2531 2546
f 2566 2526 2511
f 2511 2526 2569
f 2568 2510 2512
f 2510 2568 2520
f 2509 2520 2517
f 2563 2539 2540
f 2541 2545 2562
f 2574 2561 2542
f 2570 2562 2545
f 2546 2531 2552
f 2562 2572 2571
f 2545 2564 2570
f 2574 2562 2571
f 2564 2545 2531
f 2570 2572 2562
f 2570 2564 2565
f 2565 2567 2572
f 2565 2539 2567
f 2571 2567 2563
f 2563 2573 2571
f 2553 2516 2529
f 2555 2523 2516
f 2528 2575 2558
f 2535 2524 2531
f 2519 2552 2554
f 2527 2560 2526
f 2535 2541 2513
f 2553 2529 2542
f 2553 2542 2534
f 2536 2558 2576
f 2537 2560 2550
f 2557 2560 2533
f 2532 2556 2557
f 2556 2532 2546
f 2482 2579 2578
f 2577 2580 2486
f 2488 2590 2481
f 2583 2582 2483
f 2481 2592 2489
f 2490 2491 2593
f 2583 2493 2597
f 2517 2519 2508
f 2580 2586 2495
f 2597 2493 2494
f 2577 2581 366
f 2484 2578 2581
f 2584 2586 2596
f 2579 2594 2588
f 2587 2589 2580
f 2590 358 2481
f 2595 2590 2582
f 2565 2564 2533
f 2519 2517 2559
f 2458 2591 2596
f 405 432 397 367
f 283 2595 2597
f 2552 2559 2546
f 2479 2597 2591
f 405 2587 366
f 392 2596 2589
f 2512 2569 2568
f 2502 2485 2486
f 2577 2486 2485
f 405 367 2587
f 400 397 432 406
f 422 362 361 423
f 2498 2497 2507
f 2497 2498 2482
f 2579 2490 2594
f 361 434 423
f 368 2470 362 422
f 371 359 2470 368
f 369 360 359 371
f 369 444 2472 360
f 444 370 2471 2472
f 445 2476 410 404
f 402 408 403
f 408 2475 403
f 445 403 2475
f 2650 2916 2917 2646
f 2796 2795 2598
f 2345 2598 2605
f 2606 2602 2613
f 2609 2614 2603
f 2609 2601 2612
f 2604 2615 2608
f 2617 2611 2600
f 2616 2605 2598
f 2411 2626 2620
f 2917 2886 2644 2646
f 2886 2890 2816 2644
f 2630 2632 2629
f 2633 2620 2626
f 2627 2621 2634
f 2629 2619 2624
f 2879 2886 2917 2912
f 2821 2816 2890
f 2618 2628 2631
f 2816 2887 2888
f 2625 2643 2618
f 2626 2411 2622
f 2960 2818 2894
f 2642 2634 2645
f 2654 2640 2635
f 2655 2641 2637
f 2644 2888 2899
f 2884 2882 2906
f 2656 2652 2638
f 2656 2642 2645
f 2653 2648 2636
f 2641 2655 2649
f 2665 2683 2662
f 2681 2660 2677
f 2666 2663 2673
f 2663 2693 2678
f 2664 2682 2680
f 2669 2683 2665
f 2675 2668 2658
f 2690 2685 2676
f 2694 2696 2685
f 2693 2698 2689
f 2693 2687 2697
f 2691 2677 2684
f 2708 2704 2699
f 2715 2705 2702
f 2716 2713 2707
f 2706 2697 2711
f 2714 2709 2700
f 2715 2710 2701
f 2736 2719 2722
f 2741 2729 2727
f 2719 2740 2730
f 2741 2734 2729
f 2725 2737 2739
f 2728 2731 2740
f 2731 2724 2720
f 2725 2733 2737
f 2741 2750 2746
f 2747 2742 2764
f 2749 2743 2765
f 2751 2754 2742
f 2750 2741 2732
f 2749 2733 2745
f 2771 2762 2755
f 2716 2763 2759
f 2770 2767 2756
f 2716 2711 2757
f 2773 2777 2787
f 2782 2778 2774
f 2783 2773 2784
f 2782 2781 2772
f 2398 2400 2396
f 2742 2990 2989
f 2403 2998 3002
f 2612 2649 2655
f 2655 2651 2614
f 2402 2390 2391
f 2647 2635 3001
f 2656 2645 2710
f 2716 2768 2713
f 2715 2712 2652
f 2771 2781 2782
f 2769 2758 2782
f 2899 2888 2892 2902
f 2660 2664 2788
f 2330 2867 2929 2832
f 2330 2965 2311 2867
f 2827 2925 2935 2830
f 2340 2341 2965 2937
f 2925 2343 2339
f 2844 2959 2847 2845
f 2924 2344 2340
f 2831 2330 2832 2903
f 2845 2847 2846
f 2844 2841 2875 2870
f 2870 2875 2871 2307
f 2307 2872 2873 2868
f 2868 2873 2874 2869
f 2854 2859 2857 2856
f 2859 2858 2855 2857
f 2811 2814 2804 2807
f 2804 2814 2803
f 2851 2855 2969 2865
f 2874 2970 2869
f 2970 2874 2865
f 2855 2851 2853 2857
f 2806 2824 2854 2856
f 2852 2856 2857
f 2967 2877 2876
f 2812 2811 2800 2801
f 2808 2815 2810 2799
f 2801 2799 2812
f 2810 2812 2799
f 2879 2880 2890 2886
f 2877 2878 2892
f 2893 2876 2877
f 2896 2899 2902
f 2836 2835 2826 2817
f 2815 2808 2797
f 2798 2809 2797
f 2840 2895 2894 2818
f 2889 2890 2880
f 2798 3050 2840
f 2343 2933 2932
f 2887 2891 2892
f 2821 2893 2891
f 2878 2903 2900 2902
f 2335 2919 2963
f 2914 2898 2897
f 2961 2934 2932 2835
f 2933 2828 2835
f 2912 2917 2916 2913
f 2918 2910 2911 2915
f 2326 2313 2921 2922
f 2338 2921 2313
f 2323 2336 2337 2324
f 2328 2923 2920 2331
f 2967 2968 2859
f 2329 2922 2928 2930
f 2923 2930 2897
f 2934 2963 2919 2932
f 2921 2928 2922
f 2929 2920 2923
f 2330 2831 2926 2965
f 2928 2921 2918 2914
f 2923 2329 2930
f 2921 2936 2910 2918
f 2650 2896 2898 2914
f 2931 2926 2831
f 2930 2928 2914 2897
f 2966 2931 2831
f 2937 2965 2833 2823
f 2919 2335 2333 2343
f 2924 2937 2823 2829
f 2342 2935 2925
f 2929 2923 2897 2832
f 2846 2906 2907 2895
f 2805 2834 2824 2806
f 2334 2320 2300
f 2907 2960 2895
f 2905 2961 2960 2907
f 2406 2385 3002
f 2834 2805 2813
f 2836 2818 2960 2961
f 2934 2961 2905
f 2904 2962 2015
f 2015 2021 2904
f 2021 2023 2939
f 2903 2878 2966 2831
f 2934 2901 2963
f 2900 2903 2832 2897
f 2813 2938 2834
f 2938 2964 2823 2833
f 2915 2650 2914
f 2957 2859 2968
f 2967 2966 2878
f 2824 2958 2854
f 2335 2963 2901 2336
f 2859 2854 2958
f 2964 2803 2814 2823
f 2846 2895 2840
f 2841 2842 2839 2838
f 2841 2838 2866 2875
f 2860 2871 2875 2866
f 2814 2811 2823
f 2822 2823 2811
f 2762 2771 2758
f 2811 2812 2822
f 2871 2860 2861 2872
f 2896 2650 2646 2899
f 2387 2998 2985
f 2938 2813 2964
f 2908 2905 2907 2909
f 2721 2765 2747
f 2748 2744 2732
f 2752 2753 2744
f 2717 2720 2718
f 2765 2721 2737
f 2765 2743 2747
f 2753 2762 2758
f 2750 2744 2758
f 2934 2905 2908 2927
f 2901 2934 2927 2337
f 2834 2938 2931 2966
f 2810 2819 2825 2812
f 2825 2822 2812
f 2872 2861 2862 2873
f 2810 2820 2819
f 2873 2863 2864 2874
f 2873 2862 2863
f 2815 2826 2820 2810
f 2307 2306 2971 2870
f 2868 2305 2306 2307
f 2970 2972 2304 2869
f 2969 2858 2972 2970
f 2304 2868 2869
f 2868 2304 2305
f 2870 2971 2959 2844
f 2972 2981 2978 2979
f 2973 2821 2889
f 2885 2959 2975
f 2893 2821 2973
f 2976 2889 2881
f 2876 2893 2977
f 2977 2981 2982
f 2983 2306 2305
f 2304 2979 2305
f 2972 2982 2981
f 2978 2981 2973 2976
f 2306 2983 2975
f 2977 2973 2981
f 2957 2982 2858
f 2977 2957 2876
f 2957 2977 2982
f 2974 2979 2978
f 2980 2883 2885 2975
f 2818 2817 2809 2798
f 2883 2980 2974
f 2347 2358 2606 2600
f 2369 2359 2789
f 2601 2356 2374
f 2791 2356 2601
f 2792 2796 2345
f 2356 2353 2378
f 2371 2367 2360
f 2372 2376 2371
f 2353 2356 2384
f 2384 2365 2368
f 2347 2373 2379
f 2607 2603 2791
f 2604 2600 2611
f 2614 2602 2603
f 2344 2924 2935 2342
f 2791 2358 2363
f 2368 2361 2364
f 2361 2368 2363
f 2405 2402 2643
f 2401 2399 2395
f 3002 2401 2395
f 2387 2401 3002
f 2998 2403 2985
f 2389 2405 2625
f 2410 2389 2621
f 2627 2623 2400
f 2997 2618 2643
f 2997 2996 2628
f 2996 2995 2628
f 2622 2637 2641
f 2637 2622 2623
f 2642 2638 2623
f 3001 2636 2648
f 2365 2791 2363
f 2850 2853 2851
f 2827 2819 2820
f 2925 2827 2828
f 2334 2344 2342
f 2935 2924 2829 2830
f 2837 2842 2845 2843
f 2844 2845 2842 2841
f 2852 2853 2848 2856
f 2302 2303 2271 2287
f 2856 2848 2806
f 2358 2791 2603
f 2370 2372 2371
f 2991 2700 2709
f 2703 2700 2696
f 2788 2994 2684
f 2788 2684 2677
f 2686 2690 2680
f 2679 2657 2661
f 2659 2672 2675
f 2986 2667 2668
f 2679 2675 2658
f 2665 2662 2680
f 2686 2662 2683
f 2669 2688 2692
f 2678 2689 2688
f 2686 2694 2690
f 2701 2703 2694
f 2701 2686 2692
f 2688 2702 2705
f 2710 2714 2703
f 2654 2714 2710
f 2640 2654 2645
f 2628 2635 2640
f 2622 2396 2400
f 2396 2622 2411
f 2620 2388 2411
f 2405 2389 2393
f 2388 2620 2624
f 2619 2391 2404
f 2643 2402 2984
f 2633 2639 2630
f 2639 2636 2632
f 2635 2628 2995
f 2649 2653 2639
f 2616 2653 2649
f 2612 2601 2605
f 2600 2604 2373
f 2599 2346 2373
f 2378 2374 2356
f 2380 2357 2352
f 2357 2379 2377
f 2693 2689 2678
f 2663 2687 2693
f 2681 2691 2687
f 2695 2697 2687
f 2704 2708 2711
f 2711 2770 2761
f 2750 2760 2746
f 2992 2756 2767
f 2745 2759 2763
f 2757 2743 2749
f 2989 2990 2752
f 2989 2752 2722
f 2736 2748 2732
f 3004 2722 2719
f 3004 2730 2717
f 2731 2730 2740
f 2729 2725 2726
f 2747 2764 2723
f 3004 2723 2764
f 2987 2745 2733
f 2987 3007 2745
f 2751 2743 2757
f 2761 2756 2754
f 2990 2754 2756
f 3008 3007 2760
f 3008 2760 2769
f 2673 2669 2670
f 2695 2704 2697
f 2684 2699 2704
f 2994 2696 2700
f 2707 2702 2698
f 2360 2370 2371
f 2271 2255 2254 2270
f 2283 2285 2266
f 2255 2230 2229 2254
f 2211 2226 2236 2239
f 2213 2229 2230 2214
f 2198 2195 2209 2211
f 2214 2186 2200 2213
f 2184 2182 2195 2198
f 2186 2185 2200
f 2169 2166 2182 2184
f 2143 2156 2166 2169
f 2160 2185 2186 2161
f 2145 2160 2161 2146
f 2132 2145 2146 2118
f 2143 2131 2128 2141
f 2116 2113 2128 2131
f 2099 2113 2116 2102
f 2080 2067 2066 2077
f 2041 2036 2059 2062
f 2079 2057 2067
f 2033 2003 2036 2041
f 2022 1999 2003 2033
f 2022 2020 1998 1999
f 2020 2014 2007 1998
f 2039 2040 2034 2024
f 1938 2017 2024 1937
f 2611 3049 3050 2615
f 2017 1938 2019
f 2019 2018 2016
f 2346 2796 2792
f 2610 2598 2795
f 2346 2599 2795
f 2623 2622 2400
f 2629 2996 2997
f 2632 2995 2996
f 2651 2637 2638
f 2674 2986 2668
f 2731 2728 2724
f 2708 2699 2991
f 2712 2702 2707
f 2676 2685 2788
f 2994 2991 2699
f 2734 2746 2987
f 2768 2759 3008
f 2746 3007 2987
f 2685 2994 2788
f 2764 2742 2989
f 2746 2760 3007
f 3004 2989 2722
f 2766 2755 2992
f 2733 2725 2729
f 2753 2990 2992
f 3047 3006 2774
f 2708 2767 2770
f 2647 2709 2714
f 2616 2610 2648
f 2610 3054 3055 2648
f 3052 2802 2805
f 3050 2608 2615
f 3054 2610 2794
f 2799 2801 3057 3056
f 3055 2647 3001
f 3056 3055 2799
f 2613 2614 3061 3060
f 3057 2807 2766
f 3051 2806 2848
f 3049 2611 2617
f 3059 3060 2866
f 2863 3063 3066 2864
f 3062 2861 2860
f 3063 2862 2861
f 3058 2853 2850
f 3058 2850 2849
f 3065 2768 2993
f 3065 2865 2864
f 2803 3052 3067 2804
f 3063 2651 3003
f 2392 2404 2403
f 2409 2392 2385
f 2406 2394 2397
f 3036 3012 3016
f 3035 3028 3014
f 2398 2397 2394
f 3021 3029 3023
f 2394 2399 2398
f 3015 3025 3027
f 2398 2399 2386
f 3009 3026 3025
f 2386 2393 2408
f 2387 2405 2393
f 3020 3019 3036
f 3036 2778 3012
f 3032 3042 3039
f 3013 3038 3040
f 3034 3037 3031
f 3031 3037 3044
f 2793 2348 2355
f 2377 2355 2348
f 2352 2377 2375
f 3013 3028 3035
f 3012 3034 3027
f 3035 3030 3038
f 2383 2352 2349
f 2382 2359 2364
f 3012 3027 3025
f 3046 3031 3030
f 3045 3014 3028
f 2790 2364 2359
f 2359 2369 2366
f 3026 3009 3011
f 3026 3011 3022
f 2381 2366 2369
f 2350 2353 2381
f 3020 3043 3019
f 3034 3031 3015
f 3014 3030 3035
f 3046 3015 3031
f 3034 2776 3037
f 3044 3037 2776
f 3022 3024 3018
f 3023 3033 3043
f 3014 3045 3046
f 3023 3043 3020
f 3010 3026 3018
f 2376 2378 2353
f 2351 2354 2378
f 2354 2351 2793
f 3044 3005 3041
f 3005 2777 3041
f 2776 3034 2772
f 2778 2772 3034
f 3039 2774 2778
f 2777 2773 3041
f 3038 3041 2773
f 2779 2775 3040
f 3033 3040 2775
f 3048 2787 2777
f 2786 3048 3005
f 3050 3049 2839 2837
f 3052 2803 2802
f 3006 3047 3033
f 2780 2774 3006
f 3067 3052 3048
f 3053 2794 2608 3050
f 3055 3056 2709 2647
f 2798 2797 3054
f 2808 3055 3054
f 3001 2648 3055
f 3057 2708 2709 3056
f 3064 2993 2769 3058
f 2801 2800 2807
f 2805 2806 3051
f 2838 2839 3049
f 2613 3060 3059
f 2866 3060 3061
f 2614 2651 3063
f 2780 2999 2769
f 3063 3003 2712 3066
f 2865 3065 3064
f 2768 3065 3066
f 2807 3067 2786 2766
f 2766 2786 2781
f 3058 2999 2785 2848
f 2784 2787 3052
f 2783 2784 2805
f 2848 2785 2783
f 2785 2999 3000
f 2980 2983 2305 2979
f 2882 2879 2912 2906
f 2975 2983 2980
f 2881 2880 2882
f 2906 2912 2913 2909
f 2911 2908 2909 2913
f 2910 2936 2927 2908
f 2908 2911 2910
f 2337 2927 2936 2338
f 2324 2337 2338 2325
f 2336 2323 2956 2335
f 2302 2287 2954 2955
f 2287 2270 2953 2954
f 2303 2289 2271
f 2289 2258 2271
f 2254 2952 2953 2270
f 2186 2214 2216 2187
f 2255 2241 2230
f 2241 2216 2230
f 2214 2230 2216
f 2186 2187 2171 2161
f 2147 2120 2118 2146
f 2171 2147 2161
f 2088 2118 2120 2105
f 2084 3072 2070 2089
f 2060 2061 3072 2083
f 2046 2043 2034 2040
f 2061 2045 2070
f 2940 2042 2039 2939
f 2019 1938 1939
f 2017 2016 2962
f 2904 2939 2024
f 2081 2074 3074 3073
f 2944 2132 2103 2943
f 2132 2944 2945 2145
f 2946 2160 2145 2945
f 2948 2185 2160 2947
f 2946 2947 2160
f 2185 2948 2949 2200
f 2200 2949 2950 2213
f 2213 2950 2951 2229
f 2066 2067 2053 1969
f 2952 2254 2229
f 2682 2664 2657
f 2665 2682 2679
f 2665 2658 2667
f 2674 2671 2670
f 2661 2681 2666
f 2717 2723 3004
f 2740 2719 2736
f 2738 2727 2728
f 2726 2724 2728
f 2724 2726 2739
f 2739 2721 2718
f 2721 2735 2717
f 3025 3015 3009
f 3017 3020 3016
f 3020 3017 3024
f 3024 3021 3020
f 3021 3024 3022
f 3022 3013 3021
f 3011 3028 3013
f 2057 2070 2045
f 2069 2042 2940 2941
f 2052 2066 1969
f 2064 2048 2056
f 2068 2941 2940 2054
f 2092 2074 2081 2098
f 2098 2081 2083 2100
f 2084 2101 2100 2083
f 2101 2084 2089 2104
f 2079 2096 2104 2089
f 2080 2097 2096 2079
f 2097 2080 2077 2094
f 2078 2095 2094 2077
f 2078 2075 2093 2095
f 2073 2090 2105 2091
f 2082 2099 2102 2085
f 2105 2090 2088
f 2088 2087 2103
f 2086 2085 2102
f 2074 2092 2099 2082
f 3068 2072 2076 3069
f 2068 2062 2085
f 2090 2071 2088
f 2073 2072 3068
f 3069 3070 2065 2051
f 3071 3070 2075 2078
f 3071 2078 2077 2066
f 2083 3073 2058 2060
f 2089 2070 2079
f 3073 3074 2049 2058
f 3423 3386 3385 3422
f 19 468 3075
f 459 1 460
f 463 462 10
f 465 17 466
f 464 463 12
f 469 466 17
f 3077 3106 3076
f 3079 3077 3078
f 3080 3104 3079
f 3098 3097 3084
f 3088 3089 3087
f 3092 3091 3076
f 3091 3463 3076
f 3091 3093 3463
f 3087 3101 3100
f 3103 3079 3104
f 5309 3077 3079
f 3091 3109 3108
f 3112 3110 3109
f 3110 3111 3109
f 3111 3115 5421
f 3113 3115 3116
f 3114 3117 3111
f 3116 3115 3111
f 43 42 3117
f 41 3116 3117
f 3098 3118 3097
f 3105 3121 3082
f 3121 3104 3082
f 3120 3103 3104
f 3109 3092 3107
f 3109 3107 3112
f 3110 3124 3114
f 3125 5309 3123
f 3125 3126 3106
f 3131 3121 3105
f 3128 3120 3121
f 3120 3128 3123
f 3137 3136 3125
f 3136 3135 3125
f 3135 3142 3126
f 3146 74 3138
f 3138 49 3124
f 3145 3136 3137
f 3145 3144 3135
f 3152 3147 3149
f 3139 3155 3131
f 3155 3128 3131
f 3137 3128 3156
f 5399 3161 3150
f 5390 5380 3127 5384
f 3172 3171 102
f 5386 3122 3166
f 3132 3171 3166
f 3180 3169 3177
f 3174 3173 103
f 3175 3176 3186
f 3185 3167 3186
f 3186 3183 3175
f 3167 3183 3186
f 3169 3178 3181
f 3178 3169 3179
f 3177 3181 3168
f 3272 3262 3259 3273
f 117 3176 105
f 3163 3193 3182
f 3175 3183 3193
f 3163 3182 3179
f 2467 5385 116
f 3181 3194 3168
f 3194 3178 3182
f 3178 3194 3181
f 3195 3183 3194
f 3195 3193 3183
f 3190 3188 3308
f 3187 3191 3197
f 3205 3203 3204
f 150 3207 3208
f 3208 3206 3196
f 149 148 3208
f 149 3196 3184
f 3190 3204 3211
f 3213 3210 3203
f 3216 3217 3211
f 3212 3211 3217
f 3208 3207 3206
f 3203 3210 3204
f 3215 3216 3210
f 3207 3209 3218
f 3209 3219 3218
f 3207 3218 3198
f 3213 3223 3224
f 3213 3203 3205
f 167 159 3215
f 3224 3215 3213
f 3223 3213 3205
f 3202 3198 3220
f 3219 179 3236
f 3235 3229 3223
f 3235 3234 3229
f 3232 3223 3227
f 3245 3235 3232
f 3240 3226 3231
f 3236 179 192
f 3237 3231 3230
f 3230 3233 3237
f 245 3290 258
f 3237 3233 3239
f 232 220 3262
f 208 3252 3262
f 3238 192 3243
f 3252 208 187
f 3243 198 207
f 3252 3234 3245
f 3237 3239 3247
f 3244 3243 3251
f 3253 3245 3242
f 3259 3253 3250
f 3234 187 180
f 3257 3240 3248
f 180 167 3224
f 3251 207 219
f 3262 3252 3253
f 3259 3250 3249
f 3247 3255 3254
f 3279 3282 3272 3273
f 3257 3256 3264 3265
f 244 3280 3269 231
f 3260 219 231
f 3268 3259 3258
f 3263 3266 3254
f 3254 3255 3263
f 3216 3215 159
f 3261 3260 3269
f 3271 3272 3282 245
f 3268 3267 3278 3279
f 3265 3264 3276 3277
f 3270 3269 3280
f 3282 3279 3291
f 3282 3291 3290 245
f 3283 3286 3274
f 3274 3275 3283
f 3287 3291 3279
f 3284 3285 3277
f 3280 3292 3288
f 3280 244 3292
f 3307 3306 304 3334
f 3287 3279 3278
f 3299 268 258
f 3293 3286 3283
f 3296 3291 3287
f 3292 266 3297
f 3291 3300 3299
f 3305 3212 3214
f 3310 3308 3188
f 3394 4633 3314 3313
f 3327 3328 3318 3317
f 3328 3319 3320 3318
f 3323 3322 3324 3325
f 3321 3320 3319
f 3322 3323 3321
f 3340 3338 311 315
f 3327 3316 3326
f 3330 3319 3329
f 3333 3322 3330
f 3331 3324 3322
f 3334 304 306
f 3334 306 3336
f 3336 311 3338
f 3344 3340 315 317
f 3343 3339 3344
f 3345 3344 317 323
f 325 3341 3345 323
f 3343 3344 3345
f 3341 3346 3343 3345
f 3342 3453 3339
f 3348 3347 3317 3318
f 3329 3332 3330
f 3401 3314 4633
f 3319 3330 3321
f 3321 3330 3322
f 3354 3353 3347 3348
f 3325 3352 3351
f 3321 3323 3351
f 3320 3321 3350
f 3318 3320 3349
f 3360 3359 3353 3354
f 3351 3352 3358
f 3348 3349 3355
f 3349 3350 3356
f 3350 3351 3357
f 3361 3360 3354 3355
f 3357 3358 3363
f 3365 3364 3359 3360
f 3355 3356 3361
f 3356 3357 3362
f 3366 3365 3360 3361
f 3362 3363 3368
f 3367 3366 3361 3362
f 3370 3369 3366 3367
f 3367 3368 3370
f 3365 3366 3369
f 3372 3371 3365 3369
f 3364 3365 3371
f 3373 3372 3369 3370
f 354 353 3441 3442
f 355 354 3442 3451
f 357 3440 674
f 5429 3376 3421 3444
f 3375 5427 3420 3421
f 3444 5428 5429
f 3377 3374 3418 3419
f 5436 3158 3159 5440
f 3419 3420 3377
f 3426 3384 3386 3423
f 3158 5436 3380
f 3159 3379 5440
f 3404 3408 3407
f 3427 3429 3384 3426
f 3389 3347 3353 3390
f 3408 3404 3405
f 3347 3389 3317
f 3353 3359 3391 3390
f 3391 3359 3364 3392
f 3400 3315 3398 3397
f 3364 3393 3392
f 3103 3123 5309
f 5409 3394 3312
f 3317 3435 3436 3316
f 4634 3398 3315
f 3343 3342 3339
f 3335 3400 3399
f 3452 3326 3401
f 3317 3389 3388 3435
f 3401 3326 3314
f 3436 3312 3313
f 3313 3326 3316
f 2471 5428 3444 415
f 5430 3415 3416 3417
f 3312 3378 3379
f 3447 3448 396 404
f 5417 3391 3392
f 5417 3390 3391
f 3421 3420 5430 3417
f 3408 3412 3407
f 3412 3414 3413
f 5433 3417 3416
f 415 3444 5431 2474
f 3414 5430 3420
f 372 373 3450 3445
f 3419 3414 3420
f 3422 3387 3424 3423
f 3431 3152 3149 3428
f 3161 3162 3425 3150
f 3150 3425 3428 3149
f 3446 3445 3422 3385
f 3406 3409 3408 3405
f 3410 3406 3455 3448
f 3427 3432 3434 3430
f 3426 3433 3432 3427
f 3390 5417 5415 3389
f 3312 3436 3435
f 3388 3312 3435
f 370 372 3445 3446
f 3424 3438 3433
f 5518 2548 437
f 3439 3387 3450 3443
f 5415 3411 3403
f 3438 3424 3387 3439
f 3423 3424 3433 3426
f 436 3443 3450 373
f 3456 5433 5434 410
f 3334 3400 3397 3307
f 3126 3142 3146
f 3328 3327 3452 3453
f 3336 3399 3400
f 3306 2439 277
f 3326 3452 3327
f 3453 3337 3399 3339
f 3451 3442 3371 3372
f 3399 3338 3339
f 3338 3399 3336
f 3453 3342 3329
f 3413 3419 3437
f 3441 391 3454
f 3448 3447 3410
f 3421 3417 3456 3444
f 357 356 3372 3373
f 5433 3456 3417
f 3445 3450 3387 3422
f 3379 3160 5409 3312
f 6021 3083 3081
f 3459 6021 3080
f 3462 3090 3088
f 3458 3076 3463
f 3461 3085 3084
f 3467 3468 3083
f 3457 3466 3459
f 3470 3471 3090
f 3472 3463 3464
f 3466 3467 6021
f 3457 3458 3465
f 3473 3464 6022
f 3465 3458 3463
f 3480 3481 3470
f 3478 3479 3469
f 3477 3468 3467
f 3475 3466 3457
f 3484 3483 3472
f 3473 3485 3484
f 3481 3482 3471
f 3476 3467 3466
f 3483 3474 3465
f 3482 3485 3473
f 3496 3487 3474
f 3482 3498 3485
f 3497 3496 3483
f 3493 3479 3478
f 3486 3488 3475
f 3497 3483 3484
f 3494 3495 3481
f 3490 3491 3477
f 3488 3489 3475
f 3489 3490 3476
f 3500 3491 3490
f 3508 3507 3497
f 3506 3482 3495
f 3500 3501 3491
f 3499 3490 3489
f 3509 3498 3482
f 3502 3493 3492
f 3486 3487 3511
f 3512 3488 3486
f 3506 3495 3505
f 3501 3513 3492
f 3515 3508 3509
f 3511 3487 3496
f 3517 3499 3489
f 3499 3517 3500
f 3520 3522 3509
f 3505 3518 3506
f 3526 3514 3507
f 3496 3521 3511
f 3512 3523 3516
f 3511 3534 3510
f 3500 3529 3501
f 3516 3528 3517
f 3521 3514 3533
f 3526 3515 3522
f 3518 3530 3525
f 3514 3526 3527
f 3521 3533 3534
f 3524 3513 3537
f 3526 3522 3535
f 3529 3517 3536
f 3527 3526 3535
f 3529 3536 3531
f 3510 3534 3523
f 3549 3543 3542
f 3540 3539 3552
f 3541 3548 3545
f 3546 3550 3542
f 3546 3542 3540
f 3541 3544 3547
f 3549 3523 3534
f 3551 3538 3530
f 3533 3527 3547
f 3549 3528 3523
f 3538 3551 3545
f 3527 3535 3547
f 3546 3552 3531
f 3548 3547 3535
f 3534 3543 3549
f 3532 3552 3551
f 3572 3632 3633 3581
f 3118 3105 3097
f 3563 3631 3632 3572
f 3554 3630 3631 3563
f 3616 3636 3630 3554
f 3580 3581 3590 3589
f 3634 3592 3602
f 3635 3602 3611
f 3571 3572 3581 3580
f 3562 3563 3572 3571
f 3555 3554 3563 3562
f 3617 3616 3554 3555
f 3602 3592 3593 3623
f 3575 3574 3583 3584
f 3623 3603 3602
f 3566 3565 3574 3575
f 3557 3556 3565 3566
f 3618 3556 3557 3619
f 3595 3594 3782 3781
f 3624 3594 3595 3625
f 3604 3624 3625 3605
f 3612 3604 3605 3613
f 3576 3575 3584 3585
f 3567 3566 3575 3576
f 3558 3557 3566 3567
f 3619 3557 3558 3620
f 3613 3605 3606 3614
f 3780 3596 3595
f 3596 3626 3625
f 3626 3765 3770
f 3577 3576 3585 3586
f 3568 3567 3576 3577
f 3559 3558 3567 3568
f 3620 3558 3559 3621
f 3626 3596 3597 3627
f 3779 3597 3596
f 3758 3764 3606 3770
f 3597 3779 3783 3598
f 3586 3587 3577
f 3568 3569 3559
f 3627 3597 3598 3628
f 3607 3627 3628 3608
f 3585 3584 3644 3679
f 3570 3569 3577 3578
f 3560 3559 3569 3570
f 3621 3559 3560 3622
f 3628 3598 3599 3629
f 3783 3599 3598
f 3579 3578 3587 3588
f 3633 3582 3591 3590
f 3578 3579 3570
f 3629 3609 3608
f 600 601 3645
f 3632 3573 3582 3633
f 3631 3564 3573 3632
f 3630 3553 3564 3631
f 3636 3615 3553 3630
f 3644 3584 3583 3646
f 3601 3634 3635
f 3661 600 3665
f 3358 3660 3656 3363
f 600 3645 3674
f 3666 3637 3341
f 3637 3667 3346
f 3659 3368 3363
f 3658 3440 3373 3641
f 3325 3324 3664 3663
f 3660 3358 3352
f 3370 3657 3641 3373
f 3352 3325 3663 3662
f 3368 3659 3657 3370
f 3663 3653 3654 3662
f 3663 3664 3652 3653
f 3662 3654 3655 3660
f 3643 3659 3656
f 674 3440 3658
f 3653 3652 3651 3650
f 3642 3657 3643
f 3653 3650 3649 3654
f 3658 3640 654 674
f 3654 3649 3648 3655
f 3655 3648 3647 3656
f 3637 3666 3673 3669
f 3670 3671 3638
f 3667 3637 3669 3668
f 3671 3670 3589 3590
f 3331 3333 3638
f 3671 3672 3639
f 3672 3652 3664 3639
f 3672 3671 3590 3591
f 3591 3651 3652 3672
f 3639 3638 3671
f 3646 3583 3669
f 3661 3673 689 599
f 687 689 3673
f 3665 3674 3675 3678
f 3678 3675 3676 3677
f 687 3666 3341 325
f 3586 3585 3679 3665
f 3587 3678 3677 3588
f 3650 3687 3686 3649
f 3665 3587 3586
f 3680 3640 3641 3682
f 3649 3686 3685 3648
f 3640 3680 3681 654
f 3647 3685 3684 3643
f 3685 3647 3648
f 3643 3684 3683 3642
f 3642 3683 3682 3641
f 3650 3651 3688 3687
f 3685 3692 3691 3684
f 3684 3691 3690 3683
f 3683 3690 3689 3682
f 3688 3696 3695 3687
f 3687 3695 3694 3686
f 3686 3694 3693 3685
f 3698 3707 3706 3702
f 3702 3697 3698
f 3704 3700 3701
f 3709 3713 3712 3708
f 3709 3704 3705
f 3707 3698 3703
f 3708 4655 3704
f 3710 3706 3707
f 3711 3717 3716 3710
f 3718 3713 3714
f 3720 3719 3716 3717
f 4657 4656 3712
f 3715 3716 3719
f 740 739 3719 3720
f 4657 3712 3721
f 3721 3712 3718
f 742 741 3721 3718
f 3692 3697 3702 3691
f 3691 3702 3706 3690
f 3689 3690 3706 3710
f 3689 3715 3719 3681
f 3689 3710 3715
f 3688 3582 3573 3696
f 3651 3591 3582 3688
f 3696 3725 3724 3695
f 3695 3724 3723 3694
f 3694 3723 3722 3693
f 3784 3750 3755 3785
f 3725 3729 3728 3724
f 3788 3789 3733 3734
f 3724 3728 3727 3723
f 3723 3727 3726 3722
f 3734 3735 3788
f 3787 3773 3750 3784
f 3743 3733 3772 3774
f 3733 4693 4696 3772
f 3729 3739 3738 3728
f 3728 3738 3737 3727
f 3735 3734 3743 3744
f 3727 3737 3736 3726
f 3726 3736 3740 3730
f 3730 3740 3741 3731
f 3772 4696 4694 3774
f 3739 3748 3775 3738
f 3738 3775 3776 3737
f 3737 3776 3777 3736
f 3736 3777 3778 3740
f 3740 3778 3773 3741
f 3757 3756 3763 3764
f 3749 3755 3750
f 4695 3756 3774
f 3756 3757 3751
f 3757 3758 3765
f 3754 3745 3746
f 4695 3763 3756
f 3748 3761 3760 3747
f 3747 3760 3759 3746
f 3770 3606 3605 3625
f 3606 3764 3769 3614
f 3762 3749 3754
f 3762 3767 3755
f 3763 3768 3764
f 3768 3769 3764
f 3627 3607 3765 3626
f 3766 3754 3759
f 3608 3753 3752
f 3608 3752 3771 3607
f 3732 3741 3773 3787
f 3775 3747 3746 3776
f 3747 3775 3748
f 3776 3746 3745 3777
f 3751 3765 3771
f 3777 3745 3749 3778
f 3773 3778 3749 3750
f 3592 3634 3636 3616
f 3621 3783 3779
f 3620 3780 3781
f 3592 3616 3617 3593
f 3615 3636 3634
f 3621 3779 3780
f 3752 3743 3774 3771
f 3619 3781 3782
f 3622 3600 3783
f 3573 3564 3725 3696
f 3564 3553 3729 3725
f 3739 3729 3553 3615
f 3785 3755 3767 3786
f 3748 3739 3615
f 3615 3601 3748
f 3761 3748 3601
f 3601 3610 3761
f 3789 4709 4693 3733
f 3732 3742 3731 3741
f 3753 3608 3609
f 3610 3635 3793 3790
f 3768 3798 3769
f 3794 3759 3760
f 3611 3603 3791
f 3610 3790 3795 3761
f 3796 3762 3766
f 3763 4695 4697 3797
f 3792 3614 3769 3798
f 3614 3792 3613
f 3768 3797 3809 3810
f 3801 3800 3611 3791
f 3806 3760 3795
f 3760 3806 3805 3794
f 3794 3805 3804 3766
f 3766 3804 3807 3796
f 3803 3802 3612 3613
f 3808 3811 3786 3767
f 3796 3807 3808 3767
f 3803 3613 3792 3798
f 3798 3810 3818 3819
f 4697 3809 3797
f 3793 3799 3790
f 3793 3611 3800
f 3814 3813 3802 3803
f 3819 3814 3798
f 3816 3795 3799
f 3812 3815 3793 3800
f 3817 3808 3807
f 3803 3798 3814
f 3805 3828 3827 3804
f 3809 3818 3810
f 3819 3825 3814
f 3799 3820 3830 3816
f 3804 3827 3831 3807
f 3824 3823 3813 3814
f 3799 3815 3826 3820
f 3821 3826 3815 3812
f 3816 3830 3829 3806
f 3809 3832 3818
f 3822 3821 3812 3801
f 3806 3829 3828 3805
f 3854 3842 3853 3863
f 3838 3833 3834
f 3834 3851 3835
f 3836 3837 3833
f 3833 3837 3840
f 3839 3837 3836
f 3840 3847 3848
f 3848 3849 3841
f 3849 3850 3841
f 3869 3844 3845
f 3843 3844 3869
f 3839 3842 3854 3855
f 3844 3843 3856 3857
f 3849 3861 3850
f 3844 3857 3858
f 3861 3862 3850
f 3844 3858 3859
f 3860 3846 3845 3859
f 3852 3851 3862 3561
f 3863 3853 3852 3561
f 3846 3860 3847
f 3849 3848 3866 3867
f 3847 3866 3848
f 3865 3859 3858 3864
f 3849 3867 3861
f 3855 3677 3843
f 3853 3838 3835 3852
f 3862 4799 3868
f 3859 3865 3860
f 3862 3868 3561
f 3579 3854 3863 3570
f 3836 3838 3853
f 3842 3839 3836
f 3837 3869 3845
f 3837 3845 3846
f 3839 3869 3837
f 3588 3855 3854 3579
f 3864 887 888 3871
f 3677 3855 3588
f 3871 3865 3864
f 887 3864 3870
f 3676 3645 3870 3856
f 601 3870 3645
f 4342 4320 4362 4354
f 3561 3868 3622
f 4799 4718 3600
f 3884 3880 4219
f 3922 3875 4214
f 3918 3873 4215
f 3902 3877 3920
f 3921 4258 3879
f 3924 3888 3873
f 4216 3873 3919
f 3922 3910 3916
f 3913 3917 4254
f 3900 3891 3893
f 3912 3911 3894
f 3910 3892 3897
f 3896 3916 3897
f 3892 3905 3897
f 4379 3903 3880
f 3926 3901 3875
f 4380 3942 3909
f 3895 3914 3943
f 3891 3900 3905
f 3941 3929 3915
f 4224 3923 3896
f 3917 3891 4223
f 3915 3927 3938
f 3872 3878 3890
f 4219 4217 3884
f 4220 4222 3919
f 3942 3907 3909
f 3874 3877 3902
f 3939 3906 3907
f 3901 3902 3876
f 3884 3876 3902
f 3923 3926 3916
f 3875 3876 4214
f 3887 3919 3873
f 4251 4255 3885
f 3904 3902 3920
f 3926 3923 3874
f 3885 3925 3928
f 3938 3927 3906
f 4256 3925 3885
f 3924 3918 3911
f 3943 3914 3929
f 3935 3936 3929
f 3934 3935 3914
f 3907 3932 3933
f 3907 3906 3931
f 3927 3937 3931
f 4252 3940 3942
f 4257 3938 3947
f 3930 3941 3945
f 4252 3939 3940
f 3912 3943 3941
f 3949 3895 3944
f 3897 3948 3899
f 3895 3949 3934
f 3934 3949 3950
f 3898 4221 3950
f 3950 4221 3899
f 3950 3905 3900
f 3917 3925 4256
f 3936 3937 3915
f 4385 3985 3962
f 4389 3964 4226
f 3999 3952 4231
f 4005 4000 3953
f 4383 3968 3964
f 3959 3972 3996
f 3989 3993 4267
f 4007 3989 4232
f 3994 4002 3978
f 3991 3990 4230
f 3982 3979 3976
f 3995 3973 3978
f 3978 3980 3981
f 4005 3997 3954
f 3968 4024 3988
f 4028 3976 3992
f 3974 3989 4267
f 3975 4230 3982
f 4023 4008 4003
f 3989 4007 3993
f 4000 3994 4233
f 3969 3960 3957
f 3959 3996 3998
f 3953 3956 3997
f 3966 3955 3983
f 4021 4026 3986
f 4231 3952 3957
f 3998 3967 3951
f 4261 4260 3967
f 4261 3998 3996
f 3983 3956 3961
f 4225 3957 3960
f 4024 4022 3987
f 3954 3997 3983
f 3970 3957 3952
f 3967 3993 4007
f 4026 4020 4006
f 4268 3993 3967
f 4019 4003 4006
f 4232 3995 4004
f 4002 4005 4004
f 4001 3999 3990
f 4025 3992 4008
f 4382 3988 4012
f 4014 4018 4008
f 3979 4013 3976
f 4013 4014 3992
f 4018 4016 4003
f 3987 3986 4009
f 3987 4010 4012
f 3987 4015 4010
f 4006 4017 4009
f 4006 4003 4017
f 4266 4265 4022
f 4383 4266 4024
f 3975 4028 4025
f 4265 4021 4022
f 4264 4270 4020
f 4264 4026 4021
f 3991 4025 4023
f 4270 4019 4020
f 3974 3979 3980
f 3980 3973 3974
f 4269 4023 4019
f 4236 4043 4039
f 4037 4041 4235
f 4239 4073 4030
f 4062 4079 4031
f 4276 4271 4045
f 4277 4276 4044
f 4272 4386 4050
f 4049 4030 4073
f 4274 4046 4041
f 4044 4045 4029
f 4239 4079 4056
f 4078 4052 4062
f 4053 4072 4275
f 4074 4051 4238
f 4054 4069 4060
f 4059 4053 4086
f 4058 4055 4098
f 4043 4065 4064
f 4093 4092 4066
f 4051 4074 4053
f 4056 4062 4057
f 4048 4047 4075
f 4082 4036 4386
f 4237 4075 4037
f 4077 4031 4034
f 4045 4072 4074
f 4234 4081 4033
f 4043 4033 4063
f 4234 4033 4043
f 4049 4048 4030
f 4031 4030 4035
f 4032 4062 4077
f 4048 4075 4035
f 4277 4044 4386
f 4063 4034 4038
f 4095 4093 4076
f 4033 4077 4063
f 4048 4035 4030
f 4240 4078 4032
f 4049 4073 4069
f 4066 4083 4089
f 4087 4091 4071
f 4058 4086 4055
f 4086 4087 4070
f 4091 4088 4071
f 4080 4088 4090
f 4076 4089 4085
f 4080 4090 4083
f 4274 4273 4093
f 4273 4279 4092
f 4278 4070 4094
f 4061 4057 4099
f 4059 4238 4051
f 4096 4060 4100
f 4094 4071 4080
f 4280 4094 4092
f 4125 4388 4110
f 4142 4103 4241
f 4248 4143 4105
f 4282 4281 4112
f 4287 4282 4111
f 4152 4283 4116
f 4144 4105 4143
f 4114 4113 4108
f 4131 4135 4286
f 4138 4118 4117
f 4120 4137 4119
f 4137 4130 4122
f 4130 4129 4117
f 4109 4125 4110
f 4145 4141 4103
f 4159 4158 4127
f 4387 4159 4128
f 4162 4121 4132
f 4118 4138 4131
f 4149 4133 4163
f 4134 4139 4129
f 4248 4102 4130
f 4142 4139 4134
f 4163 4133 4126
f 4125 4245 4388
f 4114 4108 4105
f 4107 4116 4147
f 4244 4140 4109
f 4144 4143 4137
f 4112 4135 4148
f 4140 4124 4125
f 4158 4157 4126
f 4244 4242 4140
f 4102 4145 4134
f 4141 4146 4104
f 4141 4102 4146
f 4138 4148 4135
f 4111 4112 4101
f 4283 4287 4147
f 4124 4104 4245
f 4104 4105 4108
f 4103 4140 4242
f 4141 4124 4140
f 4132 4149 4160
f 4154 4156 4149
f 4153 4154 4132
f 4156 4155 4133
f 4127 4126 4150
f 4128 4127 4151
f 4285 4284 4159
f 4288 4163 4157
f 4120 4162 4161
f 4284 4288 4157
f 4120 4161 4160
f 4121 4164 4165
f 4164 4119 4165
f 4117 4118 4165
f 4148 4138 4247
f 4202 4201 4167
f 4184 4202 4168
f 4192 4191 4187
f 4193 4172 4173
f 4176 4186 4175
f 4182 4174 4205
f 4186 4187 4178
f 4194 4173 4179
f 4178 4179 4181
f 4212 4171 4185
f 4174 4188 4205
f 4172 4193 4188
f 4188 4203 4207
f 4195 4194 4179
f 4191 4197 4179
f 4169 4199 4166
f 4193 4166 4203
f 4184 4200 4199
f 4196 4171 4201
f 4170 4203 4166
f 4209 4198 4185
f 4204 4208 4203
f 4195 4169 4166
f 4195 4197 4184
f 4190 4192 4186
f 4211 4177 4189
f 4205 4207 4189
f 4206 4205 4177
f 4185 4198 4208
f 4176 4211 4210
f 4183 4180 4211
f 4171 4196 4209
f 4183 4175 4178
f 4183 4178 4213
f 4173 4172 4213
f 4201 4202 4191
f 4189 4198 4209
f 4201 4192 4196
f 4166 4193 4195
f 4189 4207 4208
f 4210 4209 4196
f 3928 4214 3872
f 3874 4224 4215
f 3894 3896 4221
f 3911 4224 3896
f 4215 4216 3874
f 4214 4217 3872
f 3878 3872 4217
f 3928 4223 3922
f 4385 4227 3965
f 4384 4226 3963
f 4007 4004 3951
f 4000 4233 4231
f 3999 4233 3977
f 4232 3973 3995
f 3958 3955 4228
f 4231 4225 3956
f 3956 4225 4229
f 3958 3951 3955
f 4007 4232 4004
f 3982 4230 3981
f 3982 3981 3980
f 4237 4235 4040
f 4240 4032 4029
f 4079 4239 4031
f 4034 4035 4075
f 4073 4239 4069
f 4240 4238 4052
f 4060 4056 4061
f 4036 4082 4234
f 4032 4234 4082
f 4034 4031 4035
f 4038 4034 4075
f 4060 4061 4099
f 4247 4241 4101
f 4102 4248 4246
f 4247 4129 4139
f 4143 4248 4137
f 4107 4106 4242
f 4241 4242 4101
f 4165 4119 4122
f 3933 4251 4250
f 3913 4254 3936
f 3893 3913 3935
f 3932 3931 4255
f 3937 4256 4249
f 3887 4252 4258
f 3882 4258 3942
f 3898 3944 3912
f 3924 4257 3947
f 3888 3947 4259
f 3924 3945 4257
f 4254 4256 3937
f 4013 4267 4014
f 4267 4268 4016
f 4012 3996 4263
f 4017 4016 4268
f 4015 4009 4260
f 4010 4261 3996
f 4010 4015 4261
f 4017 4268 4260
f 3969 3970 4265
f 4383 3969 4266
f 3971 4264 4265
f 4001 4269 4270
f 4083 4271 4276
f 4089 4276 4277
f 4087 4275 4091
f 4088 4275 4271
f 4089 4277 4272
f 4047 4048 4273
f 4054 4098 4278
f 4054 4278 4280
f 4048 4049 4279
f 4060 4096 4098
f 4280 4279 4049
f 4150 4281 4282
f 4131 4286 4156
f 4118 4131 4154
f 4151 4150 4282
f 4128 4151 4287
f 4150 4155 4281
f 4114 4115 4284
f 4136 4160 4288
f 4115 4144 4288
f 4119 4162 4120
f 4286 4281 4155
f 4064 4040 4293
f 4382 4291 4292
f 4296 4295 4109
f 4289 3908 4250
f 4296 4110 4243
f 4283 4298 4387
f 4291 4382 4011
f 4298 4283 4152
f 4294 4067 4084
f 3984 3963 4290
f 4297 4108 4113
f 4108 4297 4299
f 3908 4289 4678
f 3903 3881 4326
f 4676 4294 4292
f 4679 4309 4310
f 4314 4315 4337
f 4676 4312 4313
f 4675 4678 4305
f 4313 4316 4621
f 4319 4305 4329
f 4328 4317 4303
f 4316 4313 4312
f 4377 4355 4366 4624
f 4362 4361 4354
f 4361 4362 4363
f 4295 4344 4375 4353
f 4376 4365 4361
f 4624 4623 4687
f 4340 4290 3963
f 4327 4366 4355
f 4350 4304 4326
f 4296 4358 4344
f 4343 4326 4355
f 3825 3819 4403 4395
f 4222 3881 4379
f 3879 3882 4218
f 4250 3890 3889
f 3890 3878 3883
f 3884 3904 4379
f 4380 3909 3908
f 3909 3933 3908
f 4381 4380 3946
f 4220 4218 3881
f 3908 3933 4250
f 3886 3882 4381
f 3966 3985 4385
f 3960 4389 4384
f 3969 4383 4389
f 4047 4274 4037
f 4263 3972 3886
f 4046 4274 4095
f 4067 4068 4085
f 4027 3968 4382
f 4382 4263 4262
f 3961 4229 4384
f 4228 4385 4390
f 3886 3972 4390
f 4084 4085 4272
f 3985 3961 3963
f 4152 4116 4046
f 4065 4038 4040
f 4097 4095 4068
f 4113 4114 4285
f 4046 4116 4041
f 3830 3820 4391 4399
f 4397 3827 3828
f 3831 3827 4397 4400
f 4404 3811 3817 4401
f 3824 4394 3823
f 3831 4400 4401 3817
f 4395 4394 3824 3825
f 3820 3826 4396 4391
f 4392 4396 3826 3821
f 3830 4399 4398 3829
f 4402 3818 3832
f 4393 4392 3821 3822
f 3819 3818 4402 4403
f 4698 4700 4416 3832
f 4415 4401 4400
f 3832 4416 4417 4402
f 4410 4405 4391
f 4396 4392 4406
f 4398 4399 4414 4413
f 4402 4417 4418 4403
f 4392 4393 4407
f 4398 4413 4412 3828
f 3828 4412 4411 4397
f 4400 4397 4411 4415
f 4405 4414 4399
f 4408 3823 4394 4409
f 4419 4404 4401 4415
f 4413 4414 4429 4428
f 4420 4405 4410
f 4406 4421 4410
f 4413 4428 4427 4412
f 4407 4422 4421
f 4412 4427 4426 4411
f 4425 4395 4418
f 4431 4419 4415 4430
f 4420 4429 4414
f 4409 4424 4423
f 4416 4701 4445 4417
f 4395 4425 4424
f 4429 4442 4441 4428
f 4417 4445 4446 4418
f 4422 4434 4433
f 4428 4441 4440 4427
f 4418 4446 4437 4425
f 4427 4440 4439 4426
f 4426 4443 4444 4430
f 4442 4429 4420
f 4424 4436 4435
f 4430 4444 4447
f 4442 4458 4457 4441
f 4425 4437 4436
f 4432 4420 4410
f 4421 4433 4438
f 4461 4701 4702
f 4448 4432 4438
f 4433 4449 4454
f 4461 4462 4445
f 4441 4457 4456 4440
f 4434 4450 4449
f 4463 4446 4445
f 4440 4456 4455 4439
f 4453 4437 4446
f 4432 4448 4458 4442
f 4439 4455 4459 4443
f 4451 4435 4436 4452
f 4464 4447 4444 4460
f 4443 4459 4460 4444
f 4458 4475 4474 4457
f 4437 4453 4452
f 4478 4479 4462
f 4466 4449 4450 4467
f 4457 4474 4473 4456
f 4479 4480 4463
f 4453 4463 4480 4470
f 4456 4473 4472 4455
f 4448 4465 4475 4458
f 4455 4472 4476 4459
f 4469 4468 4451 4452
f 4459 4476 4477 4460
f 4470 4469 4452 4453
f 4454 4471 4465 4448
f 4703 4478 4461
f 4480 4479 4491 4492
f 4449 4466 4471
f 4474 4488 4487 4473
f 4470 4480 4492 4485
f 4484 4483 4468 4469
f 4489 4476 4472
f 4485 4484 4469 4470
f 4478 4703 4704 4490
f 4481 4486 4471 4466
f 4479 4478 4490 4491
f 4482 4481 4466 4467
f 4488 4474 4475
f 4485 4492 4503 4497
f 4472 4498 4500 4489
f 4498 4472 4487
f 4465 4499 4475
f 4496 4495 4483 4484
f 4504 4493 4477 4501
f 4489 4500 4501 4477
f 4497 4496 4484 4485
f 4492 4491 4502 4503
f 4704 4502 4490
f 4481 4482 4494
f 4502 4704 4705 4512
f 4511 4500 4498
f 4465 4486 4509 4505
f 4506 4509 4486 4481
f 4507 4506 4481 4494
f 4512 4513 4502
f 4514 4517 4509 4506
f 4510 4487 4488
f 4521 4501 4511
f 4499 4520 4519 4488
f 4515 4514 4506 4507
f 4705 4706 4529 4512
f 4513 4522 4503
f 4518 4498 4510
f 4505 4520 4499
f 4510 4526 4525 4518
f 4526 4510 4519
f 4522 4524 4497
f 4518 4525 4527 4511
f 4511 4527 4528 4521
f 4516 4496 4523
f 4521 4528 4530
f 4524 4523 4496 4497
f 4520 4536 4535 4519
f 4538 4513 4529
f 4533 4532 4514 4515
f 4513 4538 4539 4522
f 4520 4505 4531 4536
f 4540 4530 4528 4537
f 4526 4544 4543 4525
f 4537 4528 4527
f 4517 4531 4505
f 4517 4514 4532
f 4544 4526 4535
f 4539 4542 4524
f 4525 4543 4545 4527
f 4542 4541 4523 4524
f 4534 4523 4541
f 4706 4707 4546 4529
f 4531 4517 4550 4547
f 4548 4550 4517 4532
f 4555 4548 4532 4533
f 4551 4538 4546
f 4536 4560 4535
f 4545 4543 4573 4562
f 4542 4539 4565 4558
f 4537 4562 4566
f 4563 4546 4707
f 4550 4548 4554
f 4551 4565 4539
f 4560 4559 4544
f 4543 4544 4559 4573
f 4555 4570 4567 4554
f 4355 4378 4320
f 4304 4350 4328
f 4320 4359 4362
f 4311 4363 4325
f 4308 4320 4378
f 4362 4325 4363
f 4575 4326 3881
f 4227 4218 3882
f 4218 4227 4574
f 4042 4226 3964
f 4363 4311 4293
f 4226 4042 4340
f 4353 4293 4295
f 4296 4299 4336
f 4041 4109 4295
f 4235 4041 4295
f 4607 4608 4349 4348
f 4572 4553 4554
f 4170 4166 4577
f 4204 4576 4185
f 4185 4576 4212
f 4578 4168 4167
f 4579 4171 4212
f 4577 4166 4199
f 4580 4199 4200
f 4581 4167 4579
f 4585 4200 4578
f 4204 4170 4583
f 4584 4581 4579
f 4582 4586 4579
f 4588 4578 4584
f 4583 4591 4596
f 4593 4584 4586
f 4596 4590 4576
f 4589 4576 4590
f 4589 4595 4586
f 4594 4585 4588
f 4592 4580 4585
f 4598 4577 4592
f 4599 4593 4595
f 4577 4598 4591
f 4603 4597 4590
f 4589 4590 4597
f 4604 4602 4595
f 4601 4594 4588
f 4600 4588 4593
f 4324 4598 4592
f 4338 4591 4598
f 4609 4610 4608 4607
f 4347 4606 4607
f 4346 4605 4606
f 4611 4612 4610 4609
f 4616 4617 4612 4614
f 4612 4611 4614
f 4356 4688 4625
f 4602 4682 4331 4599
f 4617 4616 4619
f 4617 4619 4330
f 3968 4050 4042
f 4253 3946 4011
f 3946 4678 4291
f 4675 4291 4678
f 4685 4349 4332
f 4319 4332 4334
f 4603 4591 4338
f 3968 4027 4084
f 4046 4097 4152
f 4097 4294 4298
f 4680 4298 4294
f 4321 4312 4310
f 4335 4321 4310
f 4679 4310 4312
f 4292 4084 4027
f 4313 4621 4337
f 4320 4308 4290
f 4597 4603 4339
f 4366 4360 4624
f 4376 4358 4364
f 4364 4367 4376
f 4360 4368 4623
f 4327 4354 4365
f 4354 4361 4365
f 4352 4604 4597
f 4604 4352 4682
f 4374 4369 4622 4322
f 4372 4600 4599
f 4600 4372 4601
f 4368 4625 4688
f 4689 4569 4345 4356
f 4622 4341 4322
f 4336 4314 4341
f 4534 4650 4653 4516
f 4559 4367 4364
f 4650 4534 4549
f 3333 4632 3667 3638
f 4636 4637 3267 3258
f 4632 3333 3332
f 3453 3452 3337
f 3401 3315 3335
f 4633 4634 3315
f 102 104 3172
f 3201 3204 3200
f 3258 3249 4635
f 4638 4637 3265 3277
f 3256 3254 3266 3264
f 4638 3277 3285
f 3293 3296 3295
f 3295 3284 3286
f 3286 3284 3276
f 3638 3667 3668 3670
f 3221 3220 3230
f 3200 3199 3202
f 3200 4639 3199
f 4641 3555 3556 3618
f 4640 3580 3589
f 3565 3562 3571
f 4641 4642 3593 3617
f 4643 4642 3782 3594
f 4644 4643 3594 3624
f 4644 4645 3603 3623
f 3802 4647 4646 3612
f 3604 3612 4645
f 3823 4648 4647 3813
f 3257 3265 4637 4636
f 3343 4632 3342
f 3337 3401 3335
f 3315 3401 4633
f 3164 3163 3179
f 5386 3180 3122
f 3190 3308 3192
f 4639 3204 3190
f 3222 3226 3227
f 4636 4635 3240
f 3278 3267 4637 4638
f 3287 3278 4638 3285
f 3256 3248 3246 3254
f 3287 3285 3295
f 3264 3266 3276
f 4640 3583 3574 3571
f 3248 3231 3237
f 3220 3221 3201
f 3199 4639 3187
f 4639 3192 3395
f 3670 3668 3589
f 3583 4640 3589
f 3618 3782 4642 4641
f 3556 3555 3565
f 3623 3593 4643 4644
f 4642 4643 3593
f 3624 3604 4645 4644
f 4646 3791 3603 4645
f 4647 3801 3791 4646
f 4648 3822 3801 4647
f 4393 3822 4648 4649
f 4366 4373 4571 4572
f 4366 4572 4567
f 4561 4571 4373 4365
f 4654 4655 3703 3699
f 4367 4560 4365
f 4555 4650 4651
f 4657 3717 3711 4656
f 3707 3703 4655
f 4658 3732 3787 4662
f 3717 4657 3720
f 4662 3787 3784 4659
f 4660 3785 3786 4661
f 3785 4660 4659
f 4663 3742 3732 4658
f 4661 3786 3811 4664
f 4404 4419 4665 4664
f 4521 4530 4671 4670
f 4666 4665 4419
f 4667 4666 4431
f 4464 4667 4447
f 4493 4668 4477
f 4670 4669 4504
f 4540 4552 4672 4671
f 4573 4364 4371 4674
f 4628 4673 4566
f 4675 4307 4309 4679
f 4312 4676 4677
f 4306 4305 4678
f 4340 4039 4311
f 4313 4315 4301
f 4325 4359 4340
f 4290 4340 4359
f 4372 4357 4356 4601
f 4301 4315 4113
f 4378 4326 4575
f 4301 4387 4298
f 4304 4302 3880
f 4219 3880 4302
f 4302 4303 3883
f 4317 4318 4681
f 4306 4681 4318
f 4113 4315 4314
f 4303 4681 3889
f 4292 4679 4677
f 4683 4331 4682
f 4357 4372 4331
f 4350 4326 4343
f 4688 4686 4687
f 4674 4699 4369 4628
f 4317 4328 4687 4683
f 4686 4357 4683
f 4350 4343 4377 4687
f 4628 4369 4620 4626
f 4355 4377 4343
f 4322 4330 4370
f 4626 4620 4618 4627
f 4569 4689 4631 4652
f 4629 4627 4618
f 4630 4629 4615
f 4652 4630 4613
f 4330 4322 4337 4621
f 4568 4631 4689
f 4369 4374 4620
f 4346 4345 4569
f 4374 4370 4619
f 4611 4691 4614
f 4691 4611 4609
f 4616 4618 4620
f 4618 4616 4614
f 4614 4691 4690
f 4691 4692 4690
f 4609 4607 4606
f 4692 4606 4605
f 4569 4613 4690
f 4342 4327 4355
f 4327 4342 4354
f 4375 4376 4361
f 4344 4358 4376
f 4330 4621 4316 4617
f 4610 4333 4334 4608
f 4617 4316 4335
f 4335 4612 4617
f 4612 4335 4333
f 4693 4658 4662 4696
f 4608 4334 4332
f 4300 3889 4681
f 4317 4683 4684
f 4655 4654 3700
f 4656 3707 3708
f 3720 3721 740
f 4709 4663 4658 4693
f 4659 4694 4696
f 4659 4695 4694
f 4664 4665 4700 4698
f 4661 4697 4695
f 4622 4369 4699
f 4665 4666 4701 4700
f 4668 4493 4704 4703
f 4702 4701 4666
f 4703 4702 4667
f 4669 4670 4705 4704
f 4670 4671 4706 4705
f 4341 4622 4371 4336
f 4707 4706 4671
f 4708 4707 4672
f 4570 4568 4625
f 4360 4567 4570
f 4516 4653 4710 4508
f 4494 4711 4710 4507
f 4495 4711 4712 4483
f 4467 4713 4712 4482
f 4713 4714 4451 4468
f 4714 4715 4435 4451
f 4653 4515 4507 4710
f 4423 4435 4715
f 4408 4423 4422
f 4711 4495 4508 4710
f 4711 4494 4482 4712
f 4713 4468 4483 4712
f 4467 4450 4714 4713
f 4450 4434 4715 4714
f 4716 4649 3823 4408
f 4422 4715 4434
f 4650 4533 4515 4653
f 4649 4716 4407
f 4682 4352 4685 4684
f 4357 4686 4688
f 4349 4685 4352 4351
f 4348 4349 4351 4339
f 4601 4356 4345 4323
f 4348 4339 4338
f 4338 4324 4346
f 4324 4323 4345
f 4536 4547 4553 4561
f 4556 4557 4717
f 4629 4630 4565
f 4627 4629 4564
f 4708 4626 4627
f 4631 4568 4651 4556
f 4549 4541 4557
f 4541 4542 4558
f 4563 4564 4551
f 4650 4549 4556
f 4673 4672 4566
f 4553 4572 4571
f 4717 4558 4630
f 4570 4651 4568
f 4556 4717 4652
f 4626 4708 4628
f 4553 4571 4561
f 4674 4566 4562
f 4727 3788 3735 4725
f 4684 4685 4329
f 3718 3714 4723
f 4722 4723 3714 3709
f 4718 4720 3629 3600
f 4720 4719 3609 3629
f 3744 3753 4726
f 4719 4726 3753 3609
f 1731 742 3718 4724
f 4730 4729 4719 4720
f 3701 4721 3705
f 4724 4723 4733
f 4737 4727 4725 4734
f 4731 4732 4722 3705
f 4734 4725 3744 4735
f 4735 3744 4726 4736
f 4723 4722 4732
f 4728 4730 4720 4718
f 4729 4736 4726 4719
f 4739 4743 4736 4729
f 4738 4739 4729 4730
f 4742 1750 1731 4724
f 4746 4754 4743 4739
f 4721 4740 4731
f 4736 4743 4735
f 4733 4723 4741
f 4730 4728 4738
f 4747 4746 4739 4738
f 4742 4733 4751
f 4749 4731 4740 4748
f 4755 4744 4734 4752
f 4750 4732 4731 4749
f 4752 4734 4735 4753
f 4753 4735 4743 4754
f 4741 4732 4750
f 4762 4763 4742 4751
f 4754 4746 4757
f 4758 4757 4746 4747
f 4760 4750 4749 4759
f 1750 4742 4763
f 4761 4741 4750 4760
f 4761 4762 4751 4741
f 4756 4758 4747 4745
f 4769 4754 4757 4764
f 4767 4761 4760 4766
f 4748 4765 4759
f 4753 4768 4752
f 4768 4753 4754 4769
f 4770 4771 4758 4756
f 4761 4767 4762
f 4773 4774 4763 4762
f 4776 4755 4752 4775
f 4758 4771 4764
f 4782 4769 4764 4777
f 4759 4772 4766
f 4773 4767 4780
f 4780 4767 4766 4779
f 4765 4778 4772
f 4768 4781 4775
f 4781 4768 4769 4782
f 4787 4781 4782 4788
f 3697 3692 3693 3722
f 4777 4837 4784
f 4780 4796 4773
f 4784 4783 4790
f 4788 4777 4791
f 3868 4799 3600 3622
f 4800 4738 4728 4799
f 4819 4770 4756 4818
f 3861 4800 4799
f 4819 4809 4806
f 4809 4818 4801 4817
f 4756 4801 4818
f 4804 4805 4802 3847
f 1859 1816 4786
f 4803 4807 4808 4810
f 4801 3867 4817
f 4810 1830 1818
f 4810 4808 4813 4814
f 4814 1817 4810
f 1817 1830 4810
f 4801 4745 4738 4800
f 4811 4812 4805 4804
f 3871 1831 1817
f 4814 3871 1817
f 4800 3861 3867 4801
f 4814 4813 3860 3865
f 3867 3866 4802 4817
f 4817 4802 4805 4809
f 4809 4805 4812 4806
f 4804 4808 4807 4811
f 4783 4819 4820
f 4811 4807 4838 4815
f 4775 4821 4789 4776
f 4821 4775 4781
f 1845 4825 4823 4822
f 1848 1844 4824 4825
f 4826 4829 4816 4815
f 4825 1845 1849
f 1848 4825 1849
f 4815 4785 4826
f 4829 4828 4806 4816
f 4820 4806 4828
f 4827 4826 4785 4792
f 4827 4792 4786 4822
f 4832 4831 4787 4788
f 4829 4835 4828
f 4833 4826 4827 4834
f 4826 4833 4835
f 4790 4820 4836
f 4791 4784 4830
f 4823 4834 4827 4822
f 4783 4837 4771 4770
f 4794 4772 4778 4793
f 4777 4771 4837
f 1797 4774 4797
f 4795 4779 4772 4794
f 4786 4792 4803 1818
f 4779 4795 4780
f 4792 4838 4807 4803
f 1818 1859 4786
f 4815 4816 4812 4811
f 4839 4828 4835 4843
f 4840 4834 4823 4824
f 4834 4840 4833
f 1844 1843 2011 2012
f 4836 4828 4839
f 4830 4790 4842
f 4832 4791 4841
f 1855 2010 2011 1843
f 2009 2010 1855 1854
f 2013 2008 1863 1856
f 1854 1863 2009
f 1885 1886 1895 1894
f 1862 2013 1856
f 1802 2028 1862
f 2028 1802 1860
f 4844 4787 4831 4845
f 4798 4789 4821 4844
f 4844 4821 4787
f 4847 4794 4793 4846
f 4797 4773 4848
f 4850 4847 4846 4849
f 4795 4847 4796
f 1941 1810 1853 1942
f 4847 4850 4796
f 4797 4851 1869
f 2026 1879 1866 1873
f 1942 1853 1865
f 1866 1870 1874 1873
f 1871 1872 1876 1875
f 1875 1874 1870
f 1876 1872 1868 1877
f 1868 1869 1878 1877
f 1878 1869 4851 4857
f 4856 4857 4851 4848
f 4796 4855 4856 4848
f 4844 4845 4798
f 4861 4862 4987 4853
f 4863 4990 4989 4862
f 4989 4987 4862
f 4859 4865 4988 4845
f 1895 1886 4864 4872
f 4990 4863 4864
f 4866 4867 4865 4859
f 4871 4872 4864 4863
f 1893 1884 1885 1894
f 1892 1883 1884 1893
f 1890 1881 1882 1891
f 1882 1892 1891
f 1904 1889 1881 1890
f 1889 1904 1896 1888
f 1951 1948 1888 1896
f 1957 1947 1948 1951
f 1947 1957 1953 1949
f 1943 1949 1953 1952
f 4874 4875 4869 4868
f 1952 1954 1945 1943
f 4876 4877 4870 4869
f 4877 4878 4871 4870
f 4878 4879 4872 4871
f 1903 1895 4872 4879
f 4882 4883 4875 4874
f 4883 4884 4876 4875
f 4881 4888 4880 4873
f 4884 4885 4877 4876
f 4885 4886 4878 4877
f 4886 4887 4879 4878
f 1912 1903 4879 4887
f 4889 4890 4883 4882
f 4887 4894 1912
f 4890 4891 4884 4883
f 4891 4892 4885 4884
f 4892 4893 4886 4885
f 4893 4894 4887 4886
f 1926 1912 4894 4901
f 4897 4898 4890 4889
f 4898 4899 4891 4890
f 4896 4902 4895 4881
f 4899 4900 4892 4891
f 4900 4901 4893 4892
f 4905 4906 4899 4898
f 4894 4893 4901
f 4903 4908 4902 4896
f 4906 5007 4900 4899
f 5007 4907 4901 4900
f 4904 4905 4898 4897
f 4901 4907 1926
f 4909 4913 4908 4903
f 4905 4904 4910
f 4917 4914 4991 4841
f 4907 5007 4911
f 1926 4907 4912
f 4919 4918 4842 4992
f 4916 4917 4841 4993
f 4918 4916 4993 4842
f 4920 4921 4915 4914
f 4915 4991 4914
f 4922 4920 4914 4917
f 1978 1980 1983 1979
f 4918 4919 4923
f 1945 1954 1950
f 1984 1982 1974 1979
f 1981 2004 1977 1974
f 4953 4950 4972 4973
f 4931 4930 4927 4923
f 4924 4926 4934
f 4934 4926 4925 4929
f 4929 4925 4927 4930
f 4932 4933 4928 4934
f 4936 4935 4930 4931
f 4938 4933 4932 4937
f 4930 4935 4929
f 4937 4932 4934 4940
f 4940 4934 4929 4939
f 4944 4941 4937 4943
f 4936 4942 4935
f 4921 4866 4859 4915
f 4915 4859 4845
f 4956 4952 4950 4954
f 4950 4953 4954
f 4928 4881 4873 4924
f 4896 4881 4933 4938
f 4928 4933 4881
f 4903 4896 4938 4941
f 4909 4903 4941 4944
f 4948 4976 4977 4947
f 2012 4972 4950
f 4947 4977 4978 4950
f 4946 4979 4976 4948
f 4951 4949 4946 4948
f 4951 4948 4947 4952
f 4947 4950 4952
f 4955 4951 4952 4956
f 1972 1977 4972
f 4925 4916 4918 4927
f 4916 4925 4926 4922
f 4920 4922 4926 4924
f 4924 4873 4866 4921
f 4921 4920 4924
f 4867 4866 4873 4880
f 4960 4957 4949 4955
f 4961 4956 4954 4959
f 4960 4955 4956 4961
f 4959 4954 4953 4958
f 4973 1977 1985
f 4965 4961 4959 4964
f 4974 4973 1985 1991
f 4961 4965 4960
f 4964 4959 4958 4963
f 4969 4965 4964 4967
f 4962 4960 4968
f 4968 4960 4965 4969
f 4975 4974 1991 1997
f 4967 4964 4963 4966
f 4880 4868 4860 4867
f 4963 4958 4973 4974
f 4966 4963 4974 4975
f 4850 4854 4855 4796
f 4849 4852 4853 4850
f 4988 4852 4849 4858
f 4991 4915 4831 4832
f 4845 4988 4858
f 4981 4980 2014 2015
f 4841 4991 4832
f 4987 4989 4855 4854
f 4983 4981 4985
f 4978 2012 4950
f 4857 4864 1878
f 4852 4860 4853
f 3730 3697 3722 3726
f 4990 4856 4855 4989
f 4864 4857 4856 4990
f 4841 4830 4993
f 4839 4979 4992 4836
f 4842 4993 4830
f 4842 4836 4992
f 4979 4839 4843 4976
f 4962 4936 4931 4957
f 4843 4977 4976
f 4868 4869 4861 4860
f 4949 4923 4919 4946
f 4946 4919 4992 4979
f 4942 4936 4962 4970
f 4977 4833 4840 4978
f 4957 4931 4923 4949
f 4862 4861 4869
f 3731 3698 3697 3730
f 3742 3699 3698 3731
f 3699 3742 4663 4654
f 4654 4663 4709 3700
f 3701 3700 3789 3788
f 4709 3789 3700
f 3788 4727 4721 3701
f 4740 4721 4737 4744
f 4727 4737 4721
f 4748 4740 4744 4755
f 4858 4849 4846 4798
f 4755 4776 4765
f 4789 4798 4793
f 1844 2012 4978 4824
f 4865 4860 4852 4988
f 4870 4871 4863 4862
f 4860 4865 4867
f 4888 4874 4868 4880
f 4895 4882 4874 4888
f 4902 4889 4882 4895
f 4908 4897 4889 4902
f 4897 4908 4913 4904
f 4996 4994 4909 4944
f 4967 4971 4969
f 4913 4909 4994 4995
f 4939 4997 4940
f 4945 4969 4971 4998
f 4995 4910 4904 4913
f 4970 4999 4942
f 4999 4970 4968
f 5011 5020 5010 4905
f 5000 4984 4985
f 5002 4968 4945
f 5003 4985 5897
f 5006 5000 5003
f 5008 4935 4942
f 4935 5008 4939
f 4997 4939 5008
f 4906 4905 5009
f 5017 5003 5898
f 5012 4994 4996 5013
f 5023 5021 4910 4995
f 5019 5008 4942
f 4998 5016 4945
f 5008 5019 4997
f 5015 5002 4945
f 5027 4942 4999 5026
f 5023 4995 5012
f 5024 4943 5014
f 5011 4910 5021
f 5028 5006 5017
f 4997 5025 5014
f 5026 4999 5015
f 4943 5024 5013
f 5016 6014 6020 5022
f 5028 5051 6014 5016
f 5052 5033 5899 5900
f 5033 5052 5051
f 5900 5899 5034 5053
f 6015 5038 5029 5023
f 6015 5030 5041 5042
f 5075 5058 5057 5074
f 5067 5065 5081 5083
f 5085 5069 5070
f 5072 5068 5084 5087
f 5082 5076 5059 5066
f 5079 5077 5060 5062
f 5063 5072 5087
f 5083 5084 5068 5067
f 5078 5074 5057 5042
f 5058 5075 5073
f 5042 5060 5077 5078
f 5065 5059 5076 5081
f 5101 5092 5063 5087
f 5096 5097 5084 5083
f 5077 5079 5091
f 5102 5073 5075 5088
f 5081 5076 5089 5094
f 5061 5080 5093 5090
f 5070 5099 5098 5085
f 5092 5093 5080 5063
f 5083 5081 5094 5096
f 5087 5084 5097 5101
f 5901 5902 5099 5070
f 5090 5091 5079 5061
f 5095 5089 5076 5082
f 5094 5089 5104 5110
f 5099 5113 5112 5098
f 5093 5107 5090
f 5088 5074 5103
f 5096 5094 5110 5111
f 5093 5092 5109
f 5902 5903 5113 5099
f 5108 5091 5090 5107
f 5108 5105 5077 5091
f 5106 5103 5074 5078
f 5097 5096 5111
f 5078 5077 5105 5106
f 5120 5105 5108 5122
f 5121 5117 5103 5106
f 5097 5111 5127
f 5116 5088 5118
f 5105 5120 5121 5106
f 5110 5104 5119 5125
f 5117 5118 5088 5103
f 5113 5129 5128 5112
f 5111 5110 5125 5127
f 5109 5123 5124
f 5101 5097 5127 5123
f 5903 5904 5129 5113
f 5126 5119 5104 5095
f 5124 5134 5131 5107
f 5129 5138 5137 5128
f 5134 5124 5123 5133
f 5127 5136 5133 5123
f 5125 5136 5127
f 5904 5905 5138 5129
f 5132 5122 5107 5131
f 5152 5144 5119 5135
f 5119 5126 5135
f 5122 5132 5120
f 5145 5120 5132 5148
f 5133 5154 5149
f 5143 5156 5141 5118
f 5142 5117 5121 5146
f 5120 5145 5146 5121
f 5125 5119 5144 5151
f 5131 5134 5150 5147
f 5142 5143 5118 5117
f 5150 5134 5133 5149
f 5155 5137 5138
f 5136 5125 5151 5153
f 5148 5132 5131 5147
f 5154 5133 5136
f 5157 5158 5143 5142
f 5138 5168 5167 5155
f 5906 5907 5168 5138
f 5150 5149 5163
f 5151 5165 5153
f 5159 5144 5152 5164
f 5160 5145 5148 5162
f 5165 5166 5154 5153
f 5161 5157 5142 5146
f 5156 5143 5158
f 5146 5145 5160 5161
f 5907 5908 5182 5168
f 5185 5163 5166
f 5175 5176 5162 5147
f 5172 5159 5164 5179
f 5176 5173 5160 5162
f 5171 5186 5156 5158
f 5165 5180 5166
f 5161 5160 5173 5174
f 5157 5161 5174
f 5159 5172 5178 5151
f 5147 5150 5177 5175
f 5168 5182 5181 5167
f 5151 5178 5180 5165
f 5172 5187 5192 5178
f 5190 5191 5177 5163
f 5908 5909 5195 5182
f 5187 5172 5179 5193
f 5189 5188 5173 5176
f 5194 5207 5211 5185
f 5201 5187 5193 5205
f 5189 5175 5203
f 5207 5194 5180 5206
f 5185 5211 5190
f 5202 5199 5157 5174
f 5198 5171 5200
f 5187 5201 5204 5192
f 5188 5202 5174
f 5199 5200 5171 5157
f 5191 5203 5175
f 5192 5204 5206 5180
f 5208 5181 5195
f 5213 5210 5198 5200
f 5215 5212 5199 5202
f 5202 5188 5214 5215
f 5191 5219 5216 5203
f 5220 5204 5201
f 5212 5213 5200 5199
f 5219 5191 5190 5218
f 5204 5220 5221 5206
f 5207 5222 5224 5211
f 5216 5217 5189 5203
f 5910 5223 5195
f 5224 5218 5190 5211
f 5217 5214 5188 5189
f 5222 5207 5206 5221
f 5233 5219 5218 5232
f 5222 5236 5240 5224
f 5235 5221 5220
f 5223 5910 5911 5237
f 5230 5231 5217 5216
f 5227 5201 5205 5234
f 5232 5218 5224 5240
f 5231 5228 5214 5217
f 5236 5222 5221 5235
f 5226 5241 5210 5213
f 5229 5225 5212 5215
f 5215 5214 5228 5229
f 5219 5233 5230 5216
f 5225 5226 5213 5212
f 5223 5237 5234 5208
f 5242 5256 5241 5226
f 5229 5228 5244 5245
f 5225 5229 5245
f 5227 5243 5250 5220
f 5233 5249 5246 5230
f 5234 5237 5254 5253
f 5249 5233 5232 5248
f 5236 5252 5255 5240
f 5237 5911 5912 5254
f 5247 5231 5230 5246
f 5243 5227 5234 5251
f 5248 5232 5240 5255
f 5244 5228 5231 5247
f 5264 5249 5248 5263
f 5262 5247 5246 5261
f 5266 5235 5250
f 5259 5244 5247 5262
f 5243 5251 5265
f 5267 5252 5235 5266
f 5258 5270 5256 5242
f 5260 5257 5225 5245
f 5245 5244 5259 5260
f 5249 5264 5261 5246
f 5257 5258 5242 5225
f 2295 2296 2318 2317
f 2296 2293 2315 2318
f 2294 2316 2315 2293
f 2316 2294 2290 2312
f 2290 2291 2313 2312
f 2291 2303 2325 2313
f 2323 2324 2303 2302
f 2303 2324 2325
f 2955 2956 2323 2302
f 2301 2322 2956 2955
f 2285 2321 2322 2301
f 5895 5920 5890 5887
f 2321 2285 2292
f 2292 2314 2321
f 5787 5895 5887 5295
f 5295 5277 5305 5787
f 5275 5282 5264 5274
f 5274 5305 5277
f 5274 5264 5263
f 5282 5275 5296 5283
f 5296 5275 5276 5881
f 2282 2320 2314 2292
f 5250 5243 5279 5285
f 2320 2282 2299
f 5286 5279 5243 5265
f 5253 5254 5287 5286
f 5265 5253 5286
f 5913 5268 5288 5287
f 5288 5268 5269 5289
f 5269 5270 5290 5289
f 5258 5278 5290 5270
f 5285 5279 5293 5298
f 5292 5278 5257 5291
f 5297 5274 5263 5284
f 5274 5277 5276 5275
f 5301 5300 5287
f 5299 5293 5279 5286
f 5296 5294 5280 5283
f 5284 5267 5297
f 5302 5290 5278 5292
f 5298 5293 5303 5306
f 5293 5299 5307
f 5881 5276 5823
f 5780 5773 5782 5790
f 5304 5305 5274 5297
f 5842 5841 5839 5840
f 5306 5308 5298
f 3083 3082 3081
f 3460 3082 3083
f 3090 3095 3088
f 3101 3087 3089
f 3102 3096 3094
f 3097 3105 3082
f 3106 3107 3092
f 5317 5314 5349
f 5345 5347 5324
f 5348 5332 5334
f 5333 5335 5315
f 5331 5351 5330
f 5310 5343 5338
f 5342 5339 5313
f 5339 5341 5313
f 5350 5346 5327
f 5325 5328 5345
f 5315 5318 5333
f 5372 5371 5355
f 5838 5839 5841
f 5375 5366 5368
f 5401 5400 5398 5402
f 5278 5258 5257
f 5376 5374 5364
f 5361 5375 5377
f 5364 5374 5378
f 5377 5379 5359
f 5383 5382 5380
f 3132 3113 3116
f 3115 3113 3396
f 3116 3171 3132
f 3116 60 3171
f 3177 3185 3170
f 3142 3148 3151
f 3148 3142 3144
f 5387 3185 3186
f 3173 3164 104
f 104 103 3173
f 3084 3082 3460
f 3119 3101 3102
f 3139 3131 3105
f 3166 3165 5386
f 3477 3478 3468
f 3491 3478 3477
f 3547 3543 3533
f 3550 3536 3528
f 3552 3532 3537
f 3548 3535 3538
f 3309 280 2448
f 3101 5383 3129
f 3165 3166 3171
f 276 3309 3305
f 5381 3170 5384
f 3310 3188 3305
f 3169 5386 3165
f 5386 3169 3180
f 3122 3134 3127
f 5384 3395 5425
f 3156 5399 3302
f 5399 3156 3303
f 5419 5407 4634 3311
f 5402 5398 5392
f 3154 3148 3153 3143
f 5404 5405 5394
f 5422 5392 5398
f 3113 3133 3396
f 5423 5398 3304
f 5397 3140 3141
f 3154 83 77
f 3154 3151 3148
f 3161 5399 3303
f 3160 5400 5401
f 5404 3309 5405
f 3310 5404 5396
f 3127 5380 5382
f 5419 5408 5395
f 3153 3148 3152
f 3303 3380 3161
f 4633 3394 5409 3311
f 3143 427 3154
f 5412 3406 3405 5413
f 5407 5406 3398
f 3119 5421 5383
f 3192 5389 5388
f 5382 3122 3127
f 3122 5382 3396
f 3305 5404 3310
f 5404 3305 3309
f 3449 5410 2451
f 3406 5412 5411
f 5418 3393 3454 5411
f 5415 5417 5414
f 391 5410 5411
f 5413 3392 5418
f 5413 5417 3392
f 5416 3388 3389 5415
f 5402 5408 5419 5401
f 5408 5389 5403
f 5406 5393 3307
f 5393 5394 3306
f 5407 5419 5395
f 5420 5408 5391
f 5401 5419 3311 5409
f 5408 5402 5391
f 3255 3261 3270 3263
f 5420 5388 5408
f 3118 3130 3141
f 3098 3099 3129
f 3085 3086 3099
f 5398 5400 3159
f 3532 3519 3524
f 3502 3524 3519
f 3493 3480 3479
f 3479 3480 3469
f 3469 3462 3461
f 3149 3301 3302
f 3147 3144 3301
f 3528 3549 3550
f 3541 3540 3542
f 3530 3518 3519
f 3518 3504 3503
f 3504 3494 3493
f 3470 3469 3480
f 3462 3469 3470
f 3471 3473 6022
f 5392 5422 5420
f 5420 5390 5388
f 3184 3196 5426
f 161 3214 3212
f 3170 3189 5384
f 3141 5390 5420
f 5420 5422 3141
f 3184 5385 2467
f 3198 3218 3228
f 3233 3238 3244
f 3239 3244 3251
f 3247 3251 3261
f 3275 3281 3289
f 3289 3298 3294
f 3296 3293 3298
f 3300 3298 266
f 3301 3145 3137 3302
f 3233 3230 3225
f 3228 3225 3220
f 3199 3207 3198
f 5397 3141 5422
f 5423 3139 5397
f 5424 3157 3139
f 3157 5424 3303
f 3157 3303 3156
f 3302 3137 3156
f 3455 5411 5410 3449
f 3145 3301 3144
f 3146 3151 1649
f 3414 3415 5430
f 410 5431 3456
f 3382 3383 5432
f 3404 3407 3411
f 3434 5435 3430
f 3162 3380 5437
f 3380 5436 5437
f 5438 3402 3312
f 3162 3161 3380
f 5553 3378 3402
f 5555 5436 5440
f 5544 5547 5445
f 5548 5442 5449
f 5546 5457 5458
f 5467 5453 5454
f 5459 5451 5440
f 5458 5471 5469
f 5453 5467 5461
f 5465 5459 5440
f 5448 5455 5468
f 5470 5457 5446
f 5456 5469 5468
f 5445 5450 5462
f 5457 5470 5471
f 5462 5444 5441
f 5451 5459 5466
f 5469 5456 5458
f 5461 5481 5475
f 5476 5462 5460
f 5481 5467 5451
f 5480 5474 5442
f 5465 5472 5459
f 5448 5468 5480
f 5479 5478 5464
f 5478 5482 5470
f 5463 5462 5477
f 5465 5442 5474
f 5465 5474 5486
f 5481 5492 5487
f 5529 5482 5495
f 5484 5497 5496
f 5542 5493 5495
f 5513 5535 5516
f 5514 5515 5534
f 5520 5504 5531
f 5517 5510 5500
f 5501 5506 5513
f 5516 5511 5497
f 5507 5508 5512
f 5513 5516 5498
f 5531 5504 5505
f 5512 5513 5507
f 5497 5511 5503
f 5519 5500 5510
f 3425 3432 3433 3428
f 3162 3434 3432 3425
f 3428 3433 3438 3431
f 2548 5518 3443 436
f 3439 5518 3143 3153
f 5415 3403 5416
f 3431 3439 3153
f 437 3143 5518
f 5414 3404 3411 5415
f 3404 5413 3405
f 3404 5414 5413
f 3407 3413 3437 3411
f 3162 5437 5435
f 5471 5482 5483
f 5502 5498 5516
f 5495 5543 5508
f 5492 5504 5523
f 5491 5486 5498
f 5494 5526 5519
f 5490 5486 5474
f 5483 5529 5493
f 5491 5484 5472
f 5527 5526 5494
f 5488 5489 5537
f 5479 5477 5537
f 5488 5537 5477
f 5530 5488 5476
f 5512 5510 5532
f 5535 5513 5532
f 5532 5513 5512
f 5536 5532 5510
f 5538 5534 5531
f 5535 5540 5511
f 5520 5531 5534
f 5539 5541 5528
f 5533 5538 5541
f 5540 5535 5539
f 5540 5503 5511
f 5533 5534 5538
f 5532 5536 5539
f 5502 5497 5484
f 5525 5488 5485
f 5522 5542 5495
f 5504 5492 5505
f 5506 5498 5486
f 5482 5543 5495
f 5487 5492 5523
f 5496 5497 5524
f 5466 5509 5505
f 5503 5524 5497
f 5519 5526 5500
f 5527 5514 5500
f 5520 5521 5523
f 5446 5546 5544
f 3383 3382 5547
f 5442 5548 5549
f 5451 5555 5440
f 5437 5453 5452
f 5558 5455 5549
f 5475 5487 5485
f 5558 5554 5456
f 3383 5547 5544
f 5444 5450 5547
f 5553 5548 5449
f 5552 5546 5550
f 5545 5444 3382
f 5546 5552 5551
f 5548 5553 3402
f 5550 5456 5554
f 5439 5416 5557
f 3381 5437 5556
f 3402 5438 5558
f 5438 5439 5554
f 5517 5514 5534
f 5499 5514 5527
f 5478 5537 5489
f 5464 5463 5479
f 5463 5464 5447
f 5551 3403 5432
f 5432 3403 3411
f 3411 3437 5432
f 3377 5427 3384 3429
f 3413 3407 3412
f 5473 5460 5461
f 5443 5461 5460
f 5545 5452 5443
f 5556 5452 5545
f 3374 3430 3381
f 3429 3430 3377
f 5427 3375 3386 3384
f 3375 3376 3385 3386
f 3385 3376 5429 3446
f 3446 5428 2471 370
f 3409 3416 3415 3408
f 3410 5433 3416 3409
f 410 5434 3447 404
f 5876 5875 5610 5604
f 5751 5310 5559
f 5338 5559 5310
f 5311 5566 5564
f 5572 5561 5564
f 5562 5573 5568
f 5571 5312 5568
f 5563 5560 5570
f 5575 5569 5559
f 5602 5843 5876 5604
f 5770 5847 5843 5602
f 5591 5583 5587
f 5585 5579 5592
f 5379 5590 5580
f 5590 5379 5582
f 5585 5588 5581
f 5583 5578 5587
f 5774 5846 5847 5770
f 5260 5259 5280 5281
f 5589 5586 5577
f 5774 5770 5844
f 5770 5602 5845
f 5577 5601 5584
f 5257 5260 5281
f 5851 5771 5917
f 5867 5838 5863 5864
f 5613 5606 5594
f 5614 5573 5596
f 5602 5604 5856
f 5841 5863 5838
f 5597 5611 5615
f 5615 5609 5593
f 5603 5607 5612
f 5599 5595 5608
f 5639 5619 5621
f 5636 5619 5641
f 5626 5631 5633
f 5625 5642 5629
f 5620 5634 5618
f 5628 5635 5617
f 5653 5649 5644
f 5643 5636 5650
f 5672 5669 5659
f 5660 5670 5673
f 5668 5658 5663
f 5656 5666 5671
f 5657 5667 5672
f 5685 5687 5696
f 5687 5690 5696
f 5682 5678 5675
f 5695 5679 5683
f 5683 5679 5697
f 5689 5690 5703
f 5721 5699 5704
f 5706 5700 5711
f 5707 5704 5699
f 5705 5698 5720
f 5717 5722 5719
f 5728 5724 5713
f 5673 5726 5716
f 5722 5727 5719
f 5714 5725 5723
f 5711 5668 5673
f 5730 5742 5738
f 5739 5737 5731
f 5740 5732 5743
f 5742 5730 5740
f 5729 5741 5739
f 5262 5283 5280 5259
f 5578 5370 5936
f 5940 5941 5699
f 5357 5353 5950
f 5578 5936 5946
f 5614 5608 5571
f 5614 5568 5573
f 5606 6000 5603
f 5615 5672 5667
f 5672 5615 5611
f 5739 5741 5728
f 5719 5737 5739
f 5876 5843 5835 5870
f 5605 5591 5945
f 5355 5936 5360
f 5783 5775 5777 5789
f 5745 5624 5619
f 5849 5845 5856
f 5881 5823 5295 5786
f 5779 5784 5781 5764
f 5277 5823 5276
f 5295 5823 5277
f 5859 5896 5860 5857
f 5781 5784 5893
f 5303 5307 5886
f 5885 5789 5304 5308
f 5771 5780 5791
f 5800 5801 5916 5803
f 5802 5916 5801 5799
f 5786 5295 5785 5896
f 5800 5826 5832 5797
f 5760 5813 5778
f 5826 5273 5827 5832
f 5273 5824 5828 5827
f 5830 5829 5824 5825
f 5810 5814 5815 5812
f 5813 5811 5812
f 5758 5757 5766 5767
f 5768 5761 5758 5767
f 5874 5875 5871 5872
f 5806 5808 5810 5812
f 5764 5754 5756 5765
f 5812 5811 5809
f 5833 5834 5924
f 5765 5756 5755
f 5764 5773 5762 5754
f 5922 5860 5896 5785
f 5773 5769 5762
f 5850 5848 5834
f 5853 5857 5849 5856
f 5847 5836 5835 5843
f 5799 5772 5851 5852
f 5752 5762 5769
f 5752 5763 5753
f 5780 5790 5791
f 5836 5847 5846
f 5891 5892 5307
f 5844 5845 5849
f 5774 5844 5848
f 5854 5855 5873 5879
f 5857 5860 5834 5849
f 5870 5871 5875 5876
f 5790 5782 5892
f 5918 5790 5891
f 5872 5869 5877 5874
f 5878 5877 5869 5868
f 5879 5873 5877 5878
f 5291 5882 5883 5292
f 5882 5291 5281
f 5261 5282 5283 5262
f 5881 5889 5294 5296
f 5289 5301 5288
f 5882 5281 5294 5889
f 5859 5855 5854
f 5308 5306 5893 5885
f 5918 5891 5880
f 5887 5785 5295
f 5878 5883 5879
f 5883 5878 5868 5894
f 5853 5855 5859 5857
f 5785 5887 5890 5922
f 5610 5873 5855 5853
f 5881 5786 5854 5889
f 5787 5305 5789
f 5880 5307 5300
f 5886 5893 5306
f 5267 5285 5298 5297
f 5863 5852 5864
f 5300 5299 5286
f 5778 5788 5759 5760
f 5852 5917 5864
f 5788 5776 5766 5759
f 5917 5919 5865 5864
f 5865 5919 5918 5862
f 5919 5791 5790 5918
f 2962 5861 4981
f 5861 5897 4985
f 5917 5771 5791 5919
f 5880 5858 5862 5918
f 5786 5896 5859 5854
f 5874 5877 5873 5610
f 5922 5778 5813 5924
f 5796 5792 5995
f 5776 5923 5767 5766
f 5777 5923 5895 5787
f 5924 5813 5815 5915
f 5915 5815 5814 5914
f 5797 5793 5794 5798
f 5798 5794 5792
f 5858 5880 5301
f 5852 5863 5916
f 5923 5777 5767
f 5733 5744 5741
f 5734 5738 5953
f 5797 5832 5822 5793
f 5768 5777 5775 5755
f 5832 5827 5816 5822
f 5813 5760 5811
f 5775 5765 5755
f 5817 5816 5827 5828
f 5923 5776 5920 5895
f 5355 5947 5356
f 5604 5610 5853 5856
f 5925 5814 5810 5921
f 5679 5692 5704
f 5689 5701 5705
f 5709 5718 5713
f 5675 5678 5691
f 5697 5679 5700
f 5700 5704 5707
f 5709 5701 5715
f 5708 5719 5715
f 5866 5867 5864 5865
f 5888 5862 5858 5884
f 5865 5862 5866
f 5862 5888 5866
f 5884 5858 5301 5289
f 5890 5920 5788 5922
f 5818 5817 5828 5829
f 5765 5779 5764
f 5829 5830 5819 5818
f 5820 5819 5830 5831
f 5273 5826 5927 5272
f 5826 5800 5803 5927
f 5824 5273 5272
f 5272 5271 5824
f 5926 5925 5825
f 5271 5926 5825
f 5825 5824 5271
f 5927 5803 5842 5930
f 5928 5774 5850
f 5846 5929 5837
f 5925 5926 5933 5934
f 5934 5933 5914
f 5271 5272 5935 5932
f 5933 5928 5850 5914
f 5842 5803 5841
f 5925 5934 5914 5814
f 5929 5846 5931 5932
f 5931 5846 5928 5933
f 5769 5780 5771 5763
f 5840 5930 5842
f 5840 5837 5929
f 5763 5771 5772 5753
f 5921 5808 5805 5821
f 5831 5921 5821
f 5799 5795 5753 5772
f 5570 5560 5750
f 5331 5565 5312
f 5751 5321 5310
f 5323 5343 5344
f 5748 5313 5336
f 5318 5317 5326
f 5314 5317 5341
f 5339 5342 5319
f 5351 5323 5320
f 5351 5348 5334
f 5342 5337 5311
f 5562 5331 5325
f 5332 5746 5327
f 5747 5573 5562
f 5345 5564 5561
f 5564 5345 5311
f 5346 5347 5328
f 5585 5592 5595
f 5372 5584 5601
f 5363 5362 5367
f 5950 5373 5363
f 5356 5369 5354
f 5950 5369 5356
f 5352 5357 5947
f 5936 5370 5360
f 5584 5372 5359
f 5601 5577 5946
f 5946 5577 5586
f 5599 5596 5588
f 5596 5597 5582
f 5600 5590 5582
f 5330 5328 5331
f 5328 5325 5331
f 5808 5806 5807
f 5773 5764 5781 5782
f 5799 5796 5795
f 5796 5799 5801 5798
f 5886 5892 5782
f 5892 5886 5307
f 5299 5300 5307
f 5297 5298 5308
f 5885 5784 5783
f 5800 5797 5798 5801
f 5804 5806 5809 5811
f 5239 5269 5268 5238
f 5760 5804 5811
f 5341 5317 5318
f 5666 5656 5942
f 5661 5653 5654
f 5636 5643 5745
f 5640 5649 5645
f 5620 5635 5628
f 5628 5627 5937
f 5617 5635 5638
f 5642 5622 5645
f 5651 5647 5637
f 5649 5653 5645
f 5653 5661 5657
f 5651 5645 5657
f 5651 5659 5647
f 5661 5671 5667
f 5613 5609 5667
f 5598 5593 5609
f 5590 5600 5593
f 5593 5598 5589
f 5598 5594 5586
f 5589 5580 5593
f 5368 5364 5581
f 5378 5581 5364
f 5378 5358 5579
f 5361 5359 5372
f 5358 5360 5583
f 5360 5370 5578
f 5936 5371 5601
f 5583 5591 5592
f 5591 5605 5595
f 5945 5586 5594
f 5605 5612 5608
f 5575 5571 5608
f 5571 5575 5567
f 5337 5322 5560
f 5343 5323 5312
f 5347 5346 5319
f 5324 5319 5342
f 5641 5626 5623
f 5652 5646 5623
f 5641 5623 5646
f 5663 5652 5648
f 5652 5663 5658
f 5662 5658 5668
f 5668 5723 5665
f 5719 5708 5703
f 5725 5714 5943
f 5938 5702 5716
f 5712 5716 5702
f 5941 5698 5709
f 5720 5698 5940
f 5689 5696 5690
f 5689 5705 5693
f 5952 5674 5691
f 5694 5676 5688
f 5939 5690 5687
f 5704 5692 5674
f 5705 5720 5681
f 5952 5940 5721
f 5941 5943 5714
f 5649 5640 5624
f 5658 5662 5650
f 5662 5655 5643
f 5944 5942 5656
f 5669 5670 5660
f 5253 5265 5251
f 5239 5238 5209 5210
f 5234 5253 5251
f 5205 5193 5181 5208
f 5210 5209 5196 5197
f 5183 5184 5197 5196
f 5179 5164 5167 5181
f 5184 5183 5169 5170
f 5140 5170 5169 5139
f 5164 5152 5155 5167
f 5152 5135 5137 5155
f 5135 5126 5128 5137
f 5130 5115 5140 5139
f 5100 5086 5115 5114
f 5115 5130 5114
f 5126 5095 5112 5128
f 5086 5100 5071
f 5095 5082 5085 5098
f 5095 5098 5112
f 5066 5069 5085 5082
f 5024 5031 5046 5043
f 6016 5013 5024
f 4971 4967 4984 5000
f 5031 5025 5045
f 5006 5028 5016
f 5000 5006 4998
f 4984 4967 4966 4983
f 4983 4966 4975 4980
f 1997 2014 4980 4975
f 5001 5005 5004 4986
f 5004 5005 5018
f 4986 2016 4912 4911
f 5995 5994 5566 5574
f 2016 4982 4912
f 5748 5336 5316
f 5569 5749 5750
f 5322 5751 5750
f 5748 5751 5322
f 5637 5647 5648
f 5946 5945 5587
f 5950 5363 5369
f 5581 5588 5582
f 5573 5951 5597
f 5665 5666 5942
f 5655 5942 5944
f 5620 5621 5638
f 5690 5939 5938
f 5620 5628 5632
f 5726 5727 5722
f 5628 5937 5632
f 5648 5647 5659
f 5745 5944 5644
f 5703 5938 5716
f 5720 5940 5952
f 5678 5694 5688
f 5989 5986 5731
f 5702 5939 5683
f 5709 5713 5943
f 5990 5989 5731
f 5723 5725 5665
f 5671 5666 5606
f 5575 5612 5607
f 6000 5999 5569 5607
f 5759 5757 5997
f 5574 5570 5995
f 5998 5753 5995
f 5749 5569 5999
f 5725 6002 6001 5665
f 6001 5756 5754
f 6011 6009 5819 5820
f 6002 5725 5724
f 5804 5760 5996
f 5576 5566 5994
f 6005 5793 5822
f 6007 5747 5572
f 5816 5817 6008
f 5817 5818 6009
f 5807 5806 6004
f 5805 5807 6004
f 5727 5726 5821
f 5570 5749 5998 5995
f 5951 5573 6009
f 5973 5961 5958
f 5360 5357 5352
f 5966 5956 5965
f 5358 5353 5357
f 5376 5373 5353
f 5373 5376 5365
f 5963 5959 5982
f 5366 5367 5362
f 5964 5969 5970
f 5354 5367 5366
f 5375 5361 5354
f 5361 5372 5356
f 5968 5963 5982
f 5976 5970 5979
f 5972 5977 5980
f 5959 5735 5982
f 5987 5985 5960
f 5987 5976 5979
f 5982 5986 5978
f 5986 5982 5735
f 5982 5978 5967
f 5957 5973 5974
f 5319 5314 5339
f 5973 5964 5960
f 5981 5973 5960
f 5975 5980 5959
f 5981 5960 5985
f 5956 5966 5955
f 5350 5349 5314
f 5349 5350 5329
f 5962 5975 5959
f 5990 5978 5989
f 5986 5989 5978
f 5972 5962 5992
f 5958 5961 5992
f 5746 5335 5326
f 5335 5746 5332
f 5971 5966 5965
f 5348 5315 5335
f 5348 5320 5315
f 5980 5975 5972
f 5991 5967 5978
f 5980 5729 5735
f 5729 5980 5984
f 5966 5971 5957
f 5970 5991 5990
f 5972 5992 5961
f 5983 5953 5984
f 5968 5991 5970
f 5320 5344 5340
f 5344 5321 5316
f 5748 5316 5321
f 5974 5958 5955
f 5735 5731 5986
f 5985 5736 5730
f 5736 5985 5987
f 5979 5954 5732
f 5953 5993 5744
f 6012 5758 5761
f 5757 5758 5997
f 5737 5949 5954
f 5993 5997 6012
f 5794 5994 5995
f 6000 5606 5666 6001
f 5753 5998 5999
f 5999 6000 5762
f 6008 5573 5747 6007
f 5756 6001 6002
f 5755 6002 6003
f 5793 6005 5994
f 6005 6006 5572
f 6007 6006 5822
f 5669 5951 6009 6011
f 5573 6008 6009
f 5737 5719 5727
f 6010 6004 5727
f 6011 5821 5726
f 5744 6012 6003 5724
f 5741 5744 5724
f 5804 5996 5740 5743
f 5742 5759 5997
f 5740 5996 5759
f 5743 5948 6004 5804
f 5737 5948 5949
f 5949 5948 5743
f 6013 5935 5930 5840
f 5932 6013 5840
f 5932 5935 6013
f 5839 5836 5837 5840
f 5835 5836 5839 5838
f 5871 5870 5838 5867
f 5867 5866 5869 5872
f 5868 5866 5888 5894
f 5868 5869 5866
f 5884 5302 5894 5888
f 5268 5913 5912 5238
f 5302 5884 5289
f 5287 5288 5301
f 5264 5282 5261
f 5263 5255 5284
f 5267 5284 5255
f 5239 5256 5270 5269
f 5911 5910 5209 5238
f 5198 5197 5184 5186
f 5241 5239 5210
f 5198 5210 5197
f 5170 5156 5186 5184
f 5115 5116 5141 5140
f 5116 5115 5086 5102
f 5036 6017 5050 5055
f 5073 5086 5054
f 5032 6018 6017 5027
f 5005 5010 5020 5018
f 5009 5005 5001 5007
f 5005 5009 5010
f 5049 6018 6019 5047
f 1939 4912 4982
f 5861 2016 4986
f 5898 5897 5004
f 5047 6019 6020 5040
f 5071 5100 5902 5901
f 5903 5902 5100 5114
f 5114 5130 5904 5903
f 5139 5905 5904 5130
f 5907 5906 5139 5169
f 5906 5905 5139
f 5908 5907 5169 5183
f 5909 5908 5183 5196
f 5910 5909 5196 5209
f 5029 5039 5011 5021
f 5624 5616 5619
f 5639 5641 5619
f 5640 5638 5616
f 5625 5617 5638
f 5627 5617 5625
f 5627 5625 5630
f 5631 5937 5627
f 5626 5641 5639
f 5677 5693 5681
f 5676 5680 5693
f 5680 5694 5686
f 5686 5682 5684
f 5695 5684 5682
f 5679 5675 5691
f 5962 5956 5955
f 5963 5965 5956
f 5963 5968 5965
f 5971 5965 5968
f 5968 5969 5971
f 5957 5971 5969
f 5958 5992 5962
f 5031 5014 5025
f 5014 5031 5024
f 5030 5012 5013
f 5012 5030 5023
f 5039 5037 5020 5011
f 5018 5020 5037 5035
f 5035 5034 5004 5018
f 5898 5004 5034 5899
f 5033 5017 5898 5899
f 5047 5040 5059 5065
f 5017 5033 5028
f 5049 5047 5065 5067
f 5067 5068 5050 5049
f 5055 5050 5068 5072
f 5072 5063 5045 5055
f 5063 5064 5046 5045
f 5043 5046 5064 5061
f 5061 5062 5044 5043
f 5044 5062 5060 5041
f 5038 5057 5058 5039
f 5057 5038 5042
f 5039 5058 5073 5056
f 5069 5051 5052 5070
f 5054 5056 5073
f 5053 5071 5900
f 5069 5066 5048 5051
f 5066 5059 5040 5048
f 6014 5048 5040 6020
f 5034 5035 5054 5053
f 5048 6014 5051
f 5035 5037 5056 5054
f 6016 5044 5041 5030
f 5038 6015 5042
f 5043 5044 6016 5024
f 5049 5050 6017 6018
f 5045 5036 5055
f 6018 5032 5015 6019
f 6019 5015 5022 6020
f 4774 1784 1776 4763
f 3464 3095 6022
f 3464 3093 3095
f 3464 3463 3093
f 3457 3459 3078
f 3085 3461 3462
f 3087 3086 3462
f 3216 159 162
f 3214 157 276
f 5405 2448 2439
f 3871 888 1831
s 2
f 6711 6026 6045 6046
s 3
f 6421 6403 6037 6038
s 2
f 6028 6711 6046 6047
s 3
f 6459 6441 6042 6060
s 2
f 6713 6028 6047 6048
s 3
f 6460 6459 6060 6061
s 2
f 6030 6713 6048 6049
s 3
f 6574 6573 6193 6194
s 2
f 6031 6030 6049 6050
f 6024 6156 6043
s 3
f 6593 6592 6212 6213
s 2
f 6032 6031 6050 6051
f 6025 6024 6043 6044
s 3
f 6497 6479 6080 6098
f 6517 6516 6117 6118
s 2
f 6026 6025 6044 6045
s 3
f 6479 6478 6079 6080
f 6422 6421 6038 6039
s 2
f 6050 6049 6068 6069
f 6043 6156 6062
s 3
f 6611 6593 6213 6231
s 2
f 6051 6050 6069 6070
f 6044 6043 6062 6063
s 3
f 6612 6611 6231 6232
f 6535 6517 6118 6136
s 2
f 6045 6044 6063 6064
s 3
f 6630 6612 6232 6250
f 6536 6056 6535 6137
s 2
f 6046 6045 6064 6065
s 3
f 6554 6536 6137 6174
s 2
f 6047 6046 6065 6066
s 3
f 6555 6554 6174 6175
s 2
f 6048 6047 6066 6067
s 3
f 6573 6555 6175 6193
s 2
f 6049 6048 6067 6068
s 3
f 6592 6574 6194 6212
s 2
f 6069 6068 6087 6088
f 6062 6156 6081
s 3
f 6688 6687 6307 6308
s 2
f 6070 6069 6088 6089
f 6063 6062 6081 6082
s 3
f 6706 6688 6308 6326
f 6631 6630 6250 6251
s 2
f 6064 6063 6082 6083
s 3
f 6707 6706 6326 6327
f 6649 6631 6251 6269
s 2
f 6065 6064 6083 6084
s 3
f 6650 6649 6269 6270
s 2
f 6066 6065 6084 6085
s 3
f 6668 6650 6270 6288
s 2
f 6067 6066 6085 6086
s 3
f 6669 6668 6288 6289
s 2
f 6068 6067 6086 6087
s 3
f 6687 6669 6289 6307
s 2
f 6088 6087 6106 6107
f 6081 6156 6100
s 3
f 6716 6715 6384 6402
s 2
f 6089 6088 6107 6108
f 6082 6081 6100 6101
s 3
f 6718 6716 6402 6403
f 6708 6707 6327 6345
s 2
f 6083 6082 6101 6102
s 3
f 6719 6718 6403 6421
f 6709 6708 6345 6346
s 2
f 6084 6083 6102 6103
s 3
f 6710 6709 6346 6364
s 2
f 6085 6084 6103 6104
s 3
f 6712 6710 6364 6365
s 2
f 6086 6085 6104 6105
s 3
f 6714 6712 6365 6383
s 2
f 6087 6086 6105 6106
s 3
f 6715 6714 6383 6384
s 2
f 6107 6106 6125 6126
f 6100 6156 6119
s 3
f 6040 6036 6478 6479
s 2
f 6108 6107 6126 6127
f 6101 6100 6119 6120
s 3
f 6052 6040 6479 6497
f 6720 6719 6421 6422
s 2
f 6102 6101 6120 6121
s 3
f 6053 6052 6497 6498
f 6724 6720 6422 6440
s 2
f 6103 6102 6121 6122
s 3
f 6725 6724 6440 6441
s 2
f 6104 6103 6122 6123
s 3
f 6034 6725 6441 6459
s 2
f 6105 6104 6123 6124
s 3
f 6035 6034 6459 6460
s 2
f 6106 6105 6124 6125
s 3
f 6036 6035 6460 6478
s 2
f 6126 6125 6144 6145
f 6119 6156 6138
s 3
f 6071 6059 6555 6573
s 2
f 6127 6126 6145 6146
f 6120 6119 6138 6139
s 3
f 6072 6071 6573 6574
f 6054 6053 6498 6516
s 2
f 6121 6120 6139 6140
s 3
f 6073 6072 6574 6592
f 6055 6054 6516 6517
s 2
f 6122 6121 6140 6141
s 3
f 6056 6055 6517 6535
s 2
f 6123 6122 6141 6142
s 3
f 6057 6151 6056 6536
s 2
f 6124 6123 6142 6143
s 3
f 6058 6057 6536 6554
s 2
f 6125 6124 6143 6144
s 3
f 6059 6058 6554 6555
s 2
f 6145 6144 6163 6164
f 6138 6156 6157
s 3
f 6091 6090 6649 6650
s 2
f 6146 6145 6164 6165
f 6139 6138 6157 6158
s 3
f 6092 6091 6650 6668
f 6074 6073 6592 6593
s 2
f 6140 6139 6158 6159
s 3
f 6093 6092 6668 6669
f 6075 6074 6593 6611
s 2
f 6141 6140 6159 6160
s 3
f 6076 6075 6611 6612
s 2
f 6142 6141 6160 6161
s 3
f 6077 6076 6612 6630
s 2
f 6143 6142 6161 6162
s 3
f 6078 6077 6630 6631
s 2
f 6144 6143 6162 6163
s 3
f 6090 6078 6631 6649
s 2
f 6164 6163 6182 6183
f 6157 6156 6176
s 3
f 6171 6170 6076 6077
s 2
f 6165 6164 6183 6184
f 6158 6157 6176 6177
s 3
f 6172 6171 6077 6078
f 6155 6154 6059 6071
s 2
f 6159 6158 6177 6178
s 3
f 6094 6093 6669 6687
f 6166 6155 6071 6072
s 2
f 6160 6159 6178 6179
s 3
f 6167 6166 6072 6073
s 2
f 6161 6160 6179 6180
s 3
f 6168 6167 6073 6074
s 2
f 6162 6161 6180 6181
s 3
f 6169 6168 6074 6075
s 2
f 6163 6162 6181 6182
s 3
f 6170 6169 6075 6076
s 2
f 6183 6182 6201 6202
f 6176 6156 6195
s 3
f 6190 6189 6095 6096
s 2
f 6184 6183 6202 6203
f 6177 6176 6195 6196
s 3
f 6191 6190 6096 6097
f 6173 6172 6078 6090
s 2
f 6178 6177 6196 6197
s 3
f 6095 6094 6687 6688
f 6185 6173 6090 6091
s 2
f 6179 6178 6197 6198
s 3
f 6186 6185 6091 6092
s 2
f 6180 6179 6198 6199
s 3
f 6187 6186 6092 6093
s 2
f 6181 6180 6199 6200
s 3
f 6188 6187 6093 6094
s 2
f 6182 6181 6200 6201
s 3
f 6189 6188 6094 6095
s 2
f 6202 6201 6220 6221
f 6195 6156 6214
s 3
f 6209 6208 6114 6115
s 2
f 6203 6202 6221 6222
f 6196 6195 6214 6215
s 3
f 6210 6209 6115 6116
f 6192 6191 6097 6109
s 2
f 6197 6196 6215 6216
s 3
f 6096 6095 6688 6706
f 6204 6192 6109 6110
s 2
f 6198 6197 6216 6217
s 3
f 6205 6204 6110 6111
s 2
f 6199 6198 6217 6218
s 3
f 6206 6205 6111 6112
s 2
f 6200 6199 6218 6219
s 3
f 6207 6206 6112 6113
s 2
f 6201 6200 6219 6220
s 3
f 6208 6207 6113 6114
s 2
f 6221 6220 6239 6240
f 6214 6156 6233
s 3
f 6228 6227 6133 6134
s 2
f 6222 6221 6240 6241
f 6215 6214 6233 6234
s 3
f 6229 6228 6134 6135
f 6211 6210 6116 6128
s 2
f 6216 6215 6234 6235
s 3
f 6097 6096 6706 6707
f 6223 6211 6128 6129
s 2
f 6217 6216 6235 6236
s 3
f 6224 6223 6129 6130
s 2
f 6218 6217 6236 6237
s 3
f 6225 6224 6130 6131
s 2
f 6219 6218 6237 6238
s 3
f 6226 6225 6131 6132
s 2
f 6220 6219 6238 6239
s 3
f 6227 6226 6132 6133
s 2
f 6240 6239 6258 6259
f 6233 6156 6252
s 3
f 6247 6246 6152 6153
s 2
f 6241 6240 6259 6260
f 6234 6233 6252 6253
s 3
f 6248 6247 6153 6154
f 6230 6229 6135 6147
s 2
f 6235 6234 6253 6254
s 3
f 6109 6097 6707 6708
f 6242 6230 6147 6148
s 2
f 6236 6235 6254 6255
s 3
f 6243 6242 6148 6149
s 2
f 6237 6236 6255 6256
s 3
f 6244 6243 6149 6150
s 2
f 6238 6237 6256 6257
s 3
f 6245 6244 6150 6151
s 2
f 6239 6238 6257 6258
s 3
f 6246 6340 6245 6152
s 2
f 6259 6258 6277 6278
f 6252 6156 6271
s 3
f 6266 6265 6170 6171
s 2
f 6260 6259 6278 6279
f 6253 6252 6271 6272
s 3
f 6267 6266 6171 6172
f 6249 6248 6154 6155
s 2
f 6254 6253 6272 6273
s 3
f 6110 6109 6708 6709
f 6261 6249 6155 6166
s 2
f 6255 6254 6273 6274
s 3
f 6262 6261 6166 6167
s 2
f 6256 6255 6274 6275
s 3
f 6263 6262 6167 6168
s 2
f 6257 6256 6275 6276
s 3
f 6264 6263 6168 6169
s 2
f 6258 6257 6276 6277
s 3
f 6265 6264 6169 6170
s 2
f 6278 6277 6296 6297
f 6271 6156 6290
s 3
f 6285 6284 6189 6190
s 2
f 6279 6278 6297 6298
f 6272 6271 6290 6291
s 3
f 6286 6285 6190 6191
f 6268 6267 6172 6173
s 2
f 6273 6272 6291 6292
s 3
f 6111 6110 6709 6710
f 6280 6268 6173 6185
s 2
f 6274 6273 6292 6293
s 3
f 6281 6280 6185 6186
s 2
f 6275 6274 6293 6294
s 3
f 6282 6281 6186 6187
s 2
f 6276 6275 6294 6295
s 3
f 6283 6282 6187 6188
s 2
f 6277 6276 6295 6296
s 3
f 6284 6283 6188 6189
s 2
f 6297 6296 6315 6316
f 6290 6156 6309
s 3
f 6304 6303 6208 6209
s 2
f 6298 6297 6316 6317
f 6291 6290 6309 6310
s 3
f 6305 6304 6209 6210
f 6287 6286 6191 6192
s 2
f 6292 6291 6310 6311
s 3
f 6112 6111 6710 6712
f 6299 6287 6192 6204
s 2
f 6293 6292 6311 6312
s 3
f 6300 6299 6204 6205
s 2
f 6294 6293 6312 6313
s 3
f 6301 6300 6205 6206
s 2
f 6295 6294 6313 6314
s 3
f 6302 6301 6206 6207
s 2
f 6296 6295 6314 6315
s 3
f 6303 6302 6207 6208
s 2
f 6316 6315 6334 6335
f 6309 6156 6328
s 3
f 6323 6322 6227 6228
s 2
f 6317 6316 6335 6336
f 6310 6309 6328 6329
s 3
f 6324 6323 6228 6229
f 6306 6305 6210 6211
s 2
f 6311 6310 6329 6330
s 3
f 6113 6112 6712 6714
f 6318 6306 6211 6223
s 2
f 6312 6311 6330 6331
s 3
f 6319 6318 6223 6224
s 2
f 6313 6312 6331 6332
s 3
f 6320 6319 6224 6225
s 2
f 6314 6313 6332 6333
s 3
f 6321 6320 6225 6226
s 2
f 6315 6314 6333 6334
s 3
f 6322 6321 6226 6227
s 2
f 6335 6334 6353 6354
f 6328 6156 6347
s 3
f 6342 6341 6246 6247
s 2
f 6336 6335 6354 6355
f 6329 6328 6347 6348
s 3
f 6343 6342 6247 6248
f 6325 6324 6229 6230
s 2
f 6330 6329 6348 6349
s 3
f 6114 6113 6714 6715
f 6337 6325 6230 6242
s 2
f 6331 6330 6349 6350
s 3
f 6338 6337 6242 6243
s 2
f 6332 6331 6350 6351
s 3
f 6339 6338 6243 6244
s 2
f 6333 6332 6351 6352
s 3
f 6340 6339 6244 6245
s 2
f 6334 6333 6352 6353
s 3
f 6341 6435 6340 6246
s 2
f 6354 6353 6372 6373
f 6347 6156 6366
s 3
f 6361 6360 6265 6266
s 2
f 6355 6354 6373 6374
f 6348 6347 6366 6367
s 3
f 6362 6361 6266 6267
f 6344 6343 6248 6249
s 2
f 6349 6348 6367 6368
s 3
f 6115 6114 6715 6716
f 6356 6344 6249 6261
s 2
f 6350 6349 6368 6369
s 3
f 6357 6356 6261 6262
s 2
f 6351 6350 6369 6370
s 3
f 6358 6357 6262 6263
s 2
f 6352 6351 6370 6371
s 3
f 6359 6358 6263 6264
s 2
f 6353 6352 6371 6372
s 3
f 6360 6359 6264 6265
s 2
f 6373 6372 6391 6392
f 6366 6156 6385
s 3
f 6380 6379 6284 6285
s 2
f 6374 6373 6392 6393
f 6367 6366 6385 6386
s 3
f 6381 6380 6285 6286
f 6363 6362 6267 6268
s 2
f 6368 6367 6386 6387
s 3
f 6116 6115 6716 6718
f 6375 6363 6268 6280
s 2
f 6369 6368 6387 6388
s 3
f 6376 6375 6280 6281
s 2
f 6370 6369 6388 6389
s 3
f 6377 6376 6281 6282
s 2
f 6371 6370 6389 6390
s 3
f 6378 6377 6282 6283
s 2
f 6372 6371 6390 6391
s 3
f 6379 6378 6283 6284
s 2
f 6392 6391 6410 6411
f 6385 6156 6404
s 3
f 6399 6398 6303 6304
s 2
f 6393 6392 6411 6412
f 6386 6385 6404 6405
s 3
f 6400 6399 6304 6305
f 6382 6381 6286 6287
s 2
f 6387 6386 6405 6406
s 3
f 6128 6116 6718 6719
f 6394 6382 6287 6299
s 2
f 6388 6387 6406 6407
s 3
f 6395 6394 6299 6300
s 2
f 6389 6388 6407 6408
s 3
f 6396 6395 6300 6301
s 2
f 6390 6389 6408 6409
s 3
f 6397 6396 6301 6302
s 2
f 6391 6390 6409 6410
s 3
f 6398 6397 6302 6303
s 2
f 6411 6410 6429 6430
f 6404 6156 6423
s 3
f 6418 6417 6322 6323
s 2
f 6412 6411 6430 6431
f 6405 6404 6423 6424
s 3
f 6419 6418 6323 6324
f 6401 6400 6305 6306
s 2
f 6406 6405 6424 6425
s 3
f 6129 6128 6719 6720
f 6413 6401 6306 6318
s 2
f 6407 6406 6425 6426
s 3
f 6414 6413 6318 6319
s 2
f 6408 6407 6426 6427
s 3
f 6415 6414 6319 6320
s 2
f 6409 6408 6427 6428
s 3
f 6416 6415 6320 6321
s 2
f 6410 6409 6428 6429
s 3
f 6417 6416 6321 6322
s 2
f 6430 6429 6448 6449
f 6423 6156 6442
s 3
f 6437 6436 6341 6342
s 2
f 6431 6430 6449 6450
f 6424 6423 6442 6443
s 3
f 6438 6437 6342 6343
f 6420 6419 6324 6325
s 2
f 6425 6424 6443 6444
s 3
f 6130 6129 6720 6724
f 6432 6420 6325 6337
s 2
f 6426 6425 6444 6445
s 3
f 6433 6432 6337 6338
s 2
f 6427 6426 6445 6446
s 3
f 6434 6433 6338 6339
s 2
f 6428 6427 6446 6447
s 3
f 6435 6434 6339 6340
s 2
f 6429 6428 6447 6448
s 3
f 6436 6530 6435 6341
s 2
f 6449 6448 6467 6468
f 6442 6156 6461
s 3
f 6456 6455 6360 6361
s 2
f 6450 6449 6468 6469
f 6443 6442 6461 6462
s 3
f 6457 6456 6361 6362
f 6439 6438 6343 6344
s 2
f 6444 6443 6462 6463
s 3
f 6131 6130 6724 6725
f 6451 6439 6344 6356
s 2
f 6445 6444 6463 6464
s 3
f 6452 6451 6356 6357
s 2
f 6446 6445 6464 6465
s 3
f 6453 6452 6357 6358
s 2
f 6447 6446 6465 6466
s 3
f 6454 6453 6358 6359
s 2
f 6448 6447 6466 6467
s 3
f 6455 6454 6359 6360
s 2
f 6468 6467 6486 6487
f 6461 6156 6480
s 3
f 6475 6474 6379 6380
s 2
f 6469 6468 6487 6488
f 6462 6461 6480 6481
s 3
f 6476 6475 6380 6381
f 6458 6457 6362 6363
s 2
f 6463 6462 6481 6482
s 3
f 6132 6131 6725 6034
f 6470 6458 6363 6375
s 2
f 6464 6463 6482 6483
s 3
f 6471 6470 6375 6376
s 2
f 6465 6464 6483 6484
s 3
f 6472 6471 6376 6377
s 2
f 6466 6465 6484 6485
s 3
f 6473 6472 6377 6378
s 2
f 6467 6466 6485 6486
s 3
f 6474 6473 6378 6379
s 2
f 6487 6486 6505 6506
f 6480 6156 6499
s 3
f 6494 6493 6398 6399
s 2
f 6488 6487 6506 6507
f 6481 6480 6499 6500
s 3
f 6495 6494 6399 6400
f 6477 6476 6381 6382
s 2
f 6482 6481 6500 6501
s 3
f 6133 6132 6034 6035
f 6489 6477 6382 6394
s 2
f 6483 6482 6501 6502
s 3
f 6490 6489 6394 6395
s 2
f 6484 6483 6502 6503
s 3
f 6491 6490 6395 6396
s 2
f 6485 6484 6503 6504
s 3
f 6492 6491 6396 6397
s 2
f 6486 6485 6504 6505
s 3
f 6493 6492 6397 6398
s 2
f 6506 6505 6524 6525
f 6499 6156 6518
s 3
f 6513 6512 6417 6418
s 2
f 6507 6506 6525 6526
f 6500 6499 6518 6519
s 3
f 6514 6513 6418 6419
f 6496 6495 6400 6401
s 2
f 6501 6500 6519 6520
s 3
f 6134 6133 6035 6036
f 6508 6496 6401 6413
s 2
f 6502 6501 6520 6521
s 3
f 6509 6508 6413 6414
s 2
f 6503 6502 6521 6522
s 3
f 6510 6509 6414 6415
s 2
f 6504 6503 6522 6523
s 3
f 6511 6510 6415 6416
s 2
f 6505 6504 6523 6524
s 3
f 6512 6511 6416 6417
s 2
f 6525 6524 6543 6544
f 6518 6156 6537
s 3
f 6532 6531 6436 6437
s 2
f 6526 6525 6544 6545
f 6519 6518 6537 6538
s 3
f 6533 6532 6437 6438
f 6515 6514 6419 6420
s 2
f 6520 6519 6538 6539
s 3
f 6135 6134 6036 6040
f 6527 6515 6420 6432
s 2
f 6521 6520 6539 6540
s 3
f 6528 6527 6432 6433
s 2
f 6522 6521 6540 6541
s 3
f 6529 6528 6433 6434
s 2
f 6523 6522 6541 6542
s 3
f 6530 6529 6434 6435
s 2
f 6524 6523 6542 6543
s 3
f 6531 6625 6530 6436
s 2
f 6544 6543 6562 6563
f 6537 6156 6556
s 3
f 6551 6550 6455 6456
s 2
f 6545 6544 6563 6564
f 6538 6537 6556 6557
s 3
f 6552 6551 6456 6457
f 6534 6533 6438 6439
s 2
f 6539 6538 6557 6558
s 3
f 6147 6135 6040 6052
f 6546 6534 6439 6451
s 2
f 6540 6539 6558 6559
s 3
f 6547 6546 6451 6452
s 2
f 6541 6540 6559 6560
s 3
f 6548 6547 6452 6453
s 2
f 6542 6541 6560 6561
s 3
f 6549 6548 6453 6454
s 2
f 6543 6542 6561 6562
s 3
f 6550 6549 6454 6455
s 2
f 6563 6562 6581 6582
f 6556 6156 6575
s 3
f 6570 6569 6474 6475
s 2
f 6564 6563 6582 6583
f 6557 6556 6575 6576
s 3
f 6571 6570 6475 6476
f 6553 6552 6457 6458
s 2
f 6558 6557 6576 6577
s 3
f 6148 6147 6052 6053
f 6565 6553 6458 6470
s 2
f 6559 6558 6577 6578
s 3
f 6566 6565 6470 6471
s 2
f 6560 6559 6578 6579
s 3
f 6567 6566 6471 6472
s 2
f 6561 6560 6579 6580
s 3
f 6568 6567 6472 6473
s 2
f 6562 6561 6580 6581
s 3
f 6569 6568 6473 6474
s 2
f 6582 6581 6600 6601
f 6575 6156 6594
s 3
f 6589 6588 6493 6494
s 2
f 6583 6582 6601 6602
f 6576 6575 6594 6595
s 3
f 6590 6589 6494 6495
f 6572 6571 6476 6477
s 2
f 6577 6576 6595 6596
s 3
f 6149 6148 6053 6054
f 6584 6572 6477 6489
s 2
f 6578 6577 6596 6597
s 3
f 6585 6584 6489 6490
s 2
f 6579 6578 6597 6598
s 3
f 6586 6585 6490 6491
s 2
f 6580 6579 6598 6599
s 3
f 6587 6586 6491 6492
s 2
f 6581 6580 6599 6600
s 3
f 6588 6587 6492 6493
s 2
f 6601 6600 6619 6620
f 6594 6156 6613
s 3
f 6608 6607 6512 6513
s 2
f 6602 6601 6620 6621
f 6595 6594 6613 6614
s 3
f 6609 6608 6513 6514
f 6591 6590 6495 6496
s 2
f 6596 6595 6614 6615
s 3
f 6150 6149 6054 6055
f 6603 6591 6496 6508
s 2
f 6597 6596 6615 6616
s 3
f 6604 6603 6508 6509
s 2
f 6598 6597 6616 6617
s 3
f 6605 6604 6509 6510
s 2
f 6599 6598 6617 6618
s 3
f 6606 6605 6510 6511
s 2
f 6600 6599 6618 6619
s 3
f 6607 6606 6511 6512
s 2
f 6620 6619 6638 6639
f 6613 6156 6632
s 4
f 6642 6627 6629 6644
s 2
f 6621 6620 6639 6640
f 6614 6613 6632 6633
s 4
f 6629 6628 6643 6644
s 3
f 6610 6609 6514 6515
s 2
f 6615 6614 6633 6634
s 3
f 6151 6150 6055 6056
f 6622 6610 6515 6527
s 2
f 6616 6615 6634 6635
s 3
f 6623 6622 6527 6528
s 2
f 6617 6616 6635 6636
s 3
f 6624 6623 6528 6529
s 2
f 6618 6617 6636 6637
s 3
f 6625 6624 6529 6530
s 2
f 6619 6618 6637 6638
s 4
f 6626 6641 6643 6628
s 2
f 6639 6638 6657 6658
f 6632 6156 6651
s 5
f 6663 6648 6647 6662
s 2
f 6640 6639 6658 6659
f 6633 6632 6651 6652
s 5
f 6645 6646 6647 6648
s 4
f 6627 6626 6628 6629
s 2
f 6634 6633 6652 6653
s 3
f 6152 6245 6151 6057
s 4
f 6642 6641 6626 6627
s 2
f 6635 6634 6653 6654
s 4
f 6644 6643 6641 6642
s 2
f 6636 6635 6654 6655
s 5
f 6660 6645 6648 6663
s 2
f 6637 6636 6655 6656
s 5
f 6661 6646 6645 6660
s 2
f 6638 6637 6656 6657
s 5
f 6662 6647 6646 6661
s 2
f 6658 6657 6676 6677
f 6651 6156 6670
s 6
f 6682 6681 6680 6679
s 2
f 6659 6658 6677 6678
f 6652 6651 6670 6671
s 7
f 6698 6683 6686 6701
s 5
f 6663 6662 6661 6660
s 2
f 6653 6652 6671 6672
s 3
f 6153 6152 6057 6058
s 6
f 6679 6664 6667 6682
s 2
f 6654 6653 6672 6673
s 6
f 6680 6665 6664 6679
s 2
f 6655 6654 6673 6674
s 6
f 6681 6666 6665 6680
s 2
f 6656 6655 6674 6675
s 6
f 6682 6667 6666 6681
s 2
f 6657 6656 6675 6676
s 6
f 6664 6665 6666 6667
s 2
f 6677 6676 6695 6696
f 6670 6156 6689
s 8
f 6721 6703 6702 6717
s 2
f 6678 6677 6696 6697
f 6671 6670 6689 6690
s 8
f 6722 6704 6703 6721
s 7
f 6699 6684 6683 6698
s 2
f 6672 6671 6690 6691
s 3
f 6154 6153 6058 6059
s 7
f 6700 6685 6684 6699
s 2
f 6673 6672 6691 6692
s 7
f 6701 6686 6685 6700
s 2
f 6674 6673 6692 6693
s 7
f 6683 6684 6685 6686
s 2
f 6675 6674 6693 6694
s 7
f 6701 6700 6699 6698
s 2
f 6676 6675 6694 6695
s 8
f 6717 6702 6705 6723
s 2
f 6696 6695 6030 6031
f 6689 6156 6024
s 8
f 6723 6722 6721 6717
s 2
f 6697 6696 6031 6032
f 6690 6689 6024 6025
s 3
f 6498 6497 6098 6099
s 8
f 6723 6705 6704 6722
s 2
f 6691 6690 6025 6026
s 3
f 6516 6498 6099 6117
f 6440 6422 6039 6041
s 2
f 6692 6691 6026 6711
s 3
f 6403 6402 6033 6037
s 2
f 6693 6692 6711 6028
s 3
f 6441 6440 6041 6042
s 2
f 6694 6693 6028 6713
s 3
f 6478 6460 6061 6079
s 2
f 6695 6694 6713 6030
s 8
f 6702 6703 6704 6705
s 3
f 6402 6384 6029 6033
f 6384 6383 6027 6029
f 6383 6365 6023 6027
f 6365 6364 6726 6023
f 6364 6346 6727 6726
f 6346 6345 6728 6727
f 6345 6327 6729 6728
f 6327 6326 6730 6729
f 6326 6308 6731 6730
f 6308 6307 6732 6731
f 6307 6289 6733 6732
f 6289 6288 6734 6733
f 6288 6270 6735 6734
f 6270 6269 6736 6735
f 6269 6251 6737 6736
f 6251 6250 6738 6737
f 6250 6232 6739 6738
f 6232 6231 6740 6739
f 6231 6213 6741 6740
f 6213 6212 6742 6741
f 6212 6194 6743 6742
f 6194 6193 6744 6743
f 6193 6175 6745 6744
f 6175 6174 6746 6745
f 6174 6137 6747 6746
f 6137 6535 6136 6747
f 6136 6118 6749 6748
f 6118 6117 6750 6749
f 6117 6099 6751 6750
f 6099 6098 6752 6751
f 6098 6080 6753 6752
f 6080 6079 6754 6753
f 6079 6061 6755 6754
f 6061 6060 6756 6755
f 6060 6042 6757 6756
f 6042 6041 6758 6757
f 6041 6039 6759 6758
f 6039 6038 6760 6759
f 6038 6037 6761 6760
f 6037 6033 6762 6761
f 6033 6029 6763 6762
f 6029 6027 6764 6763
f 6027 6023 6765 6764
f 6023 6726 6766 6765
f 6726 6727 6767 6766
f 6727 6728 6768 6767
f 6728 6729 6769 6768
f 6729 6730 6770 6769
f 6730 6731 6771 6770
f 6731 6732 6772 6771
f 6732 6733 6773 6772
f 6733 6734 6774 6773
f 6734 6735 6775 6774
f 6735 6736 6776 6775
f 6736 6737 6777 6776
f 6737 6738 6778 6777
f 6738 6739 6779 6778
f 6739 6740 6780 6779
f 6740 6741 6781 6780
f 6741 6742 6782 6781
f 6742 6743 6783 6782
f 6743 6744 6784 6783
f 6744 6745 6785 6784
f 6745 6746 6786 6785
f 6746 6747 6787 6786
f 6747 6136 6748 6787
f 6748 6749 6788
f 6749 6750 6788
f 6750 6751 6788
f 6751 6752 6788
f 6752 6753 6788
f 6753 6754 6788
f 6754 6755 6788
f 6755 6756 6788
f 6756 6757 6788
f 6757 6758 6788
f 6758 6759 6788
f 6759 6760 6788
f 6760 6761 6788
f 6761 6762 6788
f 6762 6763 6788
f 6763 6764 6788
f 6764 6765 6788
f 6765 6766 6788
f 6766 6767 6788
f 6767 6768 6788
f 6768 6769 6788
f 6769 6770 6788
f 6770 6771 6788
f 6771 6772 6788
f 6772 6773 6788
f 6773 6774 6788
f 6774 6775 6788
f 6775 6776 6788
f 6776 6777 6788
f 6777 6778 6788
f 6778 6779 6788
f 6779 6780 6788
f 6780 6781 6788
f 6781 6782 6788
f 6782 6783 6788
f 6783 6784 6788
f 6784 6785 6788
f 6785 6786 6788
f 6786 6787 6788
f 6787 6748 6788
s 9
f 6789 6790 6792 6791
f 6791 6792 6796 6795
f 6795 6796 6794 6793
f 6793 6794 6790 6789
f 6791 6795 6793 6789
f 6796 6792 6790 6794
s 10
f 6797 6798 6800 6799
f 6799 6800 6804 6803
f 6803 6804 6802 6801
f 6801 6802 6798 6797
f 6799 6803 6801 6797
f 6804 6800 6798 6802
s 11
f 6805 6806 6846 6845
f 6806 6807 6847 6846
f 6807 6808 6848 6847
f 6808 6809 6849 6848
f 6809 6810 6850 6849
f 6810 6811 6851 6850
f 6811 6812 6852 6851
f 6812 6813 6853 6852
f 6813 6814 6854 6853
f 6814 6815 6855 6854
f 6815 6816 6856 6855
f 6816 6817 6857 6856
f 6817 6818 6858 6857
f 6818 6819 6859 6858
f 6819 6820 6860 6859
f 6820 6821 6861 6860
f 6821 6822 6862 6861
f 6822 6823 6863 6862
f 6823 6824 6864 6863
f 6824 6825 6865 6864
f 6825 6826 6866 6865
f 6826 6827 6867 6866
f 6827 6828 6868 6867
f 6828 6829 6869 6868
f 6829 6830 6870 6869
f 6830 6831 6871 6870
f 6831 6832 6872 6871
f 6832 6833 6873 6872
f 6833 6834 6874 6873
f 6834 6835 6875 6874
f 6835 6836 6876 6875
f 6836 6837 6877 6876
f 6837 6838 6878 6877
f 6838 6839 6879 6878
f 6839 6840 6880 6879
f 6840 6841 6881 6880
f 6841 6842 6882 6881
f 6842 6843 6883 6882
f 6843 6844 6884 6883
f 6844 6805 6845 6884
f 6845 6846 6886 6885
f 6846 6847 6887 6886
f 6847 6848 6888 6887
f 6848 6849 6889 6888
f 6849 6850 6890 6889
f 6850 6851 6891 6890
f 6851 6852 6892 6891
f 6852 6853 6893 6892
f 6853 6854 6894 6893
f 6854 6855 6895 6894
f 6855 6856 6896 6895
f 6856 6857 6897 6896
f 6857 6858 6898 6897
f 6858 6859 6899 6898
f 6859 6860 6900 6899
f 6860 6861 6901 6900
f 6861 6862 6902 6901
f 6862 6863 6903 6902
f 6863 6864 6904 6903
f 6864 6865 6905 6904
f 6865 6866 6906 6905
f 6866 6867 6907 6906
f 6867 6868 6908 6907
f 6868 6869 6909 6908
f 6869 6870 6910 6909
f 6870 6871 6911 6910
f 6871 6872 6912 6911
f 6872 6873 6913 6912
f 6873 6874 6914 6913
f 6874 6875 6915 6914
f 6875 6876 6916 6915
f 6876 6877 6917 6916
f 6877 6878 6918 6917
f 6878 6879 6919 6918
f 6879 6880 6920 6919
f 6880 6881 6921 6920
f 6881 6882 6922 6921
f 6882 6883 6923 6922
f 6883 6884 6924 6923
f 6884 6845 6885 6924
f 6885 6886 6926 6925
f 6886 6887 6927 6926
f 6887 6888 6928 6927
f 6888 6889 6929 6928
f 6889 6890 6930 6929
f 6890 6891 6931 6930
f 6891 6892 6932 6931
f 6892 6893 6933 6932
f 6893 6894 6934 6933
f 6894 6895 6935 6934
f 6895 6896 6936 6935
f 6896 6897 6937 6936
f 6897 6898 6938 6937
f 6898 6899 6939 6938
f 6899 6900 6940 6939
f 6900 6901 6941 6940
f 6901 6902 6942 6941
f 6902 6903 6943 6942
f 6903 6904 6944 6943
f 6904 6905 6945 6944
f 6905 6906 6946 6945
f 6906 6907 6947 6946
f 6907 6908 6948 6947
f 6908 6909 6949 6948
f 6909 6910 6950 6949
f 6910 6911 6951 6950
f 6911 6912 6952 6951
f 6912 6913 6953 6952
f 6913 6914 6954 6953
f 6914 6915 6955 6954
f 6915 6916 6956 6955
f 6916 6917 6957 6956
f 6917 6918 6958 6957
f 6918 6919 6959 6958
f 6919 6920 6960 6959
f 6920 6921 6961 6960
f 6921 6922 6962 6961
f 6922 6923 6963 6962
f 6923 6924 6964 6963
f 6924 6885 6925 6964
f 6925 6926 6966 6965
f 6926 6927 6967 6966
f 6927 6928 6968 6967
f 6928 6929 6969 6968
f 6929 6930 6970 6969
f 6930 6931 6971 6970
f 6931 6932 6972 6971
f 6932 6933 6973 6972
f 6933 6934 6974 6973
f 6934 6935 6975 6974
f 6935 6936 6976 6975
f 6936 6937 6977 6976
f 6937 6938 6978 6977
f 6938 6939 6979 6978
f 6939 6940 6980 6979
f 6940 6941 6981 6980
f 6941 6942 6982 6981
f 6942 6943 6983 6982
f 6943 6944 6984 6983
f 6944 6945 6985 6984
f 6945 6946 6986 6985
f 6946 6947 6987 6986
f 6947 6948 6988 6987
f 6948 6949 6989 6988
f 6949 6950 6990 6989
f 6950 6951 6991 6990
f 6951 6952 6992 6991
f 6952 6953 6993 6992
f 6953 6954 6994 6993
f 6954 6955 6995 6994
f 6955 6956 6996 6995
f 6956 6957 6997 6996
f 6957 6958 6998 6997
f 6958 6959 6999 6998
f 6959 6960 7000 6999
f 6960 6961 7001 7000
f 6961 6962 7002 7001
f 6962 6963 7003 7002
f 6963 6964 7004 7003
f 6964 6925 6965 7004
f 6965 6966 7005
f 6966 6967 7005
f 6967 6968 7005
f 6968 6969 7005
f 6969 6970 7005
f 6970 6971 7005
f 6971 6972 7005
f 6972 6973 7005
f 6973 6974 7005
f 6974 6975 7005
f 6975 6976 7005
f 6976 6977 7005
f 6977 6978 7005
f 6978 6979 7005
f 6979 6980 7005
f 6980 6981 7005
f 6981 6982 7005
f 6982 6983 7005
f 6983 6984 7005
f 6984 6985 7005
f 6985 6986 7005
f 6986 6987 7005
f 6987 6988 7005
f 6988 6989 7005
f 6989 6990 7005
f 6990 6991 7005
f 6991 6992 7005
f 6992 6993 7005
f 6993 6994 7005
f 6994 6995 7005
f 6995 6996 7005
f 6996 6997 7005
f 6997 6998 7005
f 6998 6999 7005
f 6999 7000 7005
f 7000 7001 7005
f 7001 7002 7005
f 7002 7003 7005
f 7003 7004 7005
f 7004 6965 7005
s 12
f 7006 7007 7009 7008
f 7008 7009 7013 7012
f 7012 7013 7011 7010
f 7010 7011 7007 7006
f 7008 7012 7010 7006
f 7013 7009 7007 7011
